#include "lvgl.h"

static const uint8_t startup_civic_logo_map[] = {
    0x00, 0x00, 0x00, 0x00, 0x00, 0x00, 0x00, 0x00, 0x00, 0x00, 0x00, 0x00,
    0x00, 0x00, 0x00, 0x00, 0x00, 0x00, 0x00, 0x00, 0x00, 0x00, 0x00, 0x00,
    0x00, 0x00, 0x00, 0x00, 0x00, 0x00, 0x00, 0x00, 0x00, 0x00, 0x00, 0x00,
    0x00, 0x00, 0x00, 0x00, 0x00, 0x00, 0x00, 0x00, 0x00, 0x00, 0x00, 0x00,
    0x00, 0x00, 0x00, 0x00, 0x00, 0x00, 0x00, 0x00, 0x00, 0x00, 0x00, 0x00,
    0x00, 0x00, 0x00, 0x00, 0x00, 0x00, 0x00, 0x00, 0x00, 0x00, 0x00, 0x00,
    0x00, 0x00, 0x00, 0x00, 0x00, 0x00, 0x00, 0x00, 0x00, 0x00, 0x00, 0x00,
    0x00, 0x00, 0x00, 0x00, 0x00, 0x00, 0x00, 0x00, 0x00, 0x00, 0x00, 0x00,
    0x00, 0x00, 0x00, 0x00, 0x00, 0x00, 0x00, 0x00, 0x00, 0x00, 0x00, 0x00,
    0x00, 0x00, 0x00, 0x00, 0x00, 0x00, 0x00, 0x00, 0x00, 0x00, 0x00, 0x00,
    0x00, 0x00, 0x00, 0x00, 0x00, 0x00, 0x00, 0x00, 0x00, 0x00, 0x00, 0x00,
    0x00, 0x00, 0x00, 0x00, 0x00, 0x00, 0x00, 0x00, 0x00, 0x00, 0x00, 0x00,
    0x00, 0x00, 0x00, 0x00, 0x00, 0x00, 0x00, 0x00, 0x00, 0x00, 0x00, 0x00,
    0x00, 0x00, 0x00, 0x00, 0x00, 0x00, 0x00, 0x00, 0x00, 0x00, 0x00, 0x00,
    0x00, 0x00, 0x00, 0x00, 0x00, 0x00, 0x00, 0x00, 0x00, 0x00, 0x00, 0x00,
    0x00, 0x00, 0x00, 0x00, 0x00, 0x00, 0x00, 0x00, 0x00, 0x00, 0x00, 0x00,
    0x00, 0x00, 0x00, 0x00, 0x00, 0x00, 0x00, 0x00, 0x00, 0x00, 0x00, 0x00,
    0x00, 0x00, 0x00, 0x00, 0x00, 0x00, 0x00, 0x00, 0x00, 0x00, 0x00, 0x00,
    0x00, 0x00, 0x00, 0x00, 0x00, 0x00, 0x00, 0x00, 0x00, 0x00, 0x00, 0x00,
    0x00, 0x00, 0x00, 0x00, 0x00, 0x00, 0x00, 0x00, 0x00, 0x00, 0x00, 0x00,
    0x00, 0x00, 0x00, 0x00, 0x00, 0x00, 0x00, 0x00, 0x00, 0x00, 0x00, 0x00,
    0x00, 0x00, 0x00, 0x00, 0x00, 0x00, 0x00, 0x00, 0x00, 0x00, 0x00, 0x00,
    0x00, 0x00, 0x00, 0x00, 0x00, 0x00, 0x00, 0x00, 0x00, 0x00, 0x00, 0x00,
    0x00, 0x00, 0x00, 0x00, 0x00, 0x00, 0x00, 0x00, 0x00, 0x00, 0x00, 0x00,
    0x00, 0x00, 0x00, 0x00, 0x00, 0x00, 0x00, 0x00, 0x00, 0x00, 0x00, 0x00,
    0x00, 0x00, 0x00, 0x00, 0x00, 0x00, 0x00, 0x00, 0x00, 0x00, 0x00, 0x00,
    0x00, 0x00, 0x00, 0x00, 0x00, 0x00, 0x00, 0x00, 0x00, 0x00, 0x00, 0x00,
    0x00, 0x00, 0x00, 0x00, 0x00, 0x00, 0x00, 0x00, 0x00, 0x00, 0x00, 0x00,
    0x00, 0x00, 0x00, 0x00, 0x00, 0x00, 0x00, 0x00, 0x00, 0x00, 0x00, 0x00,
    0x00, 0x00, 0x00, 0x00, 0x00, 0x00, 0x00, 0x00, 0x00, 0x00, 0x00, 0x00,
    0x00, 0x00, 0x00, 0x00, 0x00, 0x00, 0x00, 0x00, 0x00, 0x00, 0x00, 0x00,
    0x00, 0x00, 0x00, 0x00, 0x00, 0x00, 0x00, 0x00, 0x00, 0x00, 0x00, 0x00,
    0x00, 0x00, 0x00, 0x00, 0x00, 0x00, 0x00, 0x00, 0x00, 0x00, 0x00, 0x00,
    0x00, 0x00, 0x00, 0x00, 0x00, 0x00, 0x00, 0x00, 0x00, 0x00, 0x00, 0x00,
    0x00, 0x00, 0x00, 0x00, 0x00, 0x00, 0x00, 0x00, 0x00, 0x00, 0x00, 0x00,
    0x00, 0x00, 0x00, 0x00, 0x00, 0x00, 0x00, 0x00, 0x00, 0x00, 0x00, 0x00,
    0x00, 0x00, 0x00, 0x00, 0x00, 0x00, 0x00, 0x00, 0x00, 0x00, 0x00, 0x00,
    0x00, 0x00, 0x00, 0x00, 0x00, 0x00, 0x00, 0x00, 0x00, 0x00, 0x00, 0x00,
    0x00, 0x00, 0x00, 0x00, 0x00, 0x00, 0x00, 0x00, 0x00, 0x00, 0x00, 0x00,
    0x00, 0x00, 0x00, 0x00, 0x00, 0x00, 0x00, 0x00, 0x00, 0x00, 0x00, 0x00,
    0x00, 0x00, 0x00, 0x00, 0x00, 0x00, 0x00, 0x00, 0x00, 0x00, 0x00, 0x00,
    0x00, 0x00, 0x00, 0x00, 0x00, 0x00, 0x00, 0x00, 0x00, 0x00, 0x00, 0x00,
    0x00, 0x00, 0x00, 0x00, 0x00, 0x00, 0x00, 0x00, 0x00, 0x00, 0x00, 0x00,
    0x00, 0x00, 0x00, 0x00, 0x00, 0x00, 0x00, 0x00, 0x00, 0x00, 0x00, 0x00,
    0x00, 0x00, 0x00, 0x00, 0x00, 0x00, 0x00, 0x00, 0x00, 0x00, 0x00, 0x00,
    0x00, 0x00, 0x00, 0x00, 0x00, 0x00, 0x00, 0x00, 0x00, 0x00, 0x00, 0x00,
    0x00, 0x00, 0x00, 0x00, 0x00, 0x00, 0x00, 0x00, 0x00, 0x00, 0x00, 0x00,
    0x00, 0x00, 0x00, 0x00, 0x00, 0x00, 0x00, 0x00, 0x00, 0x00, 0x00, 0x00,
    0x00, 0x00, 0x00, 0x00, 0x00, 0x00, 0x00, 0x00, 0x00, 0x00, 0x00, 0x00,
    0x00, 0x00, 0x00, 0x00, 0x00, 0x00, 0x00, 0x00, 0x00, 0x00, 0x00, 0x00,
    0x00, 0x00, 0x00, 0x00, 0x00, 0x00, 0x00, 0x00, 0x00, 0x00, 0x00, 0x00,
    0x00, 0x00, 0x00, 0x00, 0x00, 0x00, 0x00, 0x00, 0x00, 0x00, 0x00, 0x00,
    0x00, 0x00, 0x00, 0x00, 0x00, 0x00, 0x00, 0x00, 0x00, 0x00, 0x00, 0x00,
    0x00, 0x00, 0x00, 0x00, 0x00, 0x00, 0x00, 0x00, 0x00, 0x00, 0x00, 0x00,
    0x55, 0xad, 0x38, 0xc6, 0x38, 0xc6, 0x38, 0xc6, 0x38, 0xc6, 0x38, 0xc6,
    0x38, 0xc6, 0x38, 0xc6, 0x38, 0xc6, 0x38, 0xc6, 0x38, 0xc6, 0x38, 0xc6,
    0x38, 0xc6, 0x38, 0xc6, 0x38, 0xc6, 0x38, 0xc6, 0x38, 0xc6, 0x38, 0xc6,
    0x38, 0xc6, 0x38, 0xc6, 0x38, 0xc6, 0x38, 0xc6, 0x38, 0xc6, 0x38, 0xc6,
    0x38, 0xc6, 0x38, 0xc6, 0x38, 0xc6, 0x38, 0xc6, 0x38, 0xc6, 0x38, 0xc6,
    0x38, 0xc6, 0x38, 0xc6, 0x38, 0xc6, 0x38, 0xc6, 0x38, 0xc6, 0x38, 0xc6,
    0x38, 0xc6, 0x38, 0xc6, 0x38, 0xc6, 0x38, 0xc6, 0x38, 0xc6, 0x38, 0xc6,
    0x38, 0xc6, 0x38, 0xc6, 0x38, 0xc6, 0x38, 0xc6, 0x38, 0xc6, 0x38, 0xc6,
    0x38, 0xc6, 0x38, 0xc6, 0x38, 0xc6, 0x38, 0xc6, 0x38, 0xc6, 0x38, 0xc6,
    0x38, 0xc6, 0x38, 0xc6, 0x38, 0xc6, 0x38, 0xc6, 0x38, 0xc6, 0x38, 0xc6,
    0x38, 0xc6, 0x00, 0x00, 0x00, 0x00, 0x00, 0x00, 0x00, 0x00, 0x00, 0x00,
    0x00, 0x00, 0x00, 0x00, 0x00, 0x00, 0x38, 0xc6, 0x38, 0xc6, 0x38, 0xc6,
    0x38, 0xc6, 0x38, 0xc6, 0x38, 0xc6, 0x38, 0xc6, 0x38, 0xc6, 0x38, 0xc6,
    0x38, 0xc6, 0x38, 0xc6, 0x38, 0xc6, 0x38, 0xc6, 0x38, 0xc6, 0x38, 0xc6,
    0x38, 0xc6, 0x38, 0xc6, 0x38, 0xc6, 0x38, 0xc6, 0x38, 0xc6, 0x38, 0xc6,
    0x38, 0xc6, 0x38, 0xc6, 0x38, 0xc6, 0x38, 0xc6, 0x00, 0x00, 0x00, 0x00,
    0x00, 0x00, 0x00, 0x00, 0x00, 0x00, 0x00, 0x00, 0x00, 0x00, 0x38, 0xc6,
    0x38, 0xc6, 0x38, 0xc6, 0x38, 0xc6, 0x38, 0xc6, 0x38, 0xc6, 0x38, 0xc6,
    0x38, 0xc6, 0x38, 0xc6, 0x38, 0xc6, 0x38, 0xc6, 0x38, 0xc6, 0x38, 0xc6,
    0x38, 0xc6, 0x38, 0xc6, 0x38, 0xc6, 0x38, 0xc6, 0x38, 0xc6, 0x38, 0xc6,
    0x38, 0xc6, 0x38, 0xc6, 0x38, 0xc6, 0x38, 0xc6, 0x38, 0xc6, 0x55, 0xad,
    0x00, 0x00, 0x00, 0x00, 0x00, 0x00, 0x00, 0x00, 0x00, 0x00, 0x00, 0x00,
    0x00, 0x00, 0x00, 0x00, 0x00, 0x00, 0x00, 0x00, 0x00, 0x00, 0x00, 0x00,
    0x00, 0x00, 0x00, 0x00, 0x00, 0x00, 0x00, 0x00, 0x00, 0x00, 0x00, 0x00,
    0x00, 0x00, 0x00, 0x00, 0x00, 0x00, 0x00, 0x00, 0x00, 0x00, 0x00, 0x00,
    0x00, 0x00, 0x00, 0x00, 0x00, 0x00, 0x00, 0x00, 0x00, 0x00, 0x00, 0x00,
    0x00, 0x00, 0x00, 0x00, 0x00, 0x00, 0x00, 0x00, 0x00, 0x00, 0x00, 0x00,
    0x38, 0xc6, 0x38, 0xc6, 0x38, 0xc6, 0x38, 0xc6, 0x38, 0xc6, 0x38, 0xc6,
    0x38, 0xc6, 0x38, 0xc6, 0x38, 0xc6, 0x38, 0xc6, 0x38, 0xc6, 0x38, 0xc6,
    0x38, 0xc6, 0x38, 0xc6, 0x38, 0xc6, 0x38, 0xc6, 0x38, 0xc6, 0x38, 0xc6,
    0x38, 0xc6, 0x38, 0xc6, 0x38, 0xc6, 0x38, 0xc6, 0x59, 0xce, 0x00, 0x00,
    0x00, 0x00, 0x00, 0x00, 0x00, 0x00, 0x38, 0xc6, 0x59, 0xce, 0x59, 0xce,
    0x59, 0xce, 0x59, 0xce, 0x59, 0xce, 0x59, 0xce, 0x59, 0xce, 0x59, 0xce,
    0x59, 0xce, 0x59, 0xce, 0x59, 0xce, 0x59, 0xce, 0x59, 0xce, 0x59, 0xce,
    0x59, 0xce, 0x59, 0xce, 0x59, 0xce, 0x59, 0xce, 0x59, 0xce, 0x59, 0xce,
    0x59, 0xce, 0x59, 0xce, 0x59, 0xce, 0x79, 0xce, 0x00, 0x00, 0x00, 0x00,
    0x00, 0x00, 0x00, 0x00, 0x00, 0x00, 0x00, 0x00, 0x00, 0x00, 0x00, 0x00,
    0x00, 0x00, 0x00, 0x00, 0x00, 0x00, 0x00, 0x00, 0x00, 0x00, 0x00, 0x00,
    0x00, 0x00, 0x00, 0x00, 0x00, 0x00, 0x00, 0x00, 0x00, 0x00, 0xff, 0xff,
    0x59, 0xce, 0x38, 0xc6, 0x38, 0xc6, 0x38, 0xc6, 0x38, 0xc6, 0x38, 0xc6,
    0x38, 0xc6, 0x38, 0xc6, 0x38, 0xc6, 0x38, 0xc6, 0x38, 0xc6, 0x38, 0xc6,
    0x38, 0xc6, 0x38, 0xc6, 0x38, 0xc6, 0x38, 0xc6, 0x38, 0xc6, 0x38, 0xc6,
    0x38, 0xc6, 0x38, 0xc6, 0x38, 0xc6, 0x38, 0xc6, 0x38, 0xc6, 0x38, 0xc6,
    0x38, 0xc6, 0x38, 0xc6, 0x38, 0xc6, 0x38, 0xc6, 0x38, 0xc6, 0x38, 0xc6,
    0x38, 0xc6, 0x38, 0xc6, 0x38, 0xc6, 0x38, 0xc6, 0x38, 0xc6, 0x38, 0xc6,
    0x38, 0xc6, 0x38, 0xc6, 0x38, 0xc6, 0x38, 0xc6, 0x38, 0xc6, 0x38, 0xc6,
    0x38, 0xc6, 0x38, 0xc6, 0x38, 0xc6, 0x38, 0xc6, 0x38, 0xc6, 0x38, 0xc6,
    0x38, 0xc6, 0x38, 0xc6, 0x38, 0xc6, 0x38, 0xc6, 0x38, 0xc6, 0x38, 0xc6,
    0x38, 0xc6, 0x38, 0xc6, 0x38, 0xc6, 0x38, 0xc6, 0x38, 0xc6, 0x38, 0xc6,
    0x00, 0x00, 0x00, 0x00, 0x00, 0x00, 0x00, 0x00, 0x00, 0x00, 0x00, 0x00,
    0x00, 0x00, 0x00, 0x00, 0x00, 0x00, 0x00, 0x00, 0x00, 0x00, 0x00, 0x00,
    0x00, 0x00, 0x38, 0xc6, 0x38, 0xc6, 0x38, 0xc6, 0x38, 0xc6, 0x38, 0xc6,
    0x38, 0xc6, 0x38, 0xc6, 0x38, 0xc6, 0x38, 0xc6, 0x38, 0xc6, 0x38, 0xc6,
    0x38, 0xc6, 0x38, 0xc6, 0x38, 0xc6, 0x38, 0xc6, 0x38, 0xc6, 0x38, 0xc6,
    0x38, 0xc6, 0x38, 0xc6, 0x38, 0xc6, 0x38, 0xc6, 0x38, 0xc6, 0x38, 0xc6,
    0x38, 0xc6, 0x38, 0xc6, 0x38, 0xc6, 0x38, 0xc6, 0x38, 0xc6, 0x38, 0xc6,
    0x38, 0xc6, 0x38, 0xc6, 0x38, 0xc6, 0x38, 0xc6, 0x38, 0xc6, 0x38, 0xc6,
    0x38, 0xc6, 0x38, 0xc6, 0x38, 0xc6, 0x38, 0xc6, 0x38, 0xc6, 0x38, 0xc6,
    0x38, 0xc6, 0x38, 0xc6, 0x38, 0xc6, 0x38, 0xc6, 0x38, 0xc6, 0x38, 0xc6,
    0x38, 0xc6, 0x38, 0xc6, 0x38, 0xc6, 0x38, 0xc6, 0x38, 0xc6, 0x38, 0xc6,
    0x38, 0xc6, 0x38, 0xc6, 0x38, 0xc6, 0x38, 0xc6, 0x38, 0xc6, 0x38, 0xc6,
    0x38, 0xc6, 0x38, 0xc6, 0x38, 0xc6, 0x38, 0xc6, 0x38, 0xc6, 0x00, 0x00,
    0x00, 0x00, 0x00, 0x00, 0x00, 0x00, 0x00, 0x00, 0x00, 0x00, 0x00, 0x00,
    0x00, 0x00, 0x38, 0xc6, 0x38, 0xc6, 0x38, 0xc6, 0x38, 0xc6, 0x38, 0xc6,
    0x38, 0xc6, 0x38, 0xc6, 0x38, 0xc6, 0x38, 0xc6, 0x38, 0xc6, 0x38, 0xc6,
    0x38, 0xc6, 0x38, 0xc6, 0x38, 0xc6, 0x38, 0xc6, 0x38, 0xc6, 0x38, 0xc6,
    0x38, 0xc6, 0x38, 0xc6, 0x38, 0xc6, 0x38, 0xc6, 0x38, 0xc6, 0x38, 0xc6,
    0x38, 0xc6, 0x38, 0xc6, 0x00, 0x00, 0x00, 0x00, 0x00, 0x00, 0x00, 0x00,
    0x00, 0x00, 0x00, 0x00, 0x00, 0x00, 0x38, 0xc6, 0x38, 0xc6, 0x38, 0xc6,
    0x38, 0xc6, 0x38, 0xc6, 0x38, 0xc6, 0x38, 0xc6, 0x38, 0xc6, 0x38, 0xc6,
    0x38, 0xc6, 0x38, 0xc6, 0x38, 0xc6, 0x38, 0xc6, 0x38, 0xc6, 0x38, 0xc6,
    0x38, 0xc6, 0x38, 0xc6, 0x38, 0xc6, 0x38, 0xc6, 0x38, 0xc6, 0x38, 0xc6,
    0x38, 0xc6, 0x38, 0xc6, 0x38, 0xc6, 0x38, 0xc6, 0x00, 0x00, 0x00, 0x00,
    0x00, 0x00, 0x00, 0x00, 0x00, 0x00, 0x00, 0x00, 0x00, 0x00, 0x00, 0x00,
    0x00, 0x00, 0x00, 0x00, 0x00, 0x00, 0x00, 0x00, 0x00, 0x00, 0x00, 0x00,
    0x00, 0x00, 0x00, 0x00, 0x00, 0x00, 0x00, 0x00, 0x00, 0x00, 0x00, 0x00,
    0x00, 0x00, 0x00, 0x00, 0x00, 0x00, 0x00, 0x00, 0x00, 0x00, 0x00, 0x00,
    0x00, 0x00, 0x00, 0x00, 0x00, 0x00, 0x00, 0x00, 0x00, 0x00, 0x00, 0x00,
    0x00, 0x00, 0x00, 0x00, 0x00, 0x00, 0x38, 0xc6, 0x38, 0xc6, 0x38, 0xc6,
    0x38, 0xc6, 0x38, 0xc6, 0x38, 0xc6, 0x38, 0xc6, 0x38, 0xc6, 0x38, 0xc6,
    0x38, 0xc6, 0x38, 0xc6, 0x38, 0xc6, 0x38, 0xc6, 0x38, 0xc6, 0x38, 0xc6,
    0x38, 0xc6, 0x38, 0xc6, 0x38, 0xc6, 0x38, 0xc6, 0x38, 0xc6, 0x38, 0xc6,
    0x38, 0xc6, 0x38, 0xc6, 0xf7, 0xbd, 0x00, 0x00, 0x00, 0x00, 0x00, 0x00,
    0x00, 0x00, 0x38, 0xc6, 0x38, 0xc6, 0x38, 0xc6, 0x38, 0xc6, 0x38, 0xc6,
    0x38, 0xc6, 0x38, 0xc6, 0x38, 0xc6, 0x38, 0xc6, 0x38, 0xc6, 0x38, 0xc6,
    0x38, 0xc6, 0x38, 0xc6, 0x38, 0xc6, 0x38, 0xc6, 0x38, 0xc6, 0x38, 0xc6,
    0x38, 0xc6, 0x38, 0xc6, 0x38, 0xc6, 0x38, 0xc6, 0x38, 0xc6, 0x38, 0xc6,
    0x38, 0xc6, 0x38, 0xc6, 0x00, 0x00, 0x00, 0x00, 0x00, 0x00, 0x00, 0x00,
    0x00, 0x00, 0x00, 0x00, 0x00, 0x00, 0x00, 0x00, 0x00, 0x00, 0x00, 0x00,
    0x00, 0x00, 0x00, 0x00, 0x00, 0x00, 0x00, 0x00, 0x00, 0x00, 0x00, 0x00,
    0xba, 0xd6, 0x59, 0xce, 0x38, 0xc6, 0x38, 0xc6, 0x38, 0xc6, 0x38, 0xc6,
    0x38, 0xc6, 0x38, 0xc6, 0x38, 0xc6, 0x38, 0xc6, 0x38, 0xc6, 0x38, 0xc6,
    0x38, 0xc6, 0x38, 0xc6, 0x38, 0xc6, 0x38, 0xc6, 0x38, 0xc6, 0x38, 0xc6,
    0x38, 0xc6, 0x38, 0xc6, 0x38, 0xc6, 0x38, 0xc6, 0x38, 0xc6, 0x38, 0xc6,
    0x38, 0xc6, 0x38, 0xc6, 0x38, 0xc6, 0x38, 0xc6, 0x38, 0xc6, 0x38, 0xc6,
    0x38, 0xc6, 0x38, 0xc6, 0x38, 0xc6, 0x38, 0xc6, 0x38, 0xc6, 0x38, 0xc6,
    0x38, 0xc6, 0x38, 0xc6, 0x38, 0xc6, 0x38, 0xc6, 0x38, 0xc6, 0x38, 0xc6,
    0x38, 0xc6, 0x38, 0xc6, 0x38, 0xc6, 0x38, 0xc6, 0x38, 0xc6, 0x38, 0xc6,
    0x38, 0xc6, 0x38, 0xc6, 0x38, 0xc6, 0x38, 0xc6, 0x38, 0xc6, 0x38, 0xc6,
    0x38, 0xc6, 0x38, 0xc6, 0x38, 0xc6, 0x38, 0xc6, 0x38, 0xc6, 0x38, 0xc6,
    0x38, 0xc6, 0x38, 0xc6, 0x38, 0xc6, 0x38, 0xc6, 0x00, 0x00, 0x00, 0x00,
    0x00, 0x00, 0x00, 0x00, 0x00, 0x00, 0x00, 0x00, 0x00, 0x00, 0x00, 0x00,
    0x00, 0x00, 0x00, 0x00, 0x00, 0x00, 0xf7, 0xbd, 0x38, 0xc6, 0x38, 0xc6,
    0x38, 0xc6, 0x38, 0xc6, 0x38, 0xc6, 0x38, 0xc6, 0x38, 0xc6, 0x38, 0xc6,
    0x38, 0xc6, 0x38, 0xc6, 0x38, 0xc6, 0x38, 0xc6, 0x38, 0xc6, 0x38, 0xc6,
    0x38, 0xc6, 0x38, 0xc6, 0x38, 0xc6, 0x38, 0xc6, 0x38, 0xc6, 0x38, 0xc6,
    0x38, 0xc6, 0x38, 0xc6, 0x38, 0xc6, 0x38, 0xc6, 0x38, 0xc6, 0x38, 0xc6,
    0x38, 0xc6, 0x38, 0xc6, 0x38, 0xc6, 0x38, 0xc6, 0x38, 0xc6, 0x38, 0xc6,
    0x38, 0xc6, 0x38, 0xc6, 0x38, 0xc6, 0x38, 0xc6, 0x38, 0xc6, 0x38, 0xc6,
    0x38, 0xc6, 0x38, 0xc6, 0x38, 0xc6, 0x38, 0xc6, 0x38, 0xc6, 0x38, 0xc6,
    0x38, 0xc6, 0x38, 0xc6, 0x38, 0xc6, 0x38, 0xc6, 0x38, 0xc6, 0x38, 0xc6,
    0x38, 0xc6, 0x38, 0xc6, 0x38, 0xc6, 0x38, 0xc6, 0x38, 0xc6, 0x38, 0xc6,
    0x38, 0xc6, 0x38, 0xc6, 0x38, 0xc6, 0x38, 0xc6, 0x38, 0xc6, 0x38, 0xc6,
    0x38, 0xc6, 0x38, 0xc6, 0x38, 0xc6, 0x00, 0x00, 0x00, 0x00, 0x00, 0x00,
    0x00, 0x00, 0x00, 0x00, 0x00, 0x00, 0x00, 0x00, 0x00, 0x00, 0x38, 0xc6,
    0x38, 0xc6, 0x38, 0xc6, 0x38, 0xc6, 0x38, 0xc6, 0x38, 0xc6, 0x38, 0xc6,
    0x38, 0xc6, 0x38, 0xc6, 0x38, 0xc6, 0x38, 0xc6, 0x38, 0xc6, 0x38, 0xc6,
    0x38, 0xc6, 0x38, 0xc6, 0x38, 0xc6, 0x38, 0xc6, 0x38, 0xc6, 0x38, 0xc6,
    0x38, 0xc6, 0x38, 0xc6, 0x38, 0xc6, 0x38, 0xc6, 0x38, 0xc6, 0x38, 0xc6,
    0x00, 0x00, 0x00, 0x00, 0x00, 0x00, 0x00, 0x00, 0x00, 0x00, 0x00, 0x00,
    0x00, 0x00, 0x38, 0xc6, 0x38, 0xc6, 0x38, 0xc6, 0x38, 0xc6, 0x38, 0xc6,
    0x38, 0xc6, 0x38, 0xc6, 0x38, 0xc6, 0x38, 0xc6, 0x38, 0xc6, 0x38, 0xc6,
    0x38, 0xc6, 0x38, 0xc6, 0x38, 0xc6, 0x38, 0xc6, 0x38, 0xc6, 0x38, 0xc6,
    0x38, 0xc6, 0x38, 0xc6, 0x38, 0xc6, 0x38, 0xc6, 0x38, 0xc6, 0x38, 0xc6,
    0x38, 0xc6, 0x38, 0xc6, 0x00, 0x00, 0x00, 0x00, 0x00, 0x00, 0x00, 0x00,
    0x00, 0x00, 0x00, 0x00, 0x00, 0x00, 0x00, 0x00, 0x00, 0x00, 0x00, 0x00,
    0x00, 0x00, 0x00, 0x00, 0x00, 0x00, 0x00, 0x00, 0x00, 0x00, 0x00, 0x00,
    0x00, 0x00, 0x00, 0x00, 0x00, 0x00, 0x00, 0x00, 0x00, 0x00, 0x00, 0x00,
    0x00, 0x00, 0x00, 0x00, 0x00, 0x00, 0x00, 0x00, 0x00, 0x00, 0x00, 0x00,
    0x00, 0x00, 0x00, 0x00, 0x00, 0x00, 0x00, 0x00, 0x00, 0x00, 0x00, 0x00,
    0x38, 0xc6, 0x38, 0xc6, 0x38, 0xc6, 0x38, 0xc6, 0x38, 0xc6, 0x38, 0xc6,
    0x38, 0xc6, 0x38, 0xc6, 0x38, 0xc6, 0x38, 0xc6, 0x38, 0xc6, 0x38, 0xc6,
    0x38, 0xc6, 0x38, 0xc6, 0x38, 0xc6, 0x38, 0xc6, 0x38, 0xc6, 0x38, 0xc6,
    0x38, 0xc6, 0x38, 0xc6, 0x38, 0xc6, 0x38, 0xc6, 0x38, 0xc6, 0x38, 0xc6,
    0x00, 0x00, 0x00, 0x00, 0x00, 0x00, 0x00, 0x00, 0x00, 0x00, 0x38, 0xc6,
    0x38, 0xc6, 0x38, 0xc6, 0x38, 0xc6, 0x38, 0xc6, 0x38, 0xc6, 0x38, 0xc6,
    0x38, 0xc6, 0x38, 0xc6, 0x38, 0xc6, 0x38, 0xc6, 0x38, 0xc6, 0x38, 0xc6,
    0x38, 0xc6, 0x38, 0xc6, 0x38, 0xc6, 0x38, 0xc6, 0x38, 0xc6, 0x38, 0xc6,
    0x38, 0xc6, 0x38, 0xc6, 0x38, 0xc6, 0x38, 0xc6, 0x38, 0xc6, 0x38, 0xc6,
    0x00, 0x00, 0x00, 0x00, 0x00, 0x00, 0x00, 0x00, 0x00, 0x00, 0x00, 0x00,
    0x00, 0x00, 0x00, 0x00, 0x00, 0x00, 0x00, 0x00, 0x00, 0x00, 0x00, 0x00,
    0x00, 0x00, 0x00, 0x00, 0x55, 0xad, 0x38, 0xc6, 0x38, 0xc6, 0x38, 0xc6,
    0x38, 0xc6, 0x38, 0xc6, 0x38, 0xc6, 0x38, 0xc6, 0x38, 0xc6, 0x38, 0xc6,
    0x38, 0xc6, 0x38, 0xc6, 0x38, 0xc6, 0x38, 0xc6, 0x38, 0xc6, 0x38, 0xc6,
    0x38, 0xc6, 0x38, 0xc6, 0x38, 0xc6, 0x38, 0xc6, 0x38, 0xc6, 0x38, 0xc6,
    0x38, 0xc6, 0x38, 0xc6, 0x38, 0xc6, 0x38, 0xc6, 0x38, 0xc6, 0x38, 0xc6,
    0x38, 0xc6, 0x38, 0xc6, 0x38, 0xc6, 0x38, 0xc6, 0x38, 0xc6, 0x38, 0xc6,
    0x38, 0xc6, 0x38, 0xc6, 0x38, 0xc6, 0x38, 0xc6, 0x38, 0xc6, 0x38, 0xc6,
    0x38, 0xc6, 0x38, 0xc6, 0x38, 0xc6, 0x38, 0xc6, 0x38, 0xc6, 0x38, 0xc6,
    0x38, 0xc6, 0x38, 0xc6, 0x38, 0xc6, 0x38, 0xc6, 0x38, 0xc6, 0x38, 0xc6,
    0x38, 0xc6, 0x38, 0xc6, 0x38, 0xc6, 0x38, 0xc6, 0x38, 0xc6, 0x38, 0xc6,
    0x38, 0xc6, 0x38, 0xc6, 0x38, 0xc6, 0x38, 0xc6, 0x38, 0xc6, 0x38, 0xc6,
    0x38, 0xc6, 0x38, 0xc6, 0x00, 0x00, 0x00, 0x00, 0x00, 0x00, 0x00, 0x00,
    0x00, 0x00, 0x00, 0x00, 0x00, 0x00, 0x00, 0x00, 0x00, 0x00, 0x00, 0x00,
    0x38, 0xc6, 0x38, 0xc6, 0x38, 0xc6, 0x38, 0xc6, 0x38, 0xc6, 0x38, 0xc6,
    0x38, 0xc6, 0x38, 0xc6, 0x38, 0xc6, 0x38, 0xc6, 0x38, 0xc6, 0x38, 0xc6,
    0x38, 0xc6, 0x38, 0xc6, 0x38, 0xc6, 0x38, 0xc6, 0x38, 0xc6, 0x38, 0xc6,
    0x38, 0xc6, 0x38, 0xc6, 0x38, 0xc6, 0x38, 0xc6, 0x38, 0xc6, 0x38, 0xc6,
    0x38, 0xc6, 0x38, 0xc6, 0x38, 0xc6, 0x38, 0xc6, 0x38, 0xc6, 0x38, 0xc6,
    0x38, 0xc6, 0x38, 0xc6, 0x38, 0xc6, 0x38, 0xc6, 0x38, 0xc6, 0x38, 0xc6,
    0x38, 0xc6, 0x38, 0xc6, 0x38, 0xc6, 0x38, 0xc6, 0x38, 0xc6, 0x38, 0xc6,
    0x38, 0xc6, 0x38, 0xc6, 0x38, 0xc6, 0x38, 0xc6, 0x38, 0xc6, 0x38, 0xc6,
    0x38, 0xc6, 0x38, 0xc6, 0x38, 0xc6, 0x38, 0xc6, 0x38, 0xc6, 0x38, 0xc6,
    0x38, 0xc6, 0x38, 0xc6, 0x38, 0xc6, 0x38, 0xc6, 0x38, 0xc6, 0x38, 0xc6,
    0x38, 0xc6, 0x38, 0xc6, 0x38, 0xc6, 0x38, 0xc6, 0x38, 0xc6, 0x38, 0xc6,
    0x38, 0xc6, 0x00, 0x00, 0x00, 0x00, 0x00, 0x00, 0x00, 0x00, 0x00, 0x00,
    0x00, 0x00, 0x00, 0x00, 0x00, 0x00, 0x38, 0xc6, 0x38, 0xc6, 0x38, 0xc6,
    0x38, 0xc6, 0x38, 0xc6, 0x38, 0xc6, 0x38, 0xc6, 0x38, 0xc6, 0x38, 0xc6,
    0x38, 0xc6, 0x38, 0xc6, 0x38, 0xc6, 0x38, 0xc6, 0x38, 0xc6, 0x38, 0xc6,
    0x38, 0xc6, 0x38, 0xc6, 0x38, 0xc6, 0x38, 0xc6, 0x38, 0xc6, 0x38, 0xc6,
    0x38, 0xc6, 0x38, 0xc6, 0x38, 0xc6, 0x38, 0xc6, 0x00, 0x00, 0x00, 0x00,
    0x00, 0x00, 0x00, 0x00, 0x00, 0x00, 0x00, 0x00, 0x00, 0x00, 0x38, 0xc6,
    0x38, 0xc6, 0x38, 0xc6, 0x38, 0xc6, 0x38, 0xc6, 0x38, 0xc6, 0x38, 0xc6,
    0x38, 0xc6, 0x38, 0xc6, 0x38, 0xc6, 0x38, 0xc6, 0x38, 0xc6, 0x38, 0xc6,
    0x38, 0xc6, 0x38, 0xc6, 0x38, 0xc6, 0x38, 0xc6, 0x38, 0xc6, 0x38, 0xc6,
    0x38, 0xc6, 0x38, 0xc6, 0x38, 0xc6, 0x38, 0xc6, 0x38, 0xc6, 0x38, 0xc6,
    0x00, 0x00, 0x00, 0x00, 0x00, 0x00, 0x00, 0x00, 0x00, 0x00, 0x00, 0x00,
    0x00, 0x00, 0x00, 0x00, 0x00, 0x00, 0x00, 0x00, 0x00, 0x00, 0x00, 0x00,
    0x00, 0x00, 0x00, 0x00, 0x00, 0x00, 0x00, 0x00, 0x00, 0x00, 0x00, 0x00,
    0x00, 0x00, 0x00, 0x00, 0x00, 0x00, 0x00, 0x00, 0x00, 0x00, 0x00, 0x00,
    0x00, 0x00, 0x00, 0x00, 0x00, 0x00, 0x00, 0x00, 0x00, 0x00, 0x00, 0x00,
    0x00, 0x00, 0x00, 0x00, 0x00, 0x00, 0x38, 0xc6, 0x38, 0xc6, 0x38, 0xc6,
    0x38, 0xc6, 0x38, 0xc6, 0x38, 0xc6, 0x38, 0xc6, 0x38, 0xc6, 0x38, 0xc6,
    0x38, 0xc6, 0x38, 0xc6, 0x38, 0xc6, 0x38, 0xc6, 0x38, 0xc6, 0x38, 0xc6,
    0x38, 0xc6, 0x38, 0xc6, 0x38, 0xc6, 0x38, 0xc6, 0x38, 0xc6, 0x38, 0xc6,
    0x38, 0xc6, 0x38, 0xc6, 0x79, 0xce, 0x00, 0x00, 0x00, 0x00, 0x00, 0x00,
    0x00, 0x00, 0x00, 0x00, 0x00, 0x00, 0x38, 0xc6, 0x38, 0xc6, 0x38, 0xc6,
    0x38, 0xc6, 0x38, 0xc6, 0x38, 0xc6, 0x38, 0xc6, 0x38, 0xc6, 0x38, 0xc6,
    0x38, 0xc6, 0x38, 0xc6, 0x38, 0xc6, 0x38, 0xc6, 0x38, 0xc6, 0x38, 0xc6,
    0x38, 0xc6, 0x38, 0xc6, 0x38, 0xc6, 0x38, 0xc6, 0x38, 0xc6, 0x38, 0xc6,
    0x38, 0xc6, 0x38, 0xc6, 0x38, 0xc6, 0x38, 0xc6, 0x00, 0x00, 0x00, 0x00,
    0x00, 0x00, 0x00, 0x00, 0x00, 0x00, 0x00, 0x00, 0x00, 0x00, 0x00, 0x00,
    0x00, 0x00, 0x00, 0x00, 0x00, 0x00, 0x00, 0x00, 0x00, 0x00, 0x38, 0xc6,
    0x38, 0xc6, 0x38, 0xc6, 0x38, 0xc6, 0x38, 0xc6, 0x38, 0xc6, 0x38, 0xc6,
    0x38, 0xc6, 0x38, 0xc6, 0x38, 0xc6, 0x38, 0xc6, 0x38, 0xc6, 0x38, 0xc6,
    0x38, 0xc6, 0x38, 0xc6, 0x38, 0xc6, 0x38, 0xc6, 0x38, 0xc6, 0x38, 0xc6,
    0x38, 0xc6, 0x38, 0xc6, 0x38, 0xc6, 0x38, 0xc6, 0x38, 0xc6, 0x38, 0xc6,
    0x38, 0xc6, 0x38, 0xc6, 0x38, 0xc6, 0x38, 0xc6, 0x38, 0xc6, 0x38, 0xc6,
    0x38, 0xc6, 0x38, 0xc6, 0x38, 0xc6, 0x38, 0xc6, 0x38, 0xc6, 0x38, 0xc6,
    0x38, 0xc6, 0x38, 0xc6, 0x38, 0xc6, 0x38, 0xc6, 0x38, 0xc6, 0x38, 0xc6,
    0x38, 0xc6, 0x38, 0xc6, 0x38, 0xc6, 0x38, 0xc6, 0x38, 0xc6, 0x38, 0xc6,
    0x38, 0xc6, 0x38, 0xc6, 0x38, 0xc6, 0x38, 0xc6, 0x38, 0xc6, 0x38, 0xc6,
    0x38, 0xc6, 0x38, 0xc6, 0x38, 0xc6, 0x38, 0xc6, 0x38, 0xc6, 0x38, 0xc6,
    0x38, 0xc6, 0x38, 0xc6, 0x38, 0xc6, 0x38, 0xc6, 0x38, 0xc6, 0x38, 0xc6,
    0x00, 0x00, 0x00, 0x00, 0x00, 0x00, 0x00, 0x00, 0x00, 0x00, 0x00, 0x00,
    0x00, 0x00, 0x00, 0x00, 0x00, 0x00, 0x38, 0xc6, 0x38, 0xc6, 0x38, 0xc6,
    0x38, 0xc6, 0x38, 0xc6, 0x38, 0xc6, 0x38, 0xc6, 0x38, 0xc6, 0x38, 0xc6,
    0x38, 0xc6, 0x38, 0xc6, 0x38, 0xc6, 0x38, 0xc6, 0x38, 0xc6, 0x38, 0xc6,
    0x38, 0xc6, 0x38, 0xc6, 0x38, 0xc6, 0x38, 0xc6, 0x38, 0xc6, 0x38, 0xc6,
    0x38, 0xc6, 0x38, 0xc6, 0x38, 0xc6, 0x38, 0xc6, 0x38, 0xc6, 0x38, 0xc6,
    0x38, 0xc6, 0x38, 0xc6, 0x38, 0xc6, 0x38, 0xc6, 0x38, 0xc6, 0x38, 0xc6,
    0x38, 0xc6, 0x38, 0xc6, 0x38, 0xc6, 0x38, 0xc6, 0x38, 0xc6, 0x38, 0xc6,
    0x38, 0xc6, 0x38, 0xc6, 0x38, 0xc6, 0x38, 0xc6, 0x38, 0xc6, 0x38, 0xc6,
    0x38, 0xc6, 0x38, 0xc6, 0x38, 0xc6, 0x38, 0xc6, 0x38, 0xc6, 0x38, 0xc6,
    0x38, 0xc6, 0x38, 0xc6, 0x38, 0xc6, 0x38, 0xc6, 0x38, 0xc6, 0x38, 0xc6,
    0x38, 0xc6, 0x38, 0xc6, 0x38, 0xc6, 0x38, 0xc6, 0x38, 0xc6, 0x38, 0xc6,
    0x38, 0xc6, 0x38, 0xc6, 0x38, 0xc6, 0x38, 0xc6, 0x38, 0xc6, 0x00, 0x00,
    0x00, 0x00, 0x00, 0x00, 0x00, 0x00, 0x00, 0x00, 0x00, 0x00, 0x00, 0x00,
    0x00, 0x00, 0x38, 0xc6, 0x38, 0xc6, 0x38, 0xc6, 0x38, 0xc6, 0x38, 0xc6,
    0x38, 0xc6, 0x38, 0xc6, 0x38, 0xc6, 0x38, 0xc6, 0x38, 0xc6, 0x38, 0xc6,
    0x38, 0xc6, 0x38, 0xc6, 0x38, 0xc6, 0x38, 0xc6, 0x38, 0xc6, 0x38, 0xc6,
    0x38, 0xc6, 0x38, 0xc6, 0x38, 0xc6, 0x38, 0xc6, 0x38, 0xc6, 0x38, 0xc6,
    0x38, 0xc6, 0x38, 0xc6, 0x00, 0x00, 0x00, 0x00, 0x00, 0x00, 0x00, 0x00,
    0x00, 0x00, 0x00, 0x00, 0x00, 0x00, 0x38, 0xc6, 0x38, 0xc6, 0x38, 0xc6,
    0x38, 0xc6, 0x38, 0xc6, 0x38, 0xc6, 0x38, 0xc6, 0x38, 0xc6, 0x38, 0xc6,
    0x38, 0xc6, 0x38, 0xc6, 0x38, 0xc6, 0x38, 0xc6, 0x38, 0xc6, 0x38, 0xc6,
    0x38, 0xc6, 0x38, 0xc6, 0x38, 0xc6, 0x38, 0xc6, 0x38, 0xc6, 0x38, 0xc6,
    0x38, 0xc6, 0x38, 0xc6, 0x38, 0xc6, 0x38, 0xc6, 0x00, 0x00, 0x00, 0x00,
    0x00, 0x00, 0x00, 0x00, 0x00, 0x00, 0x00, 0x00, 0x00, 0x00, 0x00, 0x00,
    0x00, 0x00, 0x00, 0x00, 0x00, 0x00, 0x00, 0x00, 0x00, 0x00, 0x00, 0x00,
    0x00, 0x00, 0x00, 0x00, 0x00, 0x00, 0x00, 0x00, 0x00, 0x00, 0x00, 0x00,
    0x00, 0x00, 0x00, 0x00, 0x00, 0x00, 0x00, 0x00, 0x00, 0x00, 0x00, 0x00,
    0x00, 0x00, 0x00, 0x00, 0x00, 0x00, 0x00, 0x00, 0x00, 0x00, 0x00, 0x00,
    0x38, 0xc6, 0x38, 0xc6, 0x38, 0xc6, 0x38, 0xc6, 0x38, 0xc6, 0x38, 0xc6,
    0x38, 0xc6, 0x38, 0xc6, 0x38, 0xc6, 0x38, 0xc6, 0x38, 0xc6, 0x38, 0xc6,
    0x38, 0xc6, 0x38, 0xc6, 0x38, 0xc6, 0x38, 0xc6, 0x38, 0xc6, 0x38, 0xc6,
    0x38, 0xc6, 0x38, 0xc6, 0x38, 0xc6, 0x38, 0xc6, 0x38, 0xc6, 0xf7, 0xbd,
    0x00, 0x00, 0x00, 0x00, 0x00, 0x00, 0x00, 0x00, 0x00, 0x00, 0x00, 0x00,
    0x00, 0x00, 0x38, 0xc6, 0x38, 0xc6, 0x38, 0xc6, 0x38, 0xc6, 0x38, 0xc6,
    0x38, 0xc6, 0x38, 0xc6, 0x38, 0xc6, 0x38, 0xc6, 0x38, 0xc6, 0x38, 0xc6,
    0x38, 0xc6, 0x38, 0xc6, 0x38, 0xc6, 0x38, 0xc6, 0x38, 0xc6, 0x38, 0xc6,
    0x38, 0xc6, 0x38, 0xc6, 0x38, 0xc6, 0x38, 0xc6, 0x38, 0xc6, 0x38, 0xc6,
    0x38, 0xc6, 0x38, 0xc6, 0x00, 0x00, 0x00, 0x00, 0x00, 0x00, 0x00, 0x00,
    0x00, 0x00, 0x00, 0x00, 0x00, 0x00, 0x00, 0x00, 0x00, 0x00, 0x00, 0x00,
    0x00, 0x00, 0x00, 0x00, 0x59, 0xce, 0x38, 0xc6, 0x38, 0xc6, 0x38, 0xc6,
    0x38, 0xc6, 0x38, 0xc6, 0x38, 0xc6, 0x38, 0xc6, 0x38, 0xc6, 0x38, 0xc6,
    0x38, 0xc6, 0x38, 0xc6, 0x38, 0xc6, 0x38, 0xc6, 0x38, 0xc6, 0x38, 0xc6,
    0x38, 0xc6, 0x38, 0xc6, 0x38, 0xc6, 0x38, 0xc6, 0x38, 0xc6, 0x38, 0xc6,
    0x38, 0xc6, 0x38, 0xc6, 0x38, 0xc6, 0x38, 0xc6, 0x38, 0xc6, 0x38, 0xc6,
    0x38, 0xc6, 0x38, 0xc6, 0x38, 0xc6, 0x38, 0xc6, 0x38, 0xc6, 0x38, 0xc6,
    0x38, 0xc6, 0x38, 0xc6, 0x38, 0xc6, 0x38, 0xc6, 0x38, 0xc6, 0x38, 0xc6,
    0x38, 0xc6, 0x38, 0xc6, 0x38, 0xc6, 0x38, 0xc6, 0x38, 0xc6, 0x38, 0xc6,
    0x38, 0xc6, 0x38, 0xc6, 0x38, 0xc6, 0x38, 0xc6, 0x38, 0xc6, 0x38, 0xc6,
    0x38, 0xc6, 0x38, 0xc6, 0x38, 0xc6, 0x38, 0xc6, 0x38, 0xc6, 0x38, 0xc6,
    0x38, 0xc6, 0x38, 0xc6, 0x38, 0xc6, 0x38, 0xc6, 0x38, 0xc6, 0x38, 0xc6,
    0x38, 0xc6, 0x38, 0xc6, 0x38, 0xc6, 0x38, 0xc6, 0x00, 0x00, 0x00, 0x00,
    0x00, 0x00, 0x00, 0x00, 0x00, 0x00, 0x00, 0x00, 0x00, 0x00, 0x00, 0x00,
    0x38, 0xc6, 0x38, 0xc6, 0x38, 0xc6, 0x38, 0xc6, 0x38, 0xc6, 0x38, 0xc6,
    0x38, 0xc6, 0x38, 0xc6, 0x38, 0xc6, 0x38, 0xc6, 0x38, 0xc6, 0x38, 0xc6,
    0x38, 0xc6, 0x38, 0xc6, 0x38, 0xc6, 0x38, 0xc6, 0x38, 0xc6, 0x38, 0xc6,
    0x38, 0xc6, 0x38, 0xc6, 0x38, 0xc6, 0x38, 0xc6, 0x38, 0xc6, 0x38, 0xc6,
    0x38, 0xc6, 0x38, 0xc6, 0x38, 0xc6, 0x38, 0xc6, 0x38, 0xc6, 0x38, 0xc6,
    0x38, 0xc6, 0x38, 0xc6, 0x38, 0xc6, 0x38, 0xc6, 0x38, 0xc6, 0x38, 0xc6,
    0x38, 0xc6, 0x38, 0xc6, 0x38, 0xc6, 0x38, 0xc6, 0x38, 0xc6, 0x38, 0xc6,
    0x38, 0xc6, 0x38, 0xc6, 0x38, 0xc6, 0x38, 0xc6, 0x38, 0xc6, 0x38, 0xc6,
    0x38, 0xc6, 0x38, 0xc6, 0x38, 0xc6, 0x38, 0xc6, 0x38, 0xc6, 0x38, 0xc6,
    0x38, 0xc6, 0x38, 0xc6, 0x38, 0xc6, 0x38, 0xc6, 0x38, 0xc6, 0x38, 0xc6,
    0x38, 0xc6, 0x38, 0xc6, 0x38, 0xc6, 0x38, 0xc6, 0x38, 0xc6, 0x38, 0xc6,
    0x38, 0xc6, 0x38, 0xc6, 0x38, 0xc6, 0x00, 0x00, 0x00, 0x00, 0x00, 0x00,
    0x00, 0x00, 0x00, 0x00, 0x00, 0x00, 0x00, 0x00, 0x00, 0x00, 0x38, 0xc6,
    0x38, 0xc6, 0x38, 0xc6, 0x38, 0xc6, 0x38, 0xc6, 0x38, 0xc6, 0x38, 0xc6,
    0x38, 0xc6, 0x38, 0xc6, 0x38, 0xc6, 0x38, 0xc6, 0x38, 0xc6, 0x38, 0xc6,
    0x38, 0xc6, 0x38, 0xc6, 0x38, 0xc6, 0x38, 0xc6, 0x38, 0xc6, 0x38, 0xc6,
    0x38, 0xc6, 0x38, 0xc6, 0x38, 0xc6, 0x38, 0xc6, 0x38, 0xc6, 0x38, 0xc6,
    0x00, 0x00, 0x00, 0x00, 0x00, 0x00, 0x00, 0x00, 0x00, 0x00, 0x00, 0x00,
    0x00, 0x00, 0x38, 0xc6, 0x38, 0xc6, 0x38, 0xc6, 0x38, 0xc6, 0x38, 0xc6,
    0x38, 0xc6, 0x38, 0xc6, 0x38, 0xc6, 0x38, 0xc6, 0x38, 0xc6, 0x38, 0xc6,
    0x38, 0xc6, 0x38, 0xc6, 0x38, 0xc6, 0x38, 0xc6, 0x38, 0xc6, 0x38, 0xc6,
    0x38, 0xc6, 0x38, 0xc6, 0x38, 0xc6, 0x38, 0xc6, 0x38, 0xc6, 0x38, 0xc6,
    0x38, 0xc6, 0x38, 0xc6, 0x00, 0x00, 0x00, 0x00, 0x00, 0x00, 0x00, 0x00,
    0x00, 0x00, 0x00, 0x00, 0x00, 0x00, 0x00, 0x00, 0x00, 0x00, 0x00, 0x00,
    0x00, 0x00, 0x00, 0x00, 0x00, 0x00, 0x00, 0x00, 0x00, 0x00, 0x00, 0x00,
    0x00, 0x00, 0x00, 0x00, 0x00, 0x00, 0x00, 0x00, 0x00, 0x00, 0x00, 0x00,
    0x00, 0x00, 0x00, 0x00, 0x00, 0x00, 0x00, 0x00, 0x00, 0x00, 0x00, 0x00,
    0x00, 0x00, 0x00, 0x00, 0x00, 0x00, 0x38, 0xc6, 0x38, 0xc6, 0x38, 0xc6,
    0x38, 0xc6, 0x38, 0xc6, 0x38, 0xc6, 0x38, 0xc6, 0x38, 0xc6, 0x38, 0xc6,
    0x38, 0xc6, 0x38, 0xc6, 0x38, 0xc6, 0x38, 0xc6, 0x38, 0xc6, 0x38, 0xc6,
    0x38, 0xc6, 0x38, 0xc6, 0x38, 0xc6, 0x38, 0xc6, 0x38, 0xc6, 0x38, 0xc6,
    0x38, 0xc6, 0x38, 0xc6, 0x38, 0xc6, 0x00, 0x00, 0x00, 0x00, 0x00, 0x00,
    0x00, 0x00, 0x00, 0x00, 0x00, 0x00, 0x00, 0x00, 0x00, 0x00, 0x38, 0xc6,
    0x38, 0xc6, 0x38, 0xc6, 0x38, 0xc6, 0x38, 0xc6, 0x38, 0xc6, 0x38, 0xc6,
    0x38, 0xc6, 0x38, 0xc6, 0x38, 0xc6, 0x38, 0xc6, 0x38, 0xc6, 0x38, 0xc6,
    0x38, 0xc6, 0x38, 0xc6, 0x38, 0xc6, 0x38, 0xc6, 0x38, 0xc6, 0x38, 0xc6,
    0x38, 0xc6, 0x38, 0xc6, 0x38, 0xc6, 0x38, 0xc6, 0x38, 0xc6, 0x38, 0xc6,
    0x00, 0x00, 0x00, 0x00, 0x00, 0x00, 0x00, 0x00, 0x00, 0x00, 0x00, 0x00,
    0x00, 0x00, 0x00, 0x00, 0x00, 0x00, 0x00, 0x00, 0x00, 0x00, 0x38, 0xc6,
    0x38, 0xc6, 0x38, 0xc6, 0x38, 0xc6, 0x38, 0xc6, 0x38, 0xc6, 0x38, 0xc6,
    0x38, 0xc6, 0x38, 0xc6, 0x38, 0xc6, 0x38, 0xc6, 0x38, 0xc6, 0x38, 0xc6,
    0x38, 0xc6, 0x38, 0xc6, 0x38, 0xc6, 0x38, 0xc6, 0x38, 0xc6, 0x38, 0xc6,
    0x38, 0xc6, 0x38, 0xc6, 0x38, 0xc6, 0x38, 0xc6, 0x38, 0xc6, 0x38, 0xc6,
    0x38, 0xc6, 0x38, 0xc6, 0x38, 0xc6, 0x38, 0xc6, 0x38, 0xc6, 0x38, 0xc6,
    0x38, 0xc6, 0x38, 0xc6, 0x38, 0xc6, 0x38, 0xc6, 0x38, 0xc6, 0x38, 0xc6,
    0x38, 0xc6, 0x38, 0xc6, 0x38, 0xc6, 0x38, 0xc6, 0x38, 0xc6, 0x38, 0xc6,
    0x38, 0xc6, 0x38, 0xc6, 0x38, 0xc6, 0x38, 0xc6, 0x38, 0xc6, 0x38, 0xc6,
    0x38, 0xc6, 0x38, 0xc6, 0x38, 0xc6, 0x38, 0xc6, 0x38, 0xc6, 0x38, 0xc6,
    0x38, 0xc6, 0x38, 0xc6, 0x38, 0xc6, 0x38, 0xc6, 0x38, 0xc6, 0x38, 0xc6,
    0x38, 0xc6, 0x38, 0xc6, 0x38, 0xc6, 0x38, 0xc6, 0x38, 0xc6, 0x38, 0xc6,
    0x38, 0xc6, 0x38, 0xc6, 0x00, 0x00, 0x00, 0x00, 0x00, 0x00, 0x00, 0x00,
    0x00, 0x00, 0x00, 0x00, 0x00, 0x00, 0x38, 0xc6, 0x38, 0xc6, 0x38, 0xc6,
    0x38, 0xc6, 0x38, 0xc6, 0x38, 0xc6, 0x38, 0xc6, 0x38, 0xc6, 0x38, 0xc6,
    0x38, 0xc6, 0x38, 0xc6, 0x38, 0xc6, 0x38, 0xc6, 0x38, 0xc6, 0x38, 0xc6,
    0x38, 0xc6, 0x38, 0xc6, 0x38, 0xc6, 0x38, 0xc6, 0x38, 0xc6, 0x38, 0xc6,
    0x38, 0xc6, 0x38, 0xc6, 0x38, 0xc6, 0x38, 0xc6, 0x38, 0xc6, 0x38, 0xc6,
    0x38, 0xc6, 0x38, 0xc6, 0x38, 0xc6, 0x38, 0xc6, 0x38, 0xc6, 0x38, 0xc6,
    0x38, 0xc6, 0x38, 0xc6, 0x38, 0xc6, 0x38, 0xc6, 0x38, 0xc6, 0x38, 0xc6,
    0x38, 0xc6, 0x38, 0xc6, 0x38, 0xc6, 0x38, 0xc6, 0x38, 0xc6, 0x38, 0xc6,
    0x38, 0xc6, 0x38, 0xc6, 0x38, 0xc6, 0x38, 0xc6, 0x38, 0xc6, 0x38, 0xc6,
    0x38, 0xc6, 0x38, 0xc6, 0x38, 0xc6, 0x38, 0xc6, 0x38, 0xc6, 0x38, 0xc6,
    0x38, 0xc6, 0x38, 0xc6, 0x38, 0xc6, 0x38, 0xc6, 0x38, 0xc6, 0x38, 0xc6,
    0x38, 0xc6, 0x38, 0xc6, 0x38, 0xc6, 0x38, 0xc6, 0x38, 0xc6, 0x38, 0xc6,
    0x38, 0xc6, 0x00, 0x00, 0x00, 0x00, 0x00, 0x00, 0x00, 0x00, 0x00, 0x00,
    0x00, 0x00, 0x00, 0x00, 0x00, 0x00, 0x38, 0xc6, 0x38, 0xc6, 0x38, 0xc6,
    0x38, 0xc6, 0x38, 0xc6, 0x38, 0xc6, 0x38, 0xc6, 0x38, 0xc6, 0x38, 0xc6,
    0x38, 0xc6, 0x38, 0xc6, 0x38, 0xc6, 0x38, 0xc6, 0x38, 0xc6, 0x38, 0xc6,
    0x38, 0xc6, 0x38, 0xc6, 0x38, 0xc6, 0x38, 0xc6, 0x38, 0xc6, 0x38, 0xc6,
    0x38, 0xc6, 0x38, 0xc6, 0x38, 0xc6, 0x38, 0xc6, 0x00, 0x00, 0x00, 0x00,
    0x00, 0x00, 0x00, 0x00, 0x00, 0x00, 0x00, 0x00, 0x00, 0x00, 0x38, 0xc6,
    0x38, 0xc6, 0x38, 0xc6, 0x38, 0xc6, 0x38, 0xc6, 0x38, 0xc6, 0x38, 0xc6,
    0x38, 0xc6, 0x38, 0xc6, 0x38, 0xc6, 0x38, 0xc6, 0x38, 0xc6, 0x38, 0xc6,
    0x38, 0xc6, 0x38, 0xc6, 0x38, 0xc6, 0x38, 0xc6, 0x38, 0xc6, 0x38, 0xc6,
    0x38, 0xc6, 0x38, 0xc6, 0x38, 0xc6, 0x38, 0xc6, 0x38, 0xc6, 0x38, 0xc6,
    0x00, 0x00, 0x00, 0x00, 0x00, 0x00, 0x00, 0x00, 0x00, 0x00, 0x00, 0x00,
    0x00, 0x00, 0x00, 0x00, 0x00, 0x00, 0x00, 0x00, 0x00, 0x00, 0x00, 0x00,
    0x00, 0x00, 0x00, 0x00, 0x00, 0x00, 0x00, 0x00, 0x00, 0x00, 0x00, 0x00,
    0x00, 0x00, 0x00, 0x00, 0x00, 0x00, 0x00, 0x00, 0x00, 0x00, 0x00, 0x00,
    0x00, 0x00, 0x00, 0x00, 0x00, 0x00, 0x00, 0x00, 0x00, 0x00, 0x00, 0x00,
    0x38, 0xc6, 0x38, 0xc6, 0x38, 0xc6, 0x38, 0xc6, 0x38, 0xc6, 0x38, 0xc6,
    0x38, 0xc6, 0x38, 0xc6, 0x38, 0xc6, 0x38, 0xc6, 0x38, 0xc6, 0x38, 0xc6,
    0x38, 0xc6, 0x38, 0xc6, 0x38, 0xc6, 0x38, 0xc6, 0x38, 0xc6, 0x38, 0xc6,
    0x38, 0xc6, 0x38, 0xc6, 0x38, 0xc6, 0x38, 0xc6, 0x38, 0xc6, 0x79, 0xce,
    0x00, 0x00, 0x00, 0x00, 0x00, 0x00, 0x00, 0x00, 0x00, 0x00, 0x00, 0x00,
    0x00, 0x00, 0x00, 0x00, 0x00, 0x00, 0x38, 0xc6, 0x38, 0xc6, 0x38, 0xc6,
    0x38, 0xc6, 0x38, 0xc6, 0x38, 0xc6, 0x38, 0xc6, 0x38, 0xc6, 0x38, 0xc6,
    0x38, 0xc6, 0x38, 0xc6, 0x38, 0xc6, 0x38, 0xc6, 0x38, 0xc6, 0x38, 0xc6,
    0x38, 0xc6, 0x38, 0xc6, 0x38, 0xc6, 0x38, 0xc6, 0x38, 0xc6, 0x38, 0xc6,
    0x38, 0xc6, 0x38, 0xc6, 0x38, 0xc6, 0x38, 0xc6, 0x00, 0x00, 0x00, 0x00,
    0x00, 0x00, 0x00, 0x00, 0x00, 0x00, 0x00, 0x00, 0x00, 0x00, 0x00, 0x00,
    0x00, 0x00, 0x00, 0x00, 0x38, 0xc6, 0x38, 0xc6, 0x38, 0xc6, 0x38, 0xc6,
    0x38, 0xc6, 0x38, 0xc6, 0x38, 0xc6, 0x38, 0xc6, 0x38, 0xc6, 0x38, 0xc6,
    0x38, 0xc6, 0x38, 0xc6, 0x38, 0xc6, 0x38, 0xc6, 0x38, 0xc6, 0x38, 0xc6,
    0x38, 0xc6, 0x38, 0xc6, 0x38, 0xc6, 0x38, 0xc6, 0x38, 0xc6, 0x38, 0xc6,
    0x38, 0xc6, 0x38, 0xc6, 0x38, 0xc6, 0x38, 0xc6, 0x38, 0xc6, 0x38, 0xc6,
    0x38, 0xc6, 0x38, 0xc6, 0x38, 0xc6, 0x38, 0xc6, 0x38, 0xc6, 0x38, 0xc6,
    0x38, 0xc6, 0x38, 0xc6, 0x38, 0xc6, 0x38, 0xc6, 0x38, 0xc6, 0x38, 0xc6,
    0x38, 0xc6, 0x38, 0xc6, 0x38, 0xc6, 0x38, 0xc6, 0x38, 0xc6, 0x38, 0xc6,
    0x38, 0xc6, 0x38, 0xc6, 0x38, 0xc6, 0x38, 0xc6, 0x38, 0xc6, 0x38, 0xc6,
    0x38, 0xc6, 0x38, 0xc6, 0x38, 0xc6, 0x38, 0xc6, 0x38, 0xc6, 0x38, 0xc6,
    0x38, 0xc6, 0x38, 0xc6, 0x38, 0xc6, 0x38, 0xc6, 0x38, 0xc6, 0x38, 0xc6,
    0x38, 0xc6, 0x38, 0xc6, 0x38, 0xc6, 0x38, 0xc6, 0x38, 0xc6, 0x38, 0xc6,
    0x00, 0x00, 0x00, 0x00, 0x00, 0x00, 0x00, 0x00, 0x00, 0x00, 0x00, 0x00,
    0x59, 0xce, 0x38, 0xc6, 0x38, 0xc6, 0x38, 0xc6, 0x38, 0xc6, 0x38, 0xc6,
    0x38, 0xc6, 0x38, 0xc6, 0x38, 0xc6, 0x38, 0xc6, 0x38, 0xc6, 0x38, 0xc6,
    0x38, 0xc6, 0x38, 0xc6, 0x38, 0xc6, 0x38, 0xc6, 0x38, 0xc6, 0x38, 0xc6,
    0x38, 0xc6, 0x38, 0xc6, 0x38, 0xc6, 0x38, 0xc6, 0x38, 0xc6, 0x38, 0xc6,
    0x38, 0xc6, 0x38, 0xc6, 0x38, 0xc6, 0x38, 0xc6, 0x38, 0xc6, 0x38, 0xc6,
    0x38, 0xc6, 0x38, 0xc6, 0x38, 0xc6, 0x38, 0xc6, 0x38, 0xc6, 0x38, 0xc6,
    0x38, 0xc6, 0x38, 0xc6, 0x38, 0xc6, 0x38, 0xc6, 0x38, 0xc6, 0x38, 0xc6,
    0x38, 0xc6, 0x38, 0xc6, 0x38, 0xc6, 0x38, 0xc6, 0x38, 0xc6, 0x38, 0xc6,
    0x38, 0xc6, 0x38, 0xc6, 0x38, 0xc6, 0x38, 0xc6, 0x38, 0xc6, 0x38, 0xc6,
    0x38, 0xc6, 0x38, 0xc6, 0x38, 0xc6, 0x38, 0xc6, 0x38, 0xc6, 0x38, 0xc6,
    0x38, 0xc6, 0x38, 0xc6, 0x38, 0xc6, 0x38, 0xc6, 0x38, 0xc6, 0x38, 0xc6,
    0x38, 0xc6, 0x38, 0xc6, 0x38, 0xc6, 0x38, 0xc6, 0x38, 0xc6, 0x00, 0x00,
    0x00, 0x00, 0x00, 0x00, 0x00, 0x00, 0x00, 0x00, 0x00, 0x00, 0x00, 0x00,
    0x00, 0x00, 0x38, 0xc6, 0x38, 0xc6, 0x38, 0xc6, 0x38, 0xc6, 0x38, 0xc6,
    0x38, 0xc6, 0x38, 0xc6, 0x38, 0xc6, 0x38, 0xc6, 0x38, 0xc6, 0x38, 0xc6,
    0x38, 0xc6, 0x38, 0xc6, 0x38, 0xc6, 0x38, 0xc6, 0x38, 0xc6, 0x38, 0xc6,
    0x38, 0xc6, 0x38, 0xc6, 0x38, 0xc6, 0x38, 0xc6, 0x38, 0xc6, 0x38, 0xc6,
    0x38, 0xc6, 0x38, 0xc6, 0x00, 0x00, 0x00, 0x00, 0x00, 0x00, 0x00, 0x00,
    0x00, 0x00, 0x00, 0x00, 0x00, 0x00, 0x38, 0xc6, 0x38, 0xc6, 0x38, 0xc6,
    0x38, 0xc6, 0x38, 0xc6, 0x38, 0xc6, 0x38, 0xc6, 0x38, 0xc6, 0x38, 0xc6,
    0x38, 0xc6, 0x38, 0xc6, 0x38, 0xc6, 0x38, 0xc6, 0x38, 0xc6, 0x38, 0xc6,
    0x38, 0xc6, 0x38, 0xc6, 0x38, 0xc6, 0x38, 0xc6, 0x38, 0xc6, 0x38, 0xc6,
    0x38, 0xc6, 0x38, 0xc6, 0x38, 0xc6, 0x38, 0xc6, 0x00, 0x00, 0x00, 0x00,
    0x00, 0x00, 0x00, 0x00, 0x00, 0x00, 0x00, 0x00, 0x00, 0x00, 0x00, 0x00,
    0x00, 0x00, 0x00, 0x00, 0x00, 0x00, 0x00, 0x00, 0x00, 0x00, 0x00, 0x00,
    0x00, 0x00, 0x00, 0x00, 0x00, 0x00, 0x00, 0x00, 0x00, 0x00, 0x00, 0x00,
    0x00, 0x00, 0x00, 0x00, 0x00, 0x00, 0x00, 0x00, 0x00, 0x00, 0x00, 0x00,
    0x00, 0x00, 0x00, 0x00, 0x00, 0x00, 0x38, 0xc6, 0x38, 0xc6, 0x38, 0xc6,
    0x38, 0xc6, 0x38, 0xc6, 0x38, 0xc6, 0x38, 0xc6, 0x38, 0xc6, 0x38, 0xc6,
    0x38, 0xc6, 0x38, 0xc6, 0x38, 0xc6, 0x38, 0xc6, 0x38, 0xc6, 0x38, 0xc6,
    0x38, 0xc6, 0x38, 0xc6, 0x38, 0xc6, 0x38, 0xc6, 0x38, 0xc6, 0x38, 0xc6,
    0x38, 0xc6, 0x38, 0xc6, 0x38, 0xc6, 0x00, 0x00, 0x00, 0x00, 0x00, 0x00,
    0x00, 0x00, 0x00, 0x00, 0x00, 0x00, 0x00, 0x00, 0x00, 0x00, 0x00, 0x00,
    0x00, 0x00, 0x38, 0xc6, 0x38, 0xc6, 0x38, 0xc6, 0x38, 0xc6, 0x38, 0xc6,
    0x38, 0xc6, 0x38, 0xc6, 0x38, 0xc6, 0x38, 0xc6, 0x38, 0xc6, 0x38, 0xc6,
    0x38, 0xc6, 0x38, 0xc6, 0x38, 0xc6, 0x38, 0xc6, 0x38, 0xc6, 0x38, 0xc6,
    0x38, 0xc6, 0x38, 0xc6, 0x38, 0xc6, 0x38, 0xc6, 0x38, 0xc6, 0x38, 0xc6,
    0x38, 0xc6, 0x38, 0xc6, 0x00, 0x00, 0x00, 0x00, 0x00, 0x00, 0x00, 0x00,
    0x00, 0x00, 0x00, 0x00, 0x00, 0x00, 0x00, 0x00, 0x00, 0x00, 0x9a, 0xd6,
    0x38, 0xc6, 0x38, 0xc6, 0x38, 0xc6, 0x38, 0xc6, 0x38, 0xc6, 0x38, 0xc6,
    0x38, 0xc6, 0x38, 0xc6, 0x38, 0xc6, 0x38, 0xc6, 0x38, 0xc6, 0x38, 0xc6,
    0x38, 0xc6, 0x38, 0xc6, 0x38, 0xc6, 0x38, 0xc6, 0x38, 0xc6, 0x38, 0xc6,
    0x38, 0xc6, 0x38, 0xc6, 0x38, 0xc6, 0x38, 0xc6, 0x38, 0xc6, 0x38, 0xc6,
    0x38, 0xc6, 0x38, 0xc6, 0x38, 0xc6, 0x38, 0xc6, 0x38, 0xc6, 0x38, 0xc6,
    0x38, 0xc6, 0x38, 0xc6, 0x38, 0xc6, 0x38, 0xc6, 0x38, 0xc6, 0x38, 0xc6,
    0x38, 0xc6, 0x38, 0xc6, 0x38, 0xc6, 0x38, 0xc6, 0x38, 0xc6, 0x38, 0xc6,
    0x38, 0xc6, 0x38, 0xc6, 0x38, 0xc6, 0x38, 0xc6, 0x38, 0xc6, 0x38, 0xc6,
    0x38, 0xc6, 0x38, 0xc6, 0x38, 0xc6, 0x38, 0xc6, 0x38, 0xc6, 0x38, 0xc6,
    0x38, 0xc6, 0x38, 0xc6, 0x38, 0xc6, 0x38, 0xc6, 0x38, 0xc6, 0x38, 0xc6,
    0x38, 0xc6, 0x38, 0xc6, 0x38, 0xc6, 0x38, 0xc6, 0x38, 0xc6, 0x38, 0xc6,
    0x38, 0xc6, 0x38, 0xc6, 0x38, 0xc6, 0x38, 0xc6, 0x00, 0x00, 0x00, 0x00,
    0x00, 0x00, 0x00, 0x00, 0x00, 0x00, 0x00, 0x00, 0x38, 0xc6, 0x38, 0xc6,
    0x38, 0xc6, 0x38, 0xc6, 0x38, 0xc6, 0x38, 0xc6, 0x38, 0xc6, 0x38, 0xc6,
    0x38, 0xc6, 0x38, 0xc6, 0x38, 0xc6, 0x38, 0xc6, 0x38, 0xc6, 0x38, 0xc6,
    0x38, 0xc6, 0x38, 0xc6, 0x38, 0xc6, 0x38, 0xc6, 0x38, 0xc6, 0x38, 0xc6,
    0x38, 0xc6, 0x38, 0xc6, 0x38, 0xc6, 0x38, 0xc6, 0x38, 0xc6, 0x38, 0xc6,
    0x38, 0xc6, 0x38, 0xc6, 0x38, 0xc6, 0x38, 0xc6, 0x38, 0xc6, 0x38, 0xc6,
    0x38, 0xc6, 0x38, 0xc6, 0x38, 0xc6, 0x38, 0xc6, 0x38, 0xc6, 0x38, 0xc6,
    0x38, 0xc6, 0x38, 0xc6, 0x38, 0xc6, 0x38, 0xc6, 0x38, 0xc6, 0x38, 0xc6,
    0x38, 0xc6, 0x38, 0xc6, 0x38, 0xc6, 0x38, 0xc6, 0x38, 0xc6, 0x38, 0xc6,
    0x38, 0xc6, 0x38, 0xc6, 0x38, 0xc6, 0x38, 0xc6, 0x38, 0xc6, 0x38, 0xc6,
    0x38, 0xc6, 0x38, 0xc6, 0x38, 0xc6, 0x38, 0xc6, 0x38, 0xc6, 0x38, 0xc6,
    0x38, 0xc6, 0x38, 0xc6, 0x38, 0xc6, 0x38, 0xc6, 0x38, 0xc6, 0x38, 0xc6,
    0x38, 0xc6, 0x38, 0xc6, 0x38, 0xc6, 0x00, 0x00, 0x00, 0x00, 0x00, 0x00,
    0x00, 0x00, 0x00, 0x00, 0x00, 0x00, 0x00, 0x00, 0x00, 0x00, 0x38, 0xc6,
    0x38, 0xc6, 0x38, 0xc6, 0x38, 0xc6, 0x38, 0xc6, 0x38, 0xc6, 0x38, 0xc6,
    0x38, 0xc6, 0x38, 0xc6, 0x38, 0xc6, 0x38, 0xc6, 0x38, 0xc6, 0x38, 0xc6,
    0x38, 0xc6, 0x38, 0xc6, 0x38, 0xc6, 0x38, 0xc6, 0x38, 0xc6, 0x38, 0xc6,
    0x38, 0xc6, 0x38, 0xc6, 0x38, 0xc6, 0x38, 0xc6, 0x38, 0xc6, 0x38, 0xc6,
    0x00, 0x00, 0x00, 0x00, 0x00, 0x00, 0x00, 0x00, 0x00, 0x00, 0x00, 0x00,
    0x00, 0x00, 0x38, 0xc6, 0x38, 0xc6, 0x38, 0xc6, 0x38, 0xc6, 0x38, 0xc6,
    0x38, 0xc6, 0x38, 0xc6, 0x38, 0xc6, 0x38, 0xc6, 0x38, 0xc6, 0x38, 0xc6,
    0x38, 0xc6, 0x38, 0xc6, 0x38, 0xc6, 0x38, 0xc6, 0x38, 0xc6, 0x38, 0xc6,
    0x38, 0xc6, 0x38, 0xc6, 0x38, 0xc6, 0x38, 0xc6, 0x38, 0xc6, 0x38, 0xc6,
    0x38, 0xc6, 0x38, 0xc6, 0x00, 0x00, 0x00, 0x00, 0x00, 0x00, 0x00, 0x00,
    0x00, 0x00, 0x00, 0x00, 0x00, 0x00, 0x00, 0x00, 0x00, 0x00, 0x00, 0x00,
    0x00, 0x00, 0x00, 0x00, 0x00, 0x00, 0x00, 0x00, 0x00, 0x00, 0x00, 0x00,
    0x00, 0x00, 0x00, 0x00, 0x00, 0x00, 0x00, 0x00, 0x00, 0x00, 0x00, 0x00,
    0x00, 0x00, 0x00, 0x00, 0x00, 0x00, 0x00, 0x00, 0x00, 0x00, 0x00, 0x00,
    0x38, 0xc6, 0x38, 0xc6, 0x38, 0xc6, 0x38, 0xc6, 0x38, 0xc6, 0x38, 0xc6,
    0x38, 0xc6, 0x38, 0xc6, 0x38, 0xc6, 0x38, 0xc6, 0x38, 0xc6, 0x38, 0xc6,
    0x38, 0xc6, 0x38, 0xc6, 0x38, 0xc6, 0x38, 0xc6, 0x38, 0xc6, 0x38, 0xc6,
    0x38, 0xc6, 0x38, 0xc6, 0x38, 0xc6, 0x38, 0xc6, 0x38, 0xc6, 0x18, 0xc6,
    0x00, 0x00, 0x00, 0x00, 0x00, 0x00, 0x00, 0x00, 0x00, 0x00, 0x00, 0x00,
    0x00, 0x00, 0x00, 0x00, 0x00, 0x00, 0x00, 0x00, 0x00, 0x00, 0x38, 0xc6,
    0x38, 0xc6, 0x38, 0xc6, 0x38, 0xc6, 0x38, 0xc6, 0x38, 0xc6, 0x38, 0xc6,
    0x38, 0xc6, 0x38, 0xc6, 0x38, 0xc6, 0x38, 0xc6, 0x38, 0xc6, 0x38, 0xc6,
    0x38, 0xc6, 0x38, 0xc6, 0x38, 0xc6, 0x38, 0xc6, 0x38, 0xc6, 0x38, 0xc6,
    0x38, 0xc6, 0x38, 0xc6, 0x38, 0xc6, 0x38, 0xc6, 0x38, 0xc6, 0x38, 0xc6,
    0x00, 0x00, 0x00, 0x00, 0x00, 0x00, 0x00, 0x00, 0x00, 0x00, 0x00, 0x00,
    0x00, 0x00, 0x00, 0x00, 0x00, 0x00, 0x38, 0xc6, 0x38, 0xc6, 0x38, 0xc6,
    0x38, 0xc6, 0x38, 0xc6, 0x38, 0xc6, 0x38, 0xc6, 0x38, 0xc6, 0x38, 0xc6,
    0x38, 0xc6, 0x38, 0xc6, 0x38, 0xc6, 0x38, 0xc6, 0x38, 0xc6, 0x38, 0xc6,
    0x38, 0xc6, 0x38, 0xc6, 0x38, 0xc6, 0x38, 0xc6, 0x38, 0xc6, 0x38, 0xc6,
    0x38, 0xc6, 0x38, 0xc6, 0x38, 0xc6, 0x38, 0xc6, 0x38, 0xc6, 0x38, 0xc6,
    0x38, 0xc6, 0x38, 0xc6, 0x38, 0xc6, 0x38, 0xc6, 0x38, 0xc6, 0x38, 0xc6,
    0x38, 0xc6, 0x38, 0xc6, 0x38, 0xc6, 0x38, 0xc6, 0x38, 0xc6, 0x38, 0xc6,
    0x38, 0xc6, 0x38, 0xc6, 0x38, 0xc6, 0x38, 0xc6, 0x38, 0xc6, 0x38, 0xc6,
    0x38, 0xc6, 0x38, 0xc6, 0x38, 0xc6, 0x38, 0xc6, 0x38, 0xc6, 0x38, 0xc6,
    0x38, 0xc6, 0x38, 0xc6, 0x38, 0xc6, 0x38, 0xc6, 0x38, 0xc6, 0x38, 0xc6,
    0x38, 0xc6, 0x38, 0xc6, 0x38, 0xc6, 0x38, 0xc6, 0x38, 0xc6, 0x38, 0xc6,
    0x38, 0xc6, 0x38, 0xc6, 0x38, 0xc6, 0x38, 0xc6, 0x38, 0xc6, 0x38, 0xc6,
    0x38, 0xc6, 0x38, 0xc6, 0x00, 0x00, 0x00, 0x00, 0x00, 0x00, 0x00, 0x00,
    0x00, 0x00, 0x38, 0xc6, 0x38, 0xc6, 0x38, 0xc6, 0x38, 0xc6, 0x38, 0xc6,
    0x38, 0xc6, 0x38, 0xc6, 0x38, 0xc6, 0x38, 0xc6, 0x38, 0xc6, 0x38, 0xc6,
    0x38, 0xc6, 0x38, 0xc6, 0x38, 0xc6, 0x38, 0xc6, 0x38, 0xc6, 0x38, 0xc6,
    0x38, 0xc6, 0x38, 0xc6, 0x38, 0xc6, 0x38, 0xc6, 0x38, 0xc6, 0x38, 0xc6,
    0x38, 0xc6, 0x38, 0xc6, 0x38, 0xc6, 0x38, 0xc6, 0x38, 0xc6, 0x38, 0xc6,
    0x38, 0xc6, 0x38, 0xc6, 0x38, 0xc6, 0x38, 0xc6, 0x38, 0xc6, 0x38, 0xc6,
    0x38, 0xc6, 0x38, 0xc6, 0x38, 0xc6, 0x38, 0xc6, 0x38, 0xc6, 0x38, 0xc6,
    0x38, 0xc6, 0x38, 0xc6, 0x38, 0xc6, 0x38, 0xc6, 0x38, 0xc6, 0x38, 0xc6,
    0x38, 0xc6, 0x38, 0xc6, 0x38, 0xc6, 0x38, 0xc6, 0x38, 0xc6, 0x38, 0xc6,
    0x38, 0xc6, 0x38, 0xc6, 0x38, 0xc6, 0x38, 0xc6, 0x38, 0xc6, 0x38, 0xc6,
    0x38, 0xc6, 0x38, 0xc6, 0x38, 0xc6, 0x38, 0xc6, 0x38, 0xc6, 0x38, 0xc6,
    0x38, 0xc6, 0x38, 0xc6, 0x38, 0xc6, 0x38, 0xc6, 0x38, 0xc6, 0x38, 0xc6,
    0x38, 0xc6, 0x00, 0x00, 0x00, 0x00, 0x00, 0x00, 0x00, 0x00, 0x00, 0x00,
    0x00, 0x00, 0x00, 0x00, 0x00, 0x00, 0x38, 0xc6, 0x38, 0xc6, 0x38, 0xc6,
    0x38, 0xc6, 0x38, 0xc6, 0x38, 0xc6, 0x38, 0xc6, 0x38, 0xc6, 0x38, 0xc6,
    0x38, 0xc6, 0x38, 0xc6, 0x38, 0xc6, 0x38, 0xc6, 0x38, 0xc6, 0x38, 0xc6,
    0x38, 0xc6, 0x38, 0xc6, 0x38, 0xc6, 0x38, 0xc6, 0x38, 0xc6, 0x38, 0xc6,
    0x38, 0xc6, 0x38, 0xc6, 0x38, 0xc6, 0x38, 0xc6, 0x00, 0x00, 0x00, 0x00,
    0x00, 0x00, 0x00, 0x00, 0x00, 0x00, 0x00, 0x00, 0x00, 0x00, 0x38, 0xc6,
    0x38, 0xc6, 0x38, 0xc6, 0x38, 0xc6, 0x38, 0xc6, 0x38, 0xc6, 0x38, 0xc6,
    0x38, 0xc6, 0x38, 0xc6, 0x38, 0xc6, 0x38, 0xc6, 0x38, 0xc6, 0x38, 0xc6,
    0x38, 0xc6, 0x38, 0xc6, 0x38, 0xc6, 0x38, 0xc6, 0x38, 0xc6, 0x38, 0xc6,
    0x38, 0xc6, 0x38, 0xc6, 0x38, 0xc6, 0x38, 0xc6, 0x38, 0xc6, 0x38, 0xc6,
    0x00, 0x00, 0x00, 0x00, 0x00, 0x00, 0x00, 0x00, 0x00, 0x00, 0x00, 0x00,
    0x00, 0x00, 0x00, 0x00, 0x00, 0x00, 0x00, 0x00, 0x00, 0x00, 0x00, 0x00,
    0x00, 0x00, 0x00, 0x00, 0x00, 0x00, 0x00, 0x00, 0x00, 0x00, 0x00, 0x00,
    0x00, 0x00, 0x00, 0x00, 0x00, 0x00, 0x00, 0x00, 0x00, 0x00, 0x00, 0x00,
    0x00, 0x00, 0x00, 0x00, 0x00, 0x00, 0x38, 0xc6, 0x38, 0xc6, 0x38, 0xc6,
    0x38, 0xc6, 0x38, 0xc6, 0x38, 0xc6, 0x38, 0xc6, 0x38, 0xc6, 0x38, 0xc6,
    0x38, 0xc6, 0x38, 0xc6, 0x38, 0xc6, 0x38, 0xc6, 0x38, 0xc6, 0x38, 0xc6,
    0x38, 0xc6, 0x38, 0xc6, 0x38, 0xc6, 0x38, 0xc6, 0x38, 0xc6, 0x38, 0xc6,
    0x38, 0xc6, 0x38, 0xc6, 0x38, 0xc6, 0x00, 0x00, 0x00, 0x00, 0x00, 0x00,
    0x00, 0x00, 0x00, 0x00, 0x00, 0x00, 0x00, 0x00, 0x00, 0x00, 0x00, 0x00,
    0x00, 0x00, 0x00, 0x00, 0x00, 0x00, 0x38, 0xc6, 0x38, 0xc6, 0x38, 0xc6,
    0x38, 0xc6, 0x38, 0xc6, 0x38, 0xc6, 0x38, 0xc6, 0x38, 0xc6, 0x38, 0xc6,
    0x38, 0xc6, 0x38, 0xc6, 0x38, 0xc6, 0x38, 0xc6, 0x38, 0xc6, 0x38, 0xc6,
    0x38, 0xc6, 0x38, 0xc6, 0x38, 0xc6, 0x38, 0xc6, 0x38, 0xc6, 0x38, 0xc6,
    0x38, 0xc6, 0x38, 0xc6, 0x38, 0xc6, 0x38, 0xc6, 0x00, 0x00, 0x00, 0x00,
    0x00, 0x00, 0x00, 0x00, 0x00, 0x00, 0x00, 0x00, 0x00, 0x00, 0x00, 0x00,
    0x38, 0xc6, 0x38, 0xc6, 0x38, 0xc6, 0x38, 0xc6, 0x38, 0xc6, 0x38, 0xc6,
    0x38, 0xc6, 0x38, 0xc6, 0x38, 0xc6, 0x38, 0xc6, 0x38, 0xc6, 0x38, 0xc6,
    0x38, 0xc6, 0x38, 0xc6, 0x38, 0xc6, 0x38, 0xc6, 0x38, 0xc6, 0x38, 0xc6,
    0x38, 0xc6, 0x38, 0xc6, 0x38, 0xc6, 0x38, 0xc6, 0x38, 0xc6, 0x38, 0xc6,
    0x38, 0xc6, 0x38, 0xc6, 0x38, 0xc6, 0x38, 0xc6, 0x38, 0xc6, 0x38, 0xc6,
    0x38, 0xc6, 0x38, 0xc6, 0x38, 0xc6, 0x38, 0xc6, 0x38, 0xc6, 0x38, 0xc6,
    0x38, 0xc6, 0x38, 0xc6, 0x38, 0xc6, 0x38, 0xc6, 0x38, 0xc6, 0x38, 0xc6,
    0x38, 0xc6, 0x38, 0xc6, 0x38, 0xc6, 0x38, 0xc6, 0x38, 0xc6, 0x38, 0xc6,
    0x38, 0xc6, 0x38, 0xc6, 0x38, 0xc6, 0x38, 0xc6, 0x38, 0xc6, 0x38, 0xc6,
    0x38, 0xc6, 0x38, 0xc6, 0x38, 0xc6, 0x38, 0xc6, 0x38, 0xc6, 0x38, 0xc6,
    0x38, 0xc6, 0x38, 0xc6, 0x38, 0xc6, 0x38, 0xc6, 0x38, 0xc6, 0x38, 0xc6,
    0x38, 0xc6, 0x38, 0xc6, 0x38, 0xc6, 0x38, 0xc6, 0x38, 0xc6, 0x38, 0xc6,
    0x00, 0x00, 0x00, 0x00, 0x00, 0x00, 0x00, 0x00, 0x00, 0x00, 0x38, 0xc6,
    0x38, 0xc6, 0x38, 0xc6, 0x38, 0xc6, 0x38, 0xc6, 0x38, 0xc6, 0x38, 0xc6,
    0x38, 0xc6, 0x38, 0xc6, 0x38, 0xc6, 0x38, 0xc6, 0x38, 0xc6, 0x38, 0xc6,
    0x38, 0xc6, 0x38, 0xc6, 0x38, 0xc6, 0x38, 0xc6, 0x38, 0xc6, 0x38, 0xc6,
    0x38, 0xc6, 0x38, 0xc6, 0x38, 0xc6, 0x38, 0xc6, 0x38, 0xc6, 0x38, 0xc6,
    0x38, 0xc6, 0x38, 0xc6, 0x38, 0xc6, 0x38, 0xc6, 0x38, 0xc6, 0x38, 0xc6,
    0x38, 0xc6, 0x38, 0xc6, 0x38, 0xc6, 0x38, 0xc6, 0x38, 0xc6, 0x38, 0xc6,
    0x38, 0xc6, 0x38, 0xc6, 0x38, 0xc6, 0x38, 0xc6, 0x38, 0xc6, 0x38, 0xc6,
    0x38, 0xc6, 0x38, 0xc6, 0x38, 0xc6, 0x38, 0xc6, 0x38, 0xc6, 0x38, 0xc6,
    0x38, 0xc6, 0x38, 0xc6, 0x38, 0xc6, 0x38, 0xc6, 0x38, 0xc6, 0x38, 0xc6,
    0x38, 0xc6, 0x38, 0xc6, 0x38, 0xc6, 0x38, 0xc6, 0x38, 0xc6, 0x38, 0xc6,
    0x38, 0xc6, 0x38, 0xc6, 0x38, 0xc6, 0x38, 0xc6, 0x38, 0xc6, 0x38, 0xc6,
    0x38, 0xc6, 0x38, 0xc6, 0x38, 0xc6, 0x38, 0xc6, 0x38, 0xc6, 0x00, 0x00,
    0x00, 0x00, 0x00, 0x00, 0x00, 0x00, 0x00, 0x00, 0x00, 0x00, 0x00, 0x00,
    0x00, 0x00, 0x38, 0xc6, 0x38, 0xc6, 0x38, 0xc6, 0x38, 0xc6, 0x38, 0xc6,
    0x38, 0xc6, 0x38, 0xc6, 0x38, 0xc6, 0x38, 0xc6, 0x38, 0xc6, 0x38, 0xc6,
    0x38, 0xc6, 0x38, 0xc6, 0x38, 0xc6, 0x38, 0xc6, 0x38, 0xc6, 0x38, 0xc6,
    0x38, 0xc6, 0x38, 0xc6, 0x38, 0xc6, 0x38, 0xc6, 0x38, 0xc6, 0x38, 0xc6,
    0x38, 0xc6, 0x38, 0xc6, 0x00, 0x00, 0x00, 0x00, 0x00, 0x00, 0x00, 0x00,
    0x00, 0x00, 0x00, 0x00, 0x00, 0x00, 0x38, 0xc6, 0x38, 0xc6, 0x38, 0xc6,
    0x38, 0xc6, 0x38, 0xc6, 0x38, 0xc6, 0x38, 0xc6, 0x38, 0xc6, 0x38, 0xc6,
    0x38, 0xc6, 0x38, 0xc6, 0x38, 0xc6, 0x38, 0xc6, 0x38, 0xc6, 0x38, 0xc6,
    0x38, 0xc6, 0x38, 0xc6, 0x38, 0xc6, 0x38, 0xc6, 0x38, 0xc6, 0x38, 0xc6,
    0x38, 0xc6, 0x38, 0xc6, 0x38, 0xc6, 0x38, 0xc6, 0x00, 0x00, 0x00, 0x00,
    0x00, 0x00, 0x00, 0x00, 0x00, 0x00, 0x00, 0x00, 0x00, 0x00, 0x00, 0x00,
    0x00, 0x00, 0x00, 0x00, 0x00, 0x00, 0x00, 0x00, 0x00, 0x00, 0x00, 0x00,
    0x00, 0x00, 0x00, 0x00, 0x00, 0x00, 0x00, 0x00, 0x00, 0x00, 0x00, 0x00,
    0x00, 0x00, 0x00, 0x00, 0x00, 0x00, 0x00, 0x00, 0x00, 0x00, 0x00, 0x00,
    0x38, 0xc6, 0x38, 0xc6, 0x38, 0xc6, 0x38, 0xc6, 0x38, 0xc6, 0x38, 0xc6,
    0x38, 0xc6, 0x38, 0xc6, 0x38, 0xc6, 0x38, 0xc6, 0x38, 0xc6, 0x38, 0xc6,
    0x38, 0xc6, 0x38, 0xc6, 0x38, 0xc6, 0x38, 0xc6, 0x38, 0xc6, 0x38, 0xc6,
    0x38, 0xc6, 0x38, 0xc6, 0x38, 0xc6, 0x38, 0xc6, 0x38, 0xc6, 0x38, 0xc6,
    0x00, 0x00, 0x00, 0x00, 0x00, 0x00, 0x00, 0x00, 0x00, 0x00, 0x00, 0x00,
    0x00, 0x00, 0x00, 0x00, 0x00, 0x00, 0x00, 0x00, 0x00, 0x00, 0x00, 0x00,
    0x00, 0x00, 0x38, 0xc6, 0x38, 0xc6, 0x38, 0xc6, 0x38, 0xc6, 0x38, 0xc6,
    0x38, 0xc6, 0x38, 0xc6, 0x38, 0xc6, 0x38, 0xc6, 0x38, 0xc6, 0x38, 0xc6,
    0x38, 0xc6, 0x38, 0xc6, 0x38, 0xc6, 0x38, 0xc6, 0x38, 0xc6, 0x38, 0xc6,
    0x38, 0xc6, 0x38, 0xc6, 0x38, 0xc6, 0x38, 0xc6, 0x38, 0xc6, 0x38, 0xc6,
    0x38, 0xc6, 0x38, 0xc6, 0x00, 0x00, 0x00, 0x00, 0x00, 0x00, 0x00, 0x00,
    0x00, 0x00, 0x00, 0x00, 0x00, 0x00, 0x00, 0x00, 0x38, 0xc6, 0x38, 0xc6,
    0x38, 0xc6, 0x38, 0xc6, 0x38, 0xc6, 0x38, 0xc6, 0x38, 0xc6, 0x38, 0xc6,
    0x38, 0xc6, 0x38, 0xc6, 0x38, 0xc6, 0x38, 0xc6, 0x38, 0xc6, 0x38, 0xc6,
    0x38, 0xc6, 0x38, 0xc6, 0x38, 0xc6, 0x38, 0xc6, 0x38, 0xc6, 0x38, 0xc6,
    0x38, 0xc6, 0x38, 0xc6, 0x38, 0xc6, 0x38, 0xc6, 0x38, 0xc6, 0x38, 0xc6,
    0x38, 0xc6, 0x38, 0xc6, 0x38, 0xc6, 0x38, 0xc6, 0x38, 0xc6, 0x38, 0xc6,
    0x38, 0xc6, 0x38, 0xc6, 0x38, 0xc6, 0x38, 0xc6, 0x38, 0xc6, 0x38, 0xc6,
    0x38, 0xc6, 0x38, 0xc6, 0x38, 0xc6, 0x38, 0xc6, 0x38, 0xc6, 0x38, 0xc6,
    0x38, 0xc6, 0x38, 0xc6, 0x38, 0xc6, 0x38, 0xc6, 0x38, 0xc6, 0x38, 0xc6,
    0x38, 0xc6, 0x38, 0xc6, 0x38, 0xc6, 0x38, 0xc6, 0x38, 0xc6, 0x38, 0xc6,
    0x38, 0xc6, 0x38, 0xc6, 0x38, 0xc6, 0x38, 0xc6, 0x38, 0xc6, 0x38, 0xc6,
    0x38, 0xc6, 0x38, 0xc6, 0x38, 0xc6, 0x38, 0xc6, 0x38, 0xc6, 0x38, 0xc6,
    0x38, 0xc6, 0x38, 0xc6, 0x38, 0xc6, 0x38, 0xc6, 0x00, 0x00, 0x00, 0x00,
    0x00, 0x00, 0x00, 0x00, 0x38, 0xc6, 0x38, 0xc6, 0x38, 0xc6, 0x38, 0xc6,
    0x38, 0xc6, 0x38, 0xc6, 0x38, 0xc6, 0x38, 0xc6, 0x38, 0xc6, 0x38, 0xc6,
    0x38, 0xc6, 0x38, 0xc6, 0x38, 0xc6, 0x38, 0xc6, 0x38, 0xc6, 0x38, 0xc6,
    0x38, 0xc6, 0x38, 0xc6, 0x38, 0xc6, 0x38, 0xc6, 0x38, 0xc6, 0x38, 0xc6,
    0x38, 0xc6, 0x38, 0xc6, 0x38, 0xc6, 0x38, 0xc6, 0x38, 0xc6, 0x38, 0xc6,
    0x38, 0xc6, 0x38, 0xc6, 0x38, 0xc6, 0x38, 0xc6, 0x38, 0xc6, 0x38, 0xc6,
    0x38, 0xc6, 0x38, 0xc6, 0x38, 0xc6, 0x38, 0xc6, 0x38, 0xc6, 0x38, 0xc6,
    0x59, 0xce, 0x59, 0xce, 0x59, 0xce, 0x59, 0xce, 0x59, 0xce, 0x59, 0xce,
    0x59, 0xce, 0x59, 0xce, 0x59, 0xce, 0x38, 0xc6, 0x18, 0xc6, 0x18, 0xc6,
    0x18, 0xc6, 0x18, 0xc6, 0x18, 0xc6, 0x18, 0xc6, 0x18, 0xc6, 0x18, 0xc6,
    0x38, 0xc6, 0x18, 0xc6, 0x18, 0xc6, 0x18, 0xc6, 0x18, 0xc6, 0x18, 0xc6,
    0x18, 0xc6, 0x18, 0xc6, 0x18, 0xc6, 0xf7, 0xbd, 0x00, 0x00, 0x00, 0x00,
    0x00, 0x00, 0x00, 0x00, 0x00, 0x00, 0x00, 0x00, 0x00, 0x00, 0x00, 0x00,
    0x00, 0x00, 0x00, 0x00, 0x00, 0x00, 0x00, 0x00, 0x00, 0x00, 0x38, 0xc6,
    0x38, 0xc6, 0x38, 0xc6, 0x38, 0xc6, 0x38, 0xc6, 0x38, 0xc6, 0x38, 0xc6,
    0x38, 0xc6, 0x38, 0xc6, 0x38, 0xc6, 0x38, 0xc6, 0x38, 0xc6, 0x38, 0xc6,
    0x38, 0xc6, 0x38, 0xc6, 0x38, 0xc6, 0x38, 0xc6, 0x38, 0xc6, 0x38, 0xc6,
    0x38, 0xc6, 0x38, 0xc6, 0x38, 0xc6, 0x38, 0xc6, 0x38, 0xc6, 0x38, 0xc6,
    0x00, 0x00, 0x00, 0x00, 0x00, 0x00, 0x00, 0x00, 0x00, 0x00, 0x00, 0x00,
    0x00, 0x00, 0x38, 0xc6, 0x38, 0xc6, 0x38, 0xc6, 0x38, 0xc6, 0x38, 0xc6,
    0x38, 0xc6, 0x38, 0xc6, 0x38, 0xc6, 0x38, 0xc6, 0x38, 0xc6, 0x38, 0xc6,
    0x38, 0xc6, 0x38, 0xc6, 0x38, 0xc6, 0x38, 0xc6, 0x38, 0xc6, 0x38, 0xc6,
    0x38, 0xc6, 0x38, 0xc6, 0x38, 0xc6, 0x38, 0xc6, 0x38, 0xc6, 0x38, 0xc6,
    0x38, 0xc6, 0x38, 0xc6, 0x00, 0x00, 0x00, 0x00, 0x00, 0x00, 0x00, 0x00,
    0x00, 0x00, 0x00, 0x00, 0x00, 0x00, 0x00, 0x00, 0x00, 0x00, 0x00, 0x00,
    0x00, 0x00, 0x00, 0x00, 0x00, 0x00, 0x00, 0x00, 0x00, 0x00, 0x00, 0x00,
    0x00, 0x00, 0x00, 0x00, 0x00, 0x00, 0x00, 0x00, 0x00, 0x00, 0x00, 0x00,
    0x00, 0x00, 0x00, 0x00, 0x00, 0x00, 0x38, 0xc6, 0x38, 0xc6, 0x38, 0xc6,
    0x38, 0xc6, 0x38, 0xc6, 0x38, 0xc6, 0x38, 0xc6, 0x38, 0xc6, 0x38, 0xc6,
    0x38, 0xc6, 0x38, 0xc6, 0x38, 0xc6, 0x38, 0xc6, 0x38, 0xc6, 0x38, 0xc6,
    0x38, 0xc6, 0x38, 0xc6, 0x38, 0xc6, 0x38, 0xc6, 0x38, 0xc6, 0x38, 0xc6,
    0x38, 0xc6, 0x38, 0xc6, 0x38, 0xc6, 0x00, 0x00, 0x00, 0x00, 0x00, 0x00,
    0x00, 0x00, 0x00, 0x00, 0x00, 0x00, 0x00, 0x00, 0x00, 0x00, 0x00, 0x00,
    0x00, 0x00, 0x00, 0x00, 0x00, 0x00, 0x00, 0x00, 0x00, 0x00, 0x38, 0xc6,
    0x38, 0xc6, 0x38, 0xc6, 0x38, 0xc6, 0x38, 0xc6, 0x38, 0xc6, 0x38, 0xc6,
    0x38, 0xc6, 0x38, 0xc6, 0x38, 0xc6, 0x38, 0xc6, 0x38, 0xc6, 0x38, 0xc6,
    0x38, 0xc6, 0x38, 0xc6, 0x38, 0xc6, 0x38, 0xc6, 0x38, 0xc6, 0x38, 0xc6,
    0x38, 0xc6, 0x38, 0xc6, 0x38, 0xc6, 0x38, 0xc6, 0x38, 0xc6, 0x38, 0xc6,
    0x00, 0x00, 0x00, 0x00, 0x00, 0x00, 0x00, 0x00, 0x00, 0x00, 0x00, 0x00,
    0x00, 0x00, 0x00, 0x00, 0x38, 0xc6, 0x38, 0xc6, 0x38, 0xc6, 0x38, 0xc6,
    0x38, 0xc6, 0x38, 0xc6, 0x38, 0xc6, 0x38, 0xc6, 0x38, 0xc6, 0x38, 0xc6,
    0x38, 0xc6, 0x38, 0xc6, 0x38, 0xc6, 0x38, 0xc6, 0x38, 0xc6, 0x38, 0xc6,
    0x38, 0xc6, 0x38, 0xc6, 0x38, 0xc6, 0x38, 0xc6, 0x38, 0xc6, 0x38, 0xc6,
    0x38, 0xc6, 0x38, 0xc6, 0x38, 0xc6, 0x38, 0xc6, 0x38, 0xc6, 0x38, 0xc6,
    0x38, 0xc6, 0x38, 0xc6, 0x38, 0xc6, 0x38, 0xc6, 0x38, 0xc6, 0x38, 0xc6,
    0x38, 0xc6, 0x38, 0xc6, 0x38, 0xc6, 0x38, 0xc6, 0x38, 0xc6, 0x59, 0xce,
    0x59, 0xce, 0x59, 0xce, 0x59, 0xce, 0x59, 0xce, 0x59, 0xce, 0x59, 0xce,
    0x59, 0xce, 0x59, 0xce, 0x38, 0xc6, 0x18, 0xc6, 0x18, 0xc6, 0x18, 0xc6,
    0x18, 0xc6, 0x18, 0xc6, 0x18, 0xc6, 0x18, 0xc6, 0x18, 0xc6, 0x59, 0xce,
    0x18, 0xc6, 0x18, 0xc6, 0x18, 0xc6, 0x18, 0xc6, 0x18, 0xc6, 0x18, 0xc6,
    0x18, 0xc6, 0x18, 0xc6, 0x9a, 0xd6, 0x00, 0x00, 0x00, 0x00, 0x00, 0x00,
    0x00, 0x00, 0x00, 0x00, 0x00, 0x00, 0x00, 0x00, 0x00, 0x00, 0x00, 0x00,
    0x38, 0xc6, 0x38, 0xc6, 0x38, 0xc6, 0x38, 0xc6, 0x38, 0xc6, 0x38, 0xc6,
    0x38, 0xc6, 0x38, 0xc6, 0x38, 0xc6, 0x38, 0xc6, 0x38, 0xc6, 0x38, 0xc6,
    0x38, 0xc6, 0x38, 0xc6, 0x38, 0xc6, 0x38, 0xc6, 0x38, 0xc6, 0x38, 0xc6,
    0x38, 0xc6, 0x38, 0xc6, 0x38, 0xc6, 0x38, 0xc6, 0x38, 0xc6, 0x38, 0xc6,
    0x38, 0xc6, 0x38, 0xc6, 0x38, 0xc6, 0x38, 0xc6, 0x9a, 0xd6, 0x00, 0x00,
    0x00, 0x00, 0x00, 0x00, 0x00, 0x00, 0x00, 0x00, 0x00, 0x00, 0x00, 0x00,
    0x00, 0x00, 0x00, 0x00, 0x00, 0x00, 0x00, 0x00, 0x00, 0x00, 0x00, 0x00,
    0x00, 0x00, 0x00, 0x00, 0x00, 0x00, 0x00, 0x00, 0x00, 0x00, 0x00, 0x00,
    0x00, 0x00, 0x00, 0x00, 0x00, 0x00, 0x00, 0x00, 0x00, 0x00, 0x00, 0x00,
    0x00, 0x00, 0x00, 0x00, 0x00, 0x00, 0x00, 0x00, 0x00, 0x00, 0x00, 0x00,
    0x00, 0x00, 0x00, 0x00, 0x00, 0x00, 0x00, 0x00, 0x00, 0x00, 0x00, 0x00,
    0x00, 0x00, 0x00, 0x00, 0x00, 0x00, 0x00, 0x00, 0x00, 0x00, 0x00, 0x00,
    0x00, 0x00, 0x00, 0x00, 0x00, 0x00, 0x00, 0x00, 0x00, 0x00, 0x00, 0x00,
    0x00, 0x00, 0x00, 0x00, 0x00, 0x00, 0x38, 0xc6, 0x38, 0xc6, 0x38, 0xc6,
    0x38, 0xc6, 0x38, 0xc6, 0x38, 0xc6, 0x38, 0xc6, 0x38, 0xc6, 0x38, 0xc6,
    0x38, 0xc6, 0x38, 0xc6, 0x38, 0xc6, 0x38, 0xc6, 0x38, 0xc6, 0x38, 0xc6,
    0x38, 0xc6, 0x38, 0xc6, 0x38, 0xc6, 0x38, 0xc6, 0x38, 0xc6, 0x38, 0xc6,
    0x38, 0xc6, 0x38, 0xc6, 0x38, 0xc6, 0x38, 0xc6, 0x00, 0x00, 0x00, 0x00,
    0x00, 0x00, 0x00, 0x00, 0x00, 0x00, 0x00, 0x00, 0x00, 0x00, 0x38, 0xc6,
    0x38, 0xc6, 0x38, 0xc6, 0x38, 0xc6, 0x38, 0xc6, 0x38, 0xc6, 0x38, 0xc6,
    0x38, 0xc6, 0x38, 0xc6, 0x38, 0xc6, 0x38, 0xc6, 0x38, 0xc6, 0x38, 0xc6,
    0x38, 0xc6, 0x38, 0xc6, 0x38, 0xc6, 0x38, 0xc6, 0x38, 0xc6, 0x38, 0xc6,
    0x38, 0xc6, 0x38, 0xc6, 0x38, 0xc6, 0x38, 0xc6, 0x38, 0xc6, 0x38, 0xc6,
    0x00, 0x00, 0x00, 0x00, 0x00, 0x00, 0x00, 0x00, 0x00, 0x00, 0x00, 0x00,
    0x00, 0x00, 0x00, 0x00, 0x00, 0x00, 0x00, 0x00, 0x00, 0x00, 0x00, 0x00,
    0x00, 0x00, 0x00, 0x00, 0x00, 0x00, 0x00, 0x00, 0x00, 0x00, 0x00, 0x00,
    0x00, 0x00, 0x00, 0x00, 0x00, 0x00, 0x00, 0x00, 0x00, 0x00, 0x00, 0x00,
    0x79, 0xce, 0x38, 0xc6, 0x38, 0xc6, 0x38, 0xc6, 0x38, 0xc6, 0x38, 0xc6,
    0x38, 0xc6, 0x38, 0xc6, 0x38, 0xc6, 0x38, 0xc6, 0x38, 0xc6, 0x38, 0xc6,
    0x38, 0xc6, 0x38, 0xc6, 0x38, 0xc6, 0x38, 0xc6, 0x38, 0xc6, 0x38, 0xc6,
    0x38, 0xc6, 0x38, 0xc6, 0x38, 0xc6, 0x38, 0xc6, 0x38, 0xc6, 0x38, 0xc6,
    0x00, 0x00, 0x00, 0x00, 0x00, 0x00, 0x00, 0x00, 0x00, 0x00, 0x00, 0x00,
    0x00, 0x00, 0x00, 0x00, 0x00, 0x00, 0x00, 0x00, 0x00, 0x00, 0x00, 0x00,
    0x00, 0x00, 0x00, 0x00, 0x00, 0x00, 0x38, 0xc6, 0x38, 0xc6, 0x38, 0xc6,
    0x38, 0xc6, 0x38, 0xc6, 0x38, 0xc6, 0x38, 0xc6, 0x38, 0xc6, 0x38, 0xc6,
    0x38, 0xc6, 0x38, 0xc6, 0x38, 0xc6, 0x38, 0xc6, 0x38, 0xc6, 0x38, 0xc6,
    0x38, 0xc6, 0x38, 0xc6, 0x38, 0xc6, 0x38, 0xc6, 0x38, 0xc6, 0x38, 0xc6,
    0x38, 0xc6, 0x38, 0xc6, 0x38, 0xc6, 0x38, 0xc6, 0x00, 0x00, 0x00, 0x00,
    0x00, 0x00, 0x00, 0x00, 0x00, 0x00, 0x00, 0x00, 0x00, 0x00, 0x38, 0xc6,
    0x38, 0xc6, 0x38, 0xc6, 0x38, 0xc6, 0x38, 0xc6, 0x38, 0xc6, 0x38, 0xc6,
    0x38, 0xc6, 0x38, 0xc6, 0x38, 0xc6, 0x38, 0xc6, 0x38, 0xc6, 0x38, 0xc6,
    0x38, 0xc6, 0x38, 0xc6, 0x38, 0xc6, 0x38, 0xc6, 0x38, 0xc6, 0x38, 0xc6,
    0x38, 0xc6, 0x38, 0xc6, 0x38, 0xc6, 0x38, 0xc6, 0x38, 0xc6, 0x38, 0xc6,
    0x38, 0xc6, 0x38, 0xc6, 0x38, 0xc6, 0x18, 0xc6, 0x00, 0x00, 0x00, 0x00,
    0x00, 0x00, 0x00, 0x00, 0x00, 0x00, 0x00, 0x00, 0x00, 0x00, 0x00, 0x00,
    0x00, 0x00, 0x00, 0x00, 0x00, 0x00, 0x00, 0x00, 0x00, 0x00, 0x00, 0x00,
    0x00, 0x00, 0x00, 0x00, 0x00, 0x00, 0x00, 0x00, 0x00, 0x00, 0x00, 0x00,
    0x00, 0x00, 0x00, 0x00, 0x00, 0x00, 0x00, 0x00, 0x00, 0x00, 0x00, 0x00,
    0x00, 0x00, 0x00, 0x00, 0x00, 0x00, 0x00, 0x00, 0x00, 0x00, 0x00, 0x00,
    0x00, 0x00, 0x00, 0x00, 0x00, 0x00, 0x00, 0x00, 0x00, 0x00, 0x00, 0x00,
    0x00, 0x00, 0x00, 0x00, 0x00, 0x00, 0x00, 0x00, 0x00, 0x00, 0x00, 0x00,
    0x00, 0x00, 0x00, 0x00, 0x00, 0x00, 0x00, 0x00, 0x38, 0xc6, 0x38, 0xc6,
    0x38, 0xc6, 0x38, 0xc6, 0x38, 0xc6, 0x38, 0xc6, 0x38, 0xc6, 0x38, 0xc6,
    0x38, 0xc6, 0x38, 0xc6, 0x38, 0xc6, 0x38, 0xc6, 0x38, 0xc6, 0x38, 0xc6,
    0x38, 0xc6, 0x38, 0xc6, 0x38, 0xc6, 0x38, 0xc6, 0x38, 0xc6, 0x38, 0xc6,
    0x38, 0xc6, 0x38, 0xc6, 0x38, 0xc6, 0x38, 0xc6, 0x38, 0xc6, 0x38, 0xc6,
    0x59, 0xce, 0x00, 0x00, 0x00, 0x00, 0x00, 0x00, 0x00, 0x00, 0x00, 0x00,
    0x00, 0x00, 0x00, 0x00, 0x00, 0x00, 0x00, 0x00, 0x00, 0x00, 0x00, 0x00,
    0x00, 0x00, 0x00, 0x00, 0x00, 0x00, 0x00, 0x00, 0x00, 0x00, 0x00, 0x00,
    0x00, 0x00, 0x00, 0x00, 0x00, 0x00, 0x00, 0x00, 0x00, 0x00, 0x00, 0x00,
    0x00, 0x00, 0x00, 0x00, 0x00, 0x00, 0x00, 0x00, 0x00, 0x00, 0x00, 0x00,
    0x00, 0x00, 0x00, 0x00, 0x00, 0x00, 0x00, 0x00, 0x00, 0x00, 0x00, 0x00,
    0x00, 0x00, 0x00, 0x00, 0x00, 0x00, 0x00, 0x00, 0x00, 0x00, 0x00, 0x00,
    0x00, 0x00, 0x00, 0x00, 0x00, 0x00, 0x00, 0x00, 0x00, 0x00, 0x00, 0x00,
    0x00, 0x00, 0x00, 0x00, 0x00, 0x00, 0x00, 0x00, 0x00, 0x00, 0x00, 0x00,
    0x00, 0x00, 0x38, 0xc6, 0x38, 0xc6, 0x38, 0xc6, 0x38, 0xc6, 0x38, 0xc6,
    0x38, 0xc6, 0x38, 0xc6, 0x38, 0xc6, 0x38, 0xc6, 0x38, 0xc6, 0x38, 0xc6,
    0x38, 0xc6, 0x38, 0xc6, 0x38, 0xc6, 0x38, 0xc6, 0x38, 0xc6, 0x38, 0xc6,
    0x38, 0xc6, 0x38, 0xc6, 0x38, 0xc6, 0x38, 0xc6, 0x38, 0xc6, 0x38, 0xc6,
    0x38, 0xc6, 0x38, 0xc6, 0x00, 0x00, 0x00, 0x00, 0x00, 0x00, 0x00, 0x00,
    0x00, 0x00, 0x00, 0x00, 0x00, 0x00, 0x38, 0xc6, 0x38, 0xc6, 0x38, 0xc6,
    0x38, 0xc6, 0x38, 0xc6, 0x38, 0xc6, 0x38, 0xc6, 0x38, 0xc6, 0x38, 0xc6,
    0x38, 0xc6, 0x38, 0xc6, 0x38, 0xc6, 0x38, 0xc6, 0x38, 0xc6, 0x38, 0xc6,
    0x38, 0xc6, 0x38, 0xc6, 0x38, 0xc6, 0x38, 0xc6, 0x38, 0xc6, 0x38, 0xc6,
    0x38, 0xc6, 0x38, 0xc6, 0x38, 0xc6, 0x38, 0xc6, 0x00, 0x00, 0x00, 0x00,
    0x00, 0x00, 0x00, 0x00, 0x00, 0x00, 0x00, 0x00, 0x00, 0x00, 0x00, 0x00,
    0x00, 0x00, 0x00, 0x00, 0x00, 0x00, 0x00, 0x00, 0x00, 0x00, 0x00, 0x00,
    0x00, 0x00, 0x00, 0x00, 0x00, 0x00, 0x00, 0x00, 0x00, 0x00, 0x00, 0x00,
    0x00, 0x00, 0x00, 0x00, 0x00, 0x00, 0x9a, 0xd6, 0x38, 0xc6, 0x38, 0xc6,
    0x38, 0xc6, 0x38, 0xc6, 0x38, 0xc6, 0x38, 0xc6, 0x38, 0xc6, 0x38, 0xc6,
    0x38, 0xc6, 0x38, 0xc6, 0x38, 0xc6, 0x38, 0xc6, 0x38, 0xc6, 0x38, 0xc6,
    0x38, 0xc6, 0x38, 0xc6, 0x38, 0xc6, 0x38, 0xc6, 0x38, 0xc6, 0x38, 0xc6,
    0x38, 0xc6, 0x38, 0xc6, 0x18, 0xc6, 0x00, 0x00, 0x00, 0x00, 0x00, 0x00,
    0x00, 0x00, 0x00, 0x00, 0x00, 0x00, 0x00, 0x00, 0x00, 0x00, 0x00, 0x00,
    0x00, 0x00, 0x00, 0x00, 0x00, 0x00, 0x00, 0x00, 0x00, 0x00, 0x00, 0x00,
    0x00, 0x00, 0x38, 0xc6, 0x38, 0xc6, 0x38, 0xc6, 0x38, 0xc6, 0x38, 0xc6,
    0x38, 0xc6, 0x38, 0xc6, 0x38, 0xc6, 0x38, 0xc6, 0x38, 0xc6, 0x38, 0xc6,
    0x38, 0xc6, 0x38, 0xc6, 0x38, 0xc6, 0x38, 0xc6, 0x38, 0xc6, 0x38, 0xc6,
    0x38, 0xc6, 0x38, 0xc6, 0x38, 0xc6, 0x38, 0xc6, 0x38, 0xc6, 0x38, 0xc6,
    0x38, 0xc6, 0x38, 0xc6, 0x00, 0x00, 0x00, 0x00, 0x00, 0x00, 0x00, 0x00,
    0x00, 0x00, 0x00, 0x00, 0x00, 0x00, 0x38, 0xc6, 0x38, 0xc6, 0x38, 0xc6,
    0x38, 0xc6, 0x38, 0xc6, 0x38, 0xc6, 0x38, 0xc6, 0x38, 0xc6, 0x38, 0xc6,
    0x38, 0xc6, 0x38, 0xc6, 0x38, 0xc6, 0x38, 0xc6, 0x38, 0xc6, 0x38, 0xc6,
    0x38, 0xc6, 0x38, 0xc6, 0x38, 0xc6, 0x38, 0xc6, 0x38, 0xc6, 0x38, 0xc6,
    0x38, 0xc6, 0x38, 0xc6, 0x38, 0xc6, 0x38, 0xc6, 0x38, 0xc6, 0x38, 0xc6,
    0x00, 0x00, 0x00, 0x00, 0x00, 0x00, 0x00, 0x00, 0x00, 0x00, 0x00, 0x00,
    0x00, 0x00, 0x00, 0x00, 0x00, 0x00, 0x00, 0x00, 0x00, 0x00, 0x00, 0x00,
    0x00, 0x00, 0x00, 0x00, 0x00, 0x00, 0x00, 0x00, 0x00, 0x00, 0x00, 0x00,
    0x00, 0x00, 0x00, 0x00, 0x00, 0x00, 0x00, 0x00, 0x00, 0x00, 0x00, 0x00,
    0x00, 0x00, 0x00, 0x00, 0x00, 0x00, 0x00, 0x00, 0x00, 0x00, 0x00, 0x00,
    0x00, 0x00, 0x00, 0x00, 0x00, 0x00, 0x00, 0x00, 0x00, 0x00, 0x00, 0x00,
    0x00, 0x00, 0x00, 0x00, 0x00, 0x00, 0x00, 0x00, 0x00, 0x00, 0x00, 0x00,
    0x00, 0x00, 0x00, 0x00, 0x00, 0x00, 0x00, 0x00, 0x00, 0x00, 0x00, 0x00,
    0x00, 0x00, 0x00, 0x00, 0x38, 0xc6, 0x38, 0xc6, 0x38, 0xc6, 0x38, 0xc6,
    0x38, 0xc6, 0x38, 0xc6, 0x38, 0xc6, 0x38, 0xc6, 0x38, 0xc6, 0x38, 0xc6,
    0x38, 0xc6, 0x38, 0xc6, 0x38, 0xc6, 0x38, 0xc6, 0x38, 0xc6, 0x38, 0xc6,
    0x38, 0xc6, 0x38, 0xc6, 0x38, 0xc6, 0x38, 0xc6, 0x38, 0xc6, 0x38, 0xc6,
    0x38, 0xc6, 0x38, 0xc6, 0x38, 0xc6, 0x38, 0xc6, 0x00, 0x00, 0x00, 0x00,
    0x00, 0x00, 0x00, 0x00, 0x00, 0x00, 0x00, 0x00, 0x00, 0x00, 0x00, 0x00,
    0x00, 0x00, 0x00, 0x00, 0x00, 0x00, 0x00, 0x00, 0x00, 0x00, 0x00, 0x00,
    0x00, 0x00, 0x00, 0x00, 0x00, 0x00, 0x00, 0x00, 0x00, 0x00, 0x00, 0x00,
    0x00, 0x00, 0x00, 0x00, 0x00, 0x00, 0x00, 0x00, 0x00, 0x00, 0x00, 0x00,
    0x00, 0x00, 0x00, 0x00, 0x00, 0x00, 0x00, 0x00, 0x00, 0x00, 0x00, 0x00,
    0x00, 0x00, 0x00, 0x00, 0x00, 0x00, 0x00, 0x00, 0x00, 0x00, 0x00, 0x00,
    0x00, 0x00, 0x00, 0x00, 0x00, 0x00, 0x00, 0x00, 0x00, 0x00, 0x00, 0x00,
    0x00, 0x00, 0x00, 0x00, 0x00, 0x00, 0x00, 0x00, 0x00, 0x00, 0x00, 0x00,
    0x00, 0x00, 0x00, 0x00, 0x00, 0x00, 0x00, 0x00, 0x00, 0x00, 0x38, 0xc6,
    0x38, 0xc6, 0x38, 0xc6, 0x38, 0xc6, 0x38, 0xc6, 0x38, 0xc6, 0x38, 0xc6,
    0x38, 0xc6, 0x38, 0xc6, 0x38, 0xc6, 0x38, 0xc6, 0x38, 0xc6, 0x38, 0xc6,
    0x38, 0xc6, 0x38, 0xc6, 0x38, 0xc6, 0x38, 0xc6, 0x38, 0xc6, 0x38, 0xc6,
    0x38, 0xc6, 0x38, 0xc6, 0x38, 0xc6, 0x38, 0xc6, 0x38, 0xc6, 0x38, 0xc6,
    0x00, 0x00, 0x00, 0x00, 0x00, 0x00, 0x00, 0x00, 0x00, 0x00, 0x00, 0x00,
    0x00, 0x00, 0x38, 0xc6, 0x38, 0xc6, 0x38, 0xc6, 0x38, 0xc6, 0x38, 0xc6,
    0x38, 0xc6, 0x38, 0xc6, 0x38, 0xc6, 0x38, 0xc6, 0x38, 0xc6, 0x38, 0xc6,
    0x38, 0xc6, 0x38, 0xc6, 0x38, 0xc6, 0x38, 0xc6, 0x38, 0xc6, 0x38, 0xc6,
    0x38, 0xc6, 0x38, 0xc6, 0x38, 0xc6, 0x38, 0xc6, 0x38, 0xc6, 0x38, 0xc6,
    0x38, 0xc6, 0x38, 0xc6, 0x00, 0x00, 0x00, 0x00, 0x00, 0x00, 0x00, 0x00,
    0x00, 0x00, 0x00, 0x00, 0x00, 0x00, 0x00, 0x00, 0x00, 0x00, 0x00, 0x00,
    0x00, 0x00, 0x00, 0x00, 0x00, 0x00, 0x00, 0x00, 0x00, 0x00, 0x00, 0x00,
    0x00, 0x00, 0x00, 0x00, 0x00, 0x00, 0x00, 0x00, 0x00, 0x00, 0x00, 0x00,
    0xf7, 0xbd, 0x38, 0xc6, 0x38, 0xc6, 0x38, 0xc6, 0x38, 0xc6, 0x38, 0xc6,
    0x38, 0xc6, 0x38, 0xc6, 0x38, 0xc6, 0x38, 0xc6, 0x38, 0xc6, 0x38, 0xc6,
    0x38, 0xc6, 0x38, 0xc6, 0x38, 0xc6, 0x38, 0xc6, 0x38, 0xc6, 0x38, 0xc6,
    0x38, 0xc6, 0x38, 0xc6, 0x38, 0xc6, 0x38, 0xc6, 0x38, 0xc6, 0x59, 0xce,
    0x00, 0x00, 0x00, 0x00, 0x00, 0x00, 0x00, 0x00, 0x00, 0x00, 0x00, 0x00,
    0x00, 0x00, 0x00, 0x00, 0x00, 0x00, 0x00, 0x00, 0x00, 0x00, 0x00, 0x00,
    0x00, 0x00, 0x00, 0x00, 0x00, 0x00, 0x00, 0x00, 0x00, 0x00, 0x38, 0xc6,
    0x38, 0xc6, 0x38, 0xc6, 0x38, 0xc6, 0x38, 0xc6, 0x38, 0xc6, 0x38, 0xc6,
    0x38, 0xc6, 0x38, 0xc6, 0x38, 0xc6, 0x38, 0xc6, 0x38, 0xc6, 0x38, 0xc6,
    0x38, 0xc6, 0x38, 0xc6, 0x38, 0xc6, 0x38, 0xc6, 0x38, 0xc6, 0x38, 0xc6,
    0x38, 0xc6, 0x38, 0xc6, 0x38, 0xc6, 0x38, 0xc6, 0x38, 0xc6, 0x38, 0xc6,
    0x00, 0x00, 0x00, 0x00, 0x00, 0x00, 0x00, 0x00, 0x00, 0x00, 0x00, 0x00,
    0x00, 0x00, 0x38, 0xc6, 0x38, 0xc6, 0x38, 0xc6, 0x38, 0xc6, 0x38, 0xc6,
    0x38, 0xc6, 0x38, 0xc6, 0x38, 0xc6, 0x38, 0xc6, 0x38, 0xc6, 0x38, 0xc6,
    0x38, 0xc6, 0x38, 0xc6, 0x38, 0xc6, 0x38, 0xc6, 0x38, 0xc6, 0x38, 0xc6,
    0x38, 0xc6, 0x38, 0xc6, 0x38, 0xc6, 0x38, 0xc6, 0x38, 0xc6, 0x38, 0xc6,
    0x38, 0xc6, 0x38, 0xc6, 0x38, 0xc6, 0x00, 0x00, 0x00, 0x00, 0x00, 0x00,
    0x00, 0x00, 0x00, 0x00, 0x00, 0x00, 0x00, 0x00, 0x00, 0x00, 0x00, 0x00,
    0x00, 0x00, 0x00, 0x00, 0x00, 0x00, 0x00, 0x00, 0x00, 0x00, 0x00, 0x00,
    0x00, 0x00, 0x00, 0x00, 0x00, 0x00, 0x00, 0x00, 0x00, 0x00, 0x00, 0x00,
    0x00, 0x00, 0x00, 0x00, 0x00, 0x00, 0x00, 0x00, 0x00, 0x00, 0x00, 0x00,
    0x00, 0x00, 0x00, 0x00, 0x00, 0x00, 0x00, 0x00, 0x00, 0x00, 0x00, 0x00,
    0x00, 0x00, 0x00, 0x00, 0x00, 0x00, 0x00, 0x00, 0x00, 0x00, 0x00, 0x00,
    0x00, 0x00, 0x00, 0x00, 0x00, 0x00, 0x00, 0x00, 0x00, 0x00, 0x00, 0x00,
    0x00, 0x00, 0x00, 0x00, 0x00, 0x00, 0x00, 0x00, 0x00, 0x00, 0x00, 0x00,
    0x38, 0xc6, 0x38, 0xc6, 0x38, 0xc6, 0x38, 0xc6, 0x38, 0xc6, 0x38, 0xc6,
    0x38, 0xc6, 0x38, 0xc6, 0x38, 0xc6, 0x38, 0xc6, 0x38, 0xc6, 0x38, 0xc6,
    0x38, 0xc6, 0x38, 0xc6, 0x38, 0xc6, 0x38, 0xc6, 0x38, 0xc6, 0x38, 0xc6,
    0x38, 0xc6, 0x38, 0xc6, 0x38, 0xc6, 0x38, 0xc6, 0x38, 0xc6, 0x38, 0xc6,
    0x38, 0xc6, 0xf7, 0xbd, 0x00, 0x00, 0x00, 0x00, 0x00, 0x00, 0x00, 0x00,
    0x00, 0x00, 0x00, 0x00, 0x00, 0x00, 0x00, 0x00, 0x00, 0x00, 0x00, 0x00,
    0x00, 0x00, 0x00, 0x00, 0x00, 0x00, 0x00, 0x00, 0x00, 0x00, 0x00, 0x00,
    0x00, 0x00, 0x00, 0x00, 0x00, 0x00, 0x00, 0x00, 0x00, 0x00, 0x00, 0x00,
    0x00, 0x00, 0x00, 0x00, 0x00, 0x00, 0x00, 0x00, 0x00, 0x00, 0x00, 0x00,
    0x00, 0x00, 0x00, 0x00, 0x00, 0x00, 0x00, 0x00, 0x00, 0x00, 0x00, 0x00,
    0x00, 0x00, 0x00, 0x00, 0x00, 0x00, 0x00, 0x00, 0x00, 0x00, 0x00, 0x00,
    0x00, 0x00, 0x00, 0x00, 0x00, 0x00, 0x00, 0x00, 0x00, 0x00, 0x00, 0x00,
    0x00, 0x00, 0x00, 0x00, 0x00, 0x00, 0x00, 0x00, 0x00, 0x00, 0x00, 0x00,
    0x00, 0x00, 0x00, 0x00, 0x00, 0x00, 0x38, 0xc6, 0x38, 0xc6, 0x38, 0xc6,
    0x38, 0xc6, 0x38, 0xc6, 0x38, 0xc6, 0x38, 0xc6, 0x38, 0xc6, 0x38, 0xc6,
    0x38, 0xc6, 0x38, 0xc6, 0x38, 0xc6, 0x38, 0xc6, 0x38, 0xc6, 0x38, 0xc6,
    0x38, 0xc6, 0x38, 0xc6, 0x38, 0xc6, 0x38, 0xc6, 0x38, 0xc6, 0x38, 0xc6,
    0x38, 0xc6, 0x38, 0xc6, 0x38, 0xc6, 0x38, 0xc6, 0x00, 0x00, 0x00, 0x00,
    0x00, 0x00, 0x00, 0x00, 0x00, 0x00, 0x00, 0x00, 0x00, 0x00, 0x38, 0xc6,
    0x38, 0xc6, 0x38, 0xc6, 0x38, 0xc6, 0x38, 0xc6, 0x38, 0xc6, 0x38, 0xc6,
    0x38, 0xc6, 0x38, 0xc6, 0x38, 0xc6, 0x38, 0xc6, 0x38, 0xc6, 0x38, 0xc6,
    0x38, 0xc6, 0x38, 0xc6, 0x38, 0xc6, 0x38, 0xc6, 0x38, 0xc6, 0x38, 0xc6,
    0x38, 0xc6, 0x38, 0xc6, 0x38, 0xc6, 0x38, 0xc6, 0x38, 0xc6, 0x38, 0xc6,
    0x00, 0x00, 0x00, 0x00, 0x00, 0x00, 0x00, 0x00, 0x00, 0x00, 0x00, 0x00,
    0x00, 0x00, 0x00, 0x00, 0x00, 0x00, 0x00, 0x00, 0x00, 0x00, 0x00, 0x00,
    0x00, 0x00, 0x00, 0x00, 0x00, 0x00, 0x00, 0x00, 0x00, 0x00, 0x00, 0x00,
    0x00, 0x00, 0x00, 0x00, 0x00, 0x00, 0x59, 0xce, 0x38, 0xc6, 0x38, 0xc6,
    0x38, 0xc6, 0x38, 0xc6, 0x38, 0xc6, 0x38, 0xc6, 0x38, 0xc6, 0x38, 0xc6,
    0x38, 0xc6, 0x38, 0xc6, 0x38, 0xc6, 0x38, 0xc6, 0x38, 0xc6, 0x38, 0xc6,
    0x38, 0xc6, 0x38, 0xc6, 0x38, 0xc6, 0x38, 0xc6, 0x38, 0xc6, 0x38, 0xc6,
    0x38, 0xc6, 0x38, 0xc6, 0x38, 0xc6, 0x00, 0x00, 0x00, 0x00, 0x00, 0x00,
    0x00, 0x00, 0x00, 0x00, 0x00, 0x00, 0x00, 0x00, 0x00, 0x00, 0x00, 0x00,
    0x00, 0x00, 0x00, 0x00, 0x00, 0x00, 0x00, 0x00, 0x00, 0x00, 0x00, 0x00,
    0x00, 0x00, 0x00, 0x00, 0x00, 0x00, 0x38, 0xc6, 0x38, 0xc6, 0x38, 0xc6,
    0x38, 0xc6, 0x38, 0xc6, 0x38, 0xc6, 0x38, 0xc6, 0x38, 0xc6, 0x38, 0xc6,
    0x38, 0xc6, 0x38, 0xc6, 0x38, 0xc6, 0x38, 0xc6, 0x38, 0xc6, 0x38, 0xc6,
    0x38, 0xc6, 0x38, 0xc6, 0x38, 0xc6, 0x38, 0xc6, 0x38, 0xc6, 0x38, 0xc6,
    0x38, 0xc6, 0x38, 0xc6, 0x38, 0xc6, 0x38, 0xc6, 0x00, 0x00, 0x00, 0x00,
    0x00, 0x00, 0x00, 0x00, 0x00, 0x00, 0x00, 0x00, 0x00, 0x00, 0x38, 0xc6,
    0x38, 0xc6, 0x38, 0xc6, 0x38, 0xc6, 0x38, 0xc6, 0x38, 0xc6, 0x38, 0xc6,
    0x38, 0xc6, 0x38, 0xc6, 0x38, 0xc6, 0x38, 0xc6, 0x38, 0xc6, 0x38, 0xc6,
    0x38, 0xc6, 0x38, 0xc6, 0x38, 0xc6, 0x38, 0xc6, 0x38, 0xc6, 0x38, 0xc6,
    0x38, 0xc6, 0x38, 0xc6, 0x38, 0xc6, 0x38, 0xc6, 0x38, 0xc6, 0x38, 0xc6,
    0x79, 0xce, 0x00, 0x00, 0x00, 0x00, 0x00, 0x00, 0x00, 0x00, 0x00, 0x00,
    0x00, 0x00, 0x00, 0x00, 0x00, 0x00, 0x00, 0x00, 0x00, 0x00, 0x00, 0x00,
    0x00, 0x00, 0x00, 0x00, 0x00, 0x00, 0x00, 0x00, 0x00, 0x00, 0x00, 0x00,
    0x00, 0x00, 0x00, 0x00, 0x00, 0x00, 0x00, 0x00, 0x00, 0x00, 0x00, 0x00,
    0x00, 0x00, 0x00, 0x00, 0x00, 0x00, 0x00, 0x00, 0x00, 0x00, 0x00, 0x00,
    0x00, 0x00, 0x00, 0x00, 0x00, 0x00, 0x00, 0x00, 0x00, 0x00, 0x00, 0x00,
    0x00, 0x00, 0x00, 0x00, 0x00, 0x00, 0x00, 0x00, 0x00, 0x00, 0x00, 0x00,
    0x00, 0x00, 0x00, 0x00, 0x00, 0x00, 0x00, 0x00, 0x00, 0x00, 0x00, 0x00,
    0x00, 0x00, 0x00, 0x00, 0x00, 0x00, 0x79, 0xce, 0x38, 0xc6, 0x38, 0xc6,
    0x38, 0xc6, 0x38, 0xc6, 0x38, 0xc6, 0x38, 0xc6, 0x38, 0xc6, 0x38, 0xc6,
    0x38, 0xc6, 0x38, 0xc6, 0x38, 0xc6, 0x38, 0xc6, 0x38, 0xc6, 0x38, 0xc6,
    0x38, 0xc6, 0x38, 0xc6, 0x38, 0xc6, 0x38, 0xc6, 0x38, 0xc6, 0x38, 0xc6,
    0x38, 0xc6, 0x38, 0xc6, 0x38, 0xc6, 0x38, 0xc6, 0x38, 0xc6, 0x00, 0x00,
    0x00, 0x00, 0x00, 0x00, 0x00, 0x00, 0x00, 0x00, 0x00, 0x00, 0x00, 0x00,
    0x00, 0x00, 0x00, 0x00, 0x00, 0x00, 0x00, 0x00, 0x00, 0x00, 0x00, 0x00,
    0x00, 0x00, 0x00, 0x00, 0x00, 0x00, 0x00, 0x00, 0x00, 0x00, 0x00, 0x00,
    0x00, 0x00, 0x00, 0x00, 0x00, 0x00, 0x00, 0x00, 0x00, 0x00, 0x00, 0x00,
    0x00, 0x00, 0x00, 0x00, 0x00, 0x00, 0x00, 0x00, 0x00, 0x00, 0x00, 0x00,
    0x00, 0x00, 0x00, 0x00, 0x00, 0x00, 0x00, 0x00, 0x00, 0x00, 0x00, 0x00,
    0x00, 0x00, 0x00, 0x00, 0x00, 0x00, 0x00, 0x00, 0x00, 0x00, 0x00, 0x00,
    0x00, 0x00, 0x00, 0x00, 0x00, 0x00, 0x00, 0x00, 0x00, 0x00, 0x00, 0x00,
    0x00, 0x00, 0x00, 0x00, 0x00, 0x00, 0x00, 0x00, 0x00, 0x00, 0x00, 0x00,
    0x00, 0x00, 0x38, 0xc6, 0x38, 0xc6, 0x38, 0xc6, 0x38, 0xc6, 0x38, 0xc6,
    0x38, 0xc6, 0x38, 0xc6, 0x38, 0xc6, 0x38, 0xc6, 0x38, 0xc6, 0x38, 0xc6,
    0x38, 0xc6, 0x38, 0xc6, 0x38, 0xc6, 0x38, 0xc6, 0x38, 0xc6, 0x38, 0xc6,
    0x38, 0xc6, 0x38, 0xc6, 0x38, 0xc6, 0x38, 0xc6, 0x38, 0xc6, 0x38, 0xc6,
    0x38, 0xc6, 0x38, 0xc6, 0x00, 0x00, 0x00, 0x00, 0x00, 0x00, 0x00, 0x00,
    0x00, 0x00, 0x00, 0x00, 0x00, 0x00, 0x38, 0xc6, 0x38, 0xc6, 0x38, 0xc6,
    0x38, 0xc6, 0x38, 0xc6, 0x38, 0xc6, 0x38, 0xc6, 0x38, 0xc6, 0x38, 0xc6,
    0x38, 0xc6, 0x38, 0xc6, 0x38, 0xc6, 0x38, 0xc6, 0x38, 0xc6, 0x38, 0xc6,
    0x38, 0xc6, 0x38, 0xc6, 0x38, 0xc6, 0x38, 0xc6, 0x38, 0xc6, 0x38, 0xc6,
    0x38, 0xc6, 0x38, 0xc6, 0x38, 0xc6, 0x38, 0xc6, 0x00, 0x00, 0x00, 0x00,
    0x00, 0x00, 0x00, 0x00, 0x00, 0x00, 0x00, 0x00, 0x00, 0x00, 0x00, 0x00,
    0x00, 0x00, 0x00, 0x00, 0x00, 0x00, 0x00, 0x00, 0x00, 0x00, 0x00, 0x00,
    0x00, 0x00, 0x00, 0x00, 0x00, 0x00, 0x00, 0x00, 0x00, 0x00, 0x00, 0x00,
    0x79, 0xce, 0x38, 0xc6, 0x38, 0xc6, 0x38, 0xc6, 0x38, 0xc6, 0x38, 0xc6,
    0x38, 0xc6, 0x38, 0xc6, 0x38, 0xc6, 0x38, 0xc6, 0x38, 0xc6, 0x38, 0xc6,
    0x38, 0xc6, 0x38, 0xc6, 0x38, 0xc6, 0x38, 0xc6, 0x38, 0xc6, 0x38, 0xc6,
    0x38, 0xc6, 0x38, 0xc6, 0x38, 0xc6, 0x38, 0xc6, 0x38, 0xc6, 0x38, 0xc6,
    0x00, 0x00, 0x00, 0x00, 0x00, 0x00, 0x00, 0x00, 0x00, 0x00, 0x00, 0x00,
    0x00, 0x00, 0x00, 0x00, 0x00, 0x00, 0x00, 0x00, 0x00, 0x00, 0x00, 0x00,
    0x00, 0x00, 0x00, 0x00, 0x00, 0x00, 0x00, 0x00, 0x00, 0x00, 0x00, 0x00,
    0x00, 0x00, 0x38, 0xc6, 0x38, 0xc6, 0x38, 0xc6, 0x38, 0xc6, 0x38, 0xc6,
    0x38, 0xc6, 0x38, 0xc6, 0x38, 0xc6, 0x38, 0xc6, 0x38, 0xc6, 0x38, 0xc6,
    0x38, 0xc6, 0x38, 0xc6, 0x38, 0xc6, 0x38, 0xc6, 0x38, 0xc6, 0x38, 0xc6,
    0x38, 0xc6, 0x38, 0xc6, 0x38, 0xc6, 0x38, 0xc6, 0x38, 0xc6, 0x38, 0xc6,
    0x38, 0xc6, 0x38, 0xc6, 0x00, 0x00, 0x00, 0x00, 0x00, 0x00, 0x00, 0x00,
    0x00, 0x00, 0x00, 0x00, 0x00, 0x00, 0x38, 0xc6, 0x38, 0xc6, 0x38, 0xc6,
    0x38, 0xc6, 0x38, 0xc6, 0x38, 0xc6, 0x38, 0xc6, 0x38, 0xc6, 0x38, 0xc6,
    0x38, 0xc6, 0x38, 0xc6, 0x38, 0xc6, 0x38, 0xc6, 0x38, 0xc6, 0x38, 0xc6,
    0x38, 0xc6, 0x38, 0xc6, 0x38, 0xc6, 0x38, 0xc6, 0x38, 0xc6, 0x38, 0xc6,
    0x38, 0xc6, 0x38, 0xc6, 0x38, 0xc6, 0x38, 0xc6, 0x00, 0x00, 0x00, 0x00,
    0x00, 0x00, 0x00, 0x00, 0x00, 0x00, 0x00, 0x00, 0x00, 0x00, 0x00, 0x00,
    0x00, 0x00, 0x00, 0x00, 0x00, 0x00, 0x00, 0x00, 0x00, 0x00, 0x00, 0x00,
    0x00, 0x00, 0x00, 0x00, 0x00, 0x00, 0x00, 0x00, 0x00, 0x00, 0x00, 0x00,
    0x00, 0x00, 0x00, 0x00, 0x00, 0x00, 0x00, 0x00, 0x00, 0x00, 0x00, 0x00,
    0x00, 0x00, 0x00, 0x00, 0x00, 0x00, 0x00, 0x00, 0x00, 0x00, 0x00, 0x00,
    0x00, 0x00, 0x00, 0x00, 0x00, 0x00, 0x00, 0x00, 0x00, 0x00, 0x00, 0x00,
    0x00, 0x00, 0x00, 0x00, 0x00, 0x00, 0x00, 0x00, 0x00, 0x00, 0x00, 0x00,
    0x00, 0x00, 0x00, 0x00, 0x00, 0x00, 0x00, 0x00, 0x00, 0x00, 0x00, 0x00,
    0x00, 0x00, 0x38, 0xc6, 0x38, 0xc6, 0x38, 0xc6, 0x38, 0xc6, 0x38, 0xc6,
    0x38, 0xc6, 0x38, 0xc6, 0x38, 0xc6, 0x38, 0xc6, 0x38, 0xc6, 0x38, 0xc6,
    0x38, 0xc6, 0x38, 0xc6, 0x38, 0xc6, 0x38, 0xc6, 0x38, 0xc6, 0x38, 0xc6,
    0x38, 0xc6, 0x38, 0xc6, 0x38, 0xc6, 0x38, 0xc6, 0x38, 0xc6, 0x38, 0xc6,
    0x38, 0xc6, 0x38, 0xc6, 0x38, 0xc6, 0x00, 0x00, 0x00, 0x00, 0x00, 0x00,
    0x00, 0x00, 0x00, 0x00, 0x00, 0x00, 0x00, 0x00, 0x00, 0x00, 0x00, 0x00,
    0x00, 0x00, 0x00, 0x00, 0x00, 0x00, 0x00, 0x00, 0x00, 0x00, 0x00, 0x00,
    0x00, 0x00, 0x00, 0x00, 0x00, 0x00, 0x00, 0x00, 0x00, 0x00, 0x00, 0x00,
    0x00, 0x00, 0x00, 0x00, 0x00, 0x00, 0x00, 0x00, 0x00, 0x00, 0x00, 0x00,
    0x00, 0x00, 0x00, 0x00, 0x00, 0x00, 0x00, 0x00, 0x00, 0x00, 0x00, 0x00,
    0x00, 0x00, 0x00, 0x00, 0x00, 0x00, 0x00, 0x00, 0x00, 0x00, 0x00, 0x00,
    0x00, 0x00, 0x00, 0x00, 0x00, 0x00, 0x00, 0x00, 0x00, 0x00, 0x00, 0x00,
    0x00, 0x00, 0x00, 0x00, 0x00, 0x00, 0x00, 0x00, 0x00, 0x00, 0x00, 0x00,
    0x00, 0x00, 0x00, 0x00, 0x00, 0x00, 0x00, 0x00, 0x00, 0x00, 0x38, 0xc6,
    0x38, 0xc6, 0x38, 0xc6, 0x38, 0xc6, 0x38, 0xc6, 0x38, 0xc6, 0x38, 0xc6,
    0x38, 0xc6, 0x38, 0xc6, 0x38, 0xc6, 0x38, 0xc6, 0x38, 0xc6, 0x38, 0xc6,
    0x38, 0xc6, 0x38, 0xc6, 0x38, 0xc6, 0x38, 0xc6, 0x38, 0xc6, 0x38, 0xc6,
    0x38, 0xc6, 0x38, 0xc6, 0x38, 0xc6, 0x38, 0xc6, 0x38, 0xc6, 0x38, 0xc6,
    0x00, 0x00, 0x00, 0x00, 0x00, 0x00, 0x00, 0x00, 0x00, 0x00, 0x00, 0x00,
    0x00, 0x00, 0x38, 0xc6, 0x38, 0xc6, 0x38, 0xc6, 0x38, 0xc6, 0x38, 0xc6,
    0x38, 0xc6, 0x38, 0xc6, 0x38, 0xc6, 0x38, 0xc6, 0x38, 0xc6, 0x38, 0xc6,
    0x38, 0xc6, 0x38, 0xc6, 0x38, 0xc6, 0x38, 0xc6, 0x38, 0xc6, 0x38, 0xc6,
    0x38, 0xc6, 0x38, 0xc6, 0x38, 0xc6, 0x38, 0xc6, 0x38, 0xc6, 0x38, 0xc6,
    0x38, 0xc6, 0x38, 0xc6, 0x00, 0x00, 0x00, 0x00, 0x00, 0x00, 0x00, 0x00,
    0x00, 0x00, 0x00, 0x00, 0x00, 0x00, 0x00, 0x00, 0x00, 0x00, 0x00, 0x00,
    0x00, 0x00, 0x00, 0x00, 0x00, 0x00, 0x00, 0x00, 0x00, 0x00, 0x00, 0x00,
    0x00, 0x00, 0x00, 0x00, 0x00, 0x00, 0xf7, 0xbd, 0x38, 0xc6, 0x38, 0xc6,
    0x38, 0xc6, 0x38, 0xc6, 0x38, 0xc6, 0x38, 0xc6, 0x38, 0xc6, 0x38, 0xc6,
    0x38, 0xc6, 0x38, 0xc6, 0x38, 0xc6, 0x38, 0xc6, 0x38, 0xc6, 0x38, 0xc6,
    0x38, 0xc6, 0x38, 0xc6, 0x38, 0xc6, 0x38, 0xc6, 0x38, 0xc6, 0x38, 0xc6,
    0x38, 0xc6, 0x38, 0xc6, 0x38, 0xc6, 0x00, 0x00, 0x00, 0x00, 0x00, 0x00,
    0x00, 0x00, 0x00, 0x00, 0x00, 0x00, 0x00, 0x00, 0x00, 0x00, 0x00, 0x00,
    0x00, 0x00, 0x00, 0x00, 0x00, 0x00, 0x00, 0x00, 0x00, 0x00, 0x00, 0x00,
    0x00, 0x00, 0x00, 0x00, 0x00, 0x00, 0x00, 0x00, 0x00, 0x00, 0x38, 0xc6,
    0x38, 0xc6, 0x38, 0xc6, 0x38, 0xc6, 0x38, 0xc6, 0x38, 0xc6, 0x38, 0xc6,
    0x38, 0xc6, 0x38, 0xc6, 0x38, 0xc6, 0x38, 0xc6, 0x38, 0xc6, 0x38, 0xc6,
    0x38, 0xc6, 0x38, 0xc6, 0x38, 0xc6, 0x38, 0xc6, 0x38, 0xc6, 0x38, 0xc6,
    0x38, 0xc6, 0x38, 0xc6, 0x38, 0xc6, 0x38, 0xc6, 0x38, 0xc6, 0x38, 0xc6,
    0x00, 0x00, 0x00, 0x00, 0x00, 0x00, 0x00, 0x00, 0x00, 0x00, 0x00, 0x00,
    0xf7, 0xbd, 0x38, 0xc6, 0x38, 0xc6, 0x38, 0xc6, 0x38, 0xc6, 0x38, 0xc6,
    0x38, 0xc6, 0x38, 0xc6, 0x38, 0xc6, 0x38, 0xc6, 0x38, 0xc6, 0x38, 0xc6,
    0x38, 0xc6, 0x38, 0xc6, 0x38, 0xc6, 0x38, 0xc6, 0x38, 0xc6, 0x38, 0xc6,
    0x38, 0xc6, 0x38, 0xc6, 0x38, 0xc6, 0x38, 0xc6, 0x38, 0xc6, 0x38, 0xc6,
    0x38, 0xc6, 0x38, 0xc6, 0x00, 0x00, 0x00, 0x00, 0x00, 0x00, 0x00, 0x00,
    0x00, 0x00, 0x00, 0x00, 0x00, 0x00, 0x00, 0x00, 0x00, 0x00, 0x00, 0x00,
    0x00, 0x00, 0x00, 0x00, 0x00, 0x00, 0x00, 0x00, 0x00, 0x00, 0x00, 0x00,
    0x00, 0x00, 0x00, 0x00, 0x00, 0x00, 0x00, 0x00, 0x00, 0x00, 0x00, 0x00,
    0x00, 0x00, 0x00, 0x00, 0x00, 0x00, 0x00, 0x00, 0x00, 0x00, 0x00, 0x00,
    0x00, 0x00, 0x00, 0x00, 0x00, 0x00, 0x00, 0x00, 0x00, 0x00, 0x00, 0x00,
    0x00, 0x00, 0x00, 0x00, 0x00, 0x00, 0x00, 0x00, 0x00, 0x00, 0x00, 0x00,
    0x00, 0x00, 0x00, 0x00, 0x00, 0x00, 0x00, 0x00, 0x00, 0x00, 0x00, 0x00,
    0x00, 0x00, 0x00, 0x00, 0x00, 0x00, 0x00, 0x00, 0x00, 0x00, 0x38, 0xc6,
    0x38, 0xc6, 0x38, 0xc6, 0x38, 0xc6, 0x38, 0xc6, 0x38, 0xc6, 0x38, 0xc6,
    0x38, 0xc6, 0x38, 0xc6, 0x38, 0xc6, 0x38, 0xc6, 0x38, 0xc6, 0x38, 0xc6,
    0x38, 0xc6, 0x38, 0xc6, 0x38, 0xc6, 0x38, 0xc6, 0x38, 0xc6, 0x38, 0xc6,
    0x38, 0xc6, 0x38, 0xc6, 0x38, 0xc6, 0x38, 0xc6, 0x38, 0xc6, 0x38, 0xc6,
    0x38, 0xc6, 0x00, 0x00, 0x00, 0x00, 0x00, 0x00, 0x00, 0x00, 0x00, 0x00,
    0x00, 0x00, 0x00, 0x00, 0x00, 0x00, 0x00, 0x00, 0x00, 0x00, 0x00, 0x00,
    0x00, 0x00, 0x00, 0x00, 0x00, 0x00, 0x00, 0x00, 0x00, 0x00, 0x00, 0x00,
    0x00, 0x00, 0x00, 0x00, 0x00, 0x00, 0x00, 0x00, 0x00, 0x00, 0x00, 0x00,
    0x00, 0x00, 0x00, 0x00, 0x00, 0x00, 0x00, 0x00, 0x00, 0x00, 0x00, 0x00,
    0x00, 0x00, 0x00, 0x00, 0x00, 0x00, 0x00, 0x00, 0x00, 0x00, 0x00, 0x00,
    0x00, 0x00, 0x00, 0x00, 0x00, 0x00, 0x00, 0x00, 0x00, 0x00, 0x00, 0x00,
    0x00, 0x00, 0x00, 0x00, 0x00, 0x00, 0x00, 0x00, 0x00, 0x00, 0x00, 0x00,
    0x00, 0x00, 0x00, 0x00, 0x00, 0x00, 0x00, 0x00, 0x00, 0x00, 0x00, 0x00,
    0x00, 0x00, 0x00, 0x00, 0x00, 0x00, 0x38, 0xc6, 0x38, 0xc6, 0x38, 0xc6,
    0x38, 0xc6, 0x38, 0xc6, 0x38, 0xc6, 0x38, 0xc6, 0x38, 0xc6, 0x38, 0xc6,
    0x38, 0xc6, 0x38, 0xc6, 0x38, 0xc6, 0x38, 0xc6, 0x38, 0xc6, 0x38, 0xc6,
    0x38, 0xc6, 0x38, 0xc6, 0x38, 0xc6, 0x38, 0xc6, 0x38, 0xc6, 0x38, 0xc6,
    0x38, 0xc6, 0x38, 0xc6, 0x38, 0xc6, 0x38, 0xc6, 0x00, 0x00, 0x00, 0x00,
    0x00, 0x00, 0x00, 0x00, 0x00, 0x00, 0x00, 0x00, 0x00, 0x00, 0x38, 0xc6,
    0x38, 0xc6, 0x38, 0xc6, 0x38, 0xc6, 0x38, 0xc6, 0x38, 0xc6, 0x38, 0xc6,
    0x38, 0xc6, 0x38, 0xc6, 0x38, 0xc6, 0x38, 0xc6, 0x38, 0xc6, 0x38, 0xc6,
    0x38, 0xc6, 0x38, 0xc6, 0x38, 0xc6, 0x38, 0xc6, 0x38, 0xc6, 0x38, 0xc6,
    0x38, 0xc6, 0x38, 0xc6, 0x38, 0xc6, 0x38, 0xc6, 0x38, 0xc6, 0x38, 0xc6,
    0x00, 0x00, 0x00, 0x00, 0x00, 0x00, 0x00, 0x00, 0x00, 0x00, 0x00, 0x00,
    0x00, 0x00, 0x00, 0x00, 0x00, 0x00, 0x00, 0x00, 0x00, 0x00, 0x00, 0x00,
    0x00, 0x00, 0x00, 0x00, 0x00, 0x00, 0x00, 0x00, 0x00, 0x00, 0x00, 0x00,
    0x18, 0xc6, 0x38, 0xc6, 0x38, 0xc6, 0x38, 0xc6, 0x38, 0xc6, 0x38, 0xc6,
    0x38, 0xc6, 0x38, 0xc6, 0x38, 0xc6, 0x38, 0xc6, 0x38, 0xc6, 0x38, 0xc6,
    0x38, 0xc6, 0x38, 0xc6, 0x38, 0xc6, 0x38, 0xc6, 0x38, 0xc6, 0x38, 0xc6,
    0x38, 0xc6, 0x38, 0xc6, 0x38, 0xc6, 0x38, 0xc6, 0x38, 0xc6, 0x38, 0xc6,
    0x00, 0x00, 0x00, 0x00, 0x00, 0x00, 0x00, 0x00, 0x00, 0x00, 0x00, 0x00,
    0x00, 0x00, 0x00, 0x00, 0x00, 0x00, 0x00, 0x00, 0x00, 0x00, 0x00, 0x00,
    0x00, 0x00, 0x00, 0x00, 0x00, 0x00, 0x00, 0x00, 0x00, 0x00, 0x00, 0x00,
    0x00, 0x00, 0x00, 0x00, 0x00, 0x00, 0x38, 0xc6, 0x38, 0xc6, 0x38, 0xc6,
    0x38, 0xc6, 0x38, 0xc6, 0x38, 0xc6, 0x38, 0xc6, 0x38, 0xc6, 0x38, 0xc6,
    0x38, 0xc6, 0x38, 0xc6, 0x38, 0xc6, 0x38, 0xc6, 0x38, 0xc6, 0x38, 0xc6,
    0x38, 0xc6, 0x38, 0xc6, 0x38, 0xc6, 0x38, 0xc6, 0x38, 0xc6, 0x38, 0xc6,
    0x38, 0xc6, 0x38, 0xc6, 0x38, 0xc6, 0x38, 0xc6, 0x00, 0x00, 0x00, 0x00,
    0x00, 0x00, 0x00, 0x00, 0x00, 0x00, 0x00, 0x00, 0x79, 0xce, 0x38, 0xc6,
    0x38, 0xc6, 0x38, 0xc6, 0x38, 0xc6, 0x38, 0xc6, 0x38, 0xc6, 0x38, 0xc6,
    0x38, 0xc6, 0x38, 0xc6, 0x38, 0xc6, 0x38, 0xc6, 0x38, 0xc6, 0x38, 0xc6,
    0x38, 0xc6, 0x38, 0xc6, 0x38, 0xc6, 0x38, 0xc6, 0x38, 0xc6, 0x38, 0xc6,
    0x38, 0xc6, 0x38, 0xc6, 0x38, 0xc6, 0x38, 0xc6, 0x38, 0xc6, 0x38, 0xc6,
    0x00, 0x00, 0x00, 0x00, 0x00, 0x00, 0x00, 0x00, 0x00, 0x00, 0x00, 0x00,
    0x00, 0x00, 0x00, 0x00, 0x00, 0x00, 0x00, 0x00, 0x00, 0x00, 0x00, 0x00,
    0x00, 0x00, 0x00, 0x00, 0x00, 0x00, 0x00, 0x00, 0x00, 0x00, 0x00, 0x00,
    0x00, 0x00, 0x00, 0x00, 0x00, 0x00, 0x00, 0x00, 0x00, 0x00, 0x00, 0x00,
    0x00, 0x00, 0x00, 0x00, 0x00, 0x00, 0x00, 0x00, 0x00, 0x00, 0x00, 0x00,
    0x00, 0x00, 0x00, 0x00, 0x00, 0x00, 0x00, 0x00, 0x00, 0x00, 0x00, 0x00,
    0x00, 0x00, 0x00, 0x00, 0x00, 0x00, 0x00, 0x00, 0x00, 0x00, 0x00, 0x00,
    0x00, 0x00, 0x00, 0x00, 0x00, 0x00, 0x00, 0x00, 0x00, 0x00, 0x00, 0x00,
    0x00, 0x00, 0x00, 0x00, 0x00, 0x00, 0x59, 0xce, 0x38, 0xc6, 0x38, 0xc6,
    0x38, 0xc6, 0x38, 0xc6, 0x38, 0xc6, 0x38, 0xc6, 0x38, 0xc6, 0x38, 0xc6,
    0x38, 0xc6, 0x38, 0xc6, 0x38, 0xc6, 0x38, 0xc6, 0x38, 0xc6, 0x38, 0xc6,
    0x38, 0xc6, 0x38, 0xc6, 0x38, 0xc6, 0x38, 0xc6, 0x38, 0xc6, 0x38, 0xc6,
    0x38, 0xc6, 0x38, 0xc6, 0x38, 0xc6, 0x38, 0xc6, 0x38, 0xc6, 0x00, 0x00,
    0x00, 0x00, 0x00, 0x00, 0x00, 0x00, 0x00, 0x00, 0x00, 0x00, 0x00, 0x00,
    0x00, 0x00, 0x00, 0x00, 0x00, 0x00, 0x00, 0x00, 0x00, 0x00, 0x00, 0x00,
    0x00, 0x00, 0x00, 0x00, 0x00, 0x00, 0x00, 0x00, 0x00, 0x00, 0x00, 0x00,
    0x00, 0x00, 0x00, 0x00, 0x00, 0x00, 0x00, 0x00, 0x00, 0x00, 0x00, 0x00,
    0x00, 0x00, 0x00, 0x00, 0x00, 0x00, 0x00, 0x00, 0x00, 0x00, 0x00, 0x00,
    0x00, 0x00, 0x00, 0x00, 0x00, 0x00, 0x00, 0x00, 0x00, 0x00, 0x00, 0x00,
    0x00, 0x00, 0x00, 0x00, 0x00, 0x00, 0x00, 0x00, 0x00, 0x00, 0x00, 0x00,
    0x00, 0x00, 0x00, 0x00, 0x00, 0x00, 0x00, 0x00, 0x00, 0x00, 0x00, 0x00,
    0x00, 0x00, 0x00, 0x00, 0x00, 0x00, 0x00, 0x00, 0x00, 0x00, 0x00, 0x00,
    0x00, 0x00, 0x38, 0xc6, 0x38, 0xc6, 0x38, 0xc6, 0x38, 0xc6, 0x38, 0xc6,
    0x38, 0xc6, 0x38, 0xc6, 0x38, 0xc6, 0x38, 0xc6, 0x38, 0xc6, 0x38, 0xc6,
    0x38, 0xc6, 0x38, 0xc6, 0x38, 0xc6, 0x38, 0xc6, 0x38, 0xc6, 0x38, 0xc6,
    0x38, 0xc6, 0x38, 0xc6, 0x38, 0xc6, 0x38, 0xc6, 0x38, 0xc6, 0x38, 0xc6,
    0x38, 0xc6, 0x38, 0xc6, 0x00, 0x00, 0x00, 0x00, 0x00, 0x00, 0x00, 0x00,
    0x00, 0x00, 0x00, 0x00, 0x00, 0x00, 0x38, 0xc6, 0x38, 0xc6, 0x38, 0xc6,
    0x38, 0xc6, 0x38, 0xc6, 0x38, 0xc6, 0x38, 0xc6, 0x38, 0xc6, 0x38, 0xc6,
    0x38, 0xc6, 0x38, 0xc6, 0x38, 0xc6, 0x38, 0xc6, 0x38, 0xc6, 0x38, 0xc6,
    0x38, 0xc6, 0x38, 0xc6, 0x38, 0xc6, 0x38, 0xc6, 0x38, 0xc6, 0x38, 0xc6,
    0x38, 0xc6, 0x38, 0xc6, 0x38, 0xc6, 0x38, 0xc6, 0x00, 0x00, 0x00, 0x00,
    0x00, 0x00, 0x00, 0x00, 0x00, 0x00, 0x00, 0x00, 0x00, 0x00, 0x00, 0x00,
    0x00, 0x00, 0x00, 0x00, 0x00, 0x00, 0x00, 0x00, 0x00, 0x00, 0x00, 0x00,
    0x00, 0x00, 0x00, 0x00, 0x00, 0x00, 0x59, 0xce, 0x38, 0xc6, 0x38, 0xc6,
    0x38, 0xc6, 0x38, 0xc6, 0x38, 0xc6, 0x38, 0xc6, 0x38, 0xc6, 0x38, 0xc6,
    0x38, 0xc6, 0x38, 0xc6, 0x38, 0xc6, 0x38, 0xc6, 0x38, 0xc6, 0x38, 0xc6,
    0x38, 0xc6, 0x38, 0xc6, 0x38, 0xc6, 0x38, 0xc6, 0x38, 0xc6, 0x38, 0xc6,
    0x38, 0xc6, 0x38, 0xc6, 0x38, 0xc6, 0x00, 0x00, 0x00, 0x00, 0x00, 0x00,
    0x00, 0x00, 0x00, 0x00, 0x00, 0x00, 0x00, 0x00, 0x00, 0x00, 0x00, 0x00,
    0x00, 0x00, 0x00, 0x00, 0x00, 0x00, 0x00, 0x00, 0x00, 0x00, 0x00, 0x00,
    0x00, 0x00, 0x00, 0x00, 0x00, 0x00, 0x00, 0x00, 0x00, 0x00, 0x00, 0x00,
    0x00, 0x00, 0x38, 0xc6, 0x38, 0xc6, 0x38, 0xc6, 0x38, 0xc6, 0x38, 0xc6,
    0x38, 0xc6, 0x38, 0xc6, 0x38, 0xc6, 0x38, 0xc6, 0x38, 0xc6, 0x38, 0xc6,
    0x38, 0xc6, 0x38, 0xc6, 0x38, 0xc6, 0x38, 0xc6, 0x38, 0xc6, 0x38, 0xc6,
    0x38, 0xc6, 0x38, 0xc6, 0x38, 0xc6, 0x38, 0xc6, 0x38, 0xc6, 0x38, 0xc6,
    0x38, 0xc6, 0x38, 0xc6, 0x00, 0x00, 0x00, 0x00, 0x00, 0x00, 0x00, 0x00,
    0x00, 0x00, 0x00, 0x00, 0x38, 0xc6, 0x38, 0xc6, 0x38, 0xc6, 0x38, 0xc6,
    0x38, 0xc6, 0x38, 0xc6, 0x38, 0xc6, 0x38, 0xc6, 0x38, 0xc6, 0x38, 0xc6,
    0x38, 0xc6, 0x38, 0xc6, 0x38, 0xc6, 0x38, 0xc6, 0x38, 0xc6, 0x38, 0xc6,
    0x38, 0xc6, 0x38, 0xc6, 0x38, 0xc6, 0x38, 0xc6, 0x38, 0xc6, 0x38, 0xc6,
    0x38, 0xc6, 0x38, 0xc6, 0x38, 0xc6, 0x38, 0xc6, 0x00, 0x00, 0x00, 0x00,
    0x00, 0x00, 0x00, 0x00, 0x00, 0x00, 0x00, 0x00, 0x00, 0x00, 0x00, 0x00,
    0x00, 0x00, 0x00, 0x00, 0x00, 0x00, 0x00, 0x00, 0x00, 0x00, 0x00, 0x00,
    0x00, 0x00, 0x00, 0x00, 0x00, 0x00, 0x00, 0x00, 0x00, 0x00, 0x00, 0x00,
    0x00, 0x00, 0x00, 0x00, 0x00, 0x00, 0x00, 0x00, 0x00, 0x00, 0x00, 0x00,
    0x00, 0x00, 0x00, 0x00, 0x00, 0x00, 0x00, 0x00, 0x00, 0x00, 0x00, 0x00,
    0x00, 0x00, 0x00, 0x00, 0x00, 0x00, 0x00, 0x00, 0x00, 0x00, 0x00, 0x00,
    0x00, 0x00, 0x00, 0x00, 0x00, 0x00, 0x00, 0x00, 0x00, 0x00, 0x00, 0x00,
    0x00, 0x00, 0x00, 0x00, 0x00, 0x00, 0x00, 0x00, 0x00, 0x00, 0x00, 0x00,
    0x00, 0x00, 0x38, 0xc6, 0x38, 0xc6, 0x38, 0xc6, 0x38, 0xc6, 0x38, 0xc6,
    0x38, 0xc6, 0x38, 0xc6, 0x38, 0xc6, 0x38, 0xc6, 0x38, 0xc6, 0x38, 0xc6,
    0x38, 0xc6, 0x38, 0xc6, 0x38, 0xc6, 0x38, 0xc6, 0x38, 0xc6, 0x38, 0xc6,
    0x38, 0xc6, 0x38, 0xc6, 0x38, 0xc6, 0x38, 0xc6, 0x38, 0xc6, 0x38, 0xc6,
    0x38, 0xc6, 0x38, 0xc6, 0x38, 0xc6, 0x00, 0x00, 0x00, 0x00, 0x00, 0x00,
    0x00, 0x00, 0x00, 0x00, 0x00, 0x00, 0x00, 0x00, 0x00, 0x00, 0x00, 0x00,
    0x00, 0x00, 0x00, 0x00, 0x00, 0x00, 0x00, 0x00, 0x00, 0x00, 0x00, 0x00,
    0x00, 0x00, 0x00, 0x00, 0x00, 0x00, 0x00, 0x00, 0x00, 0x00, 0x00, 0x00,
    0x00, 0x00, 0x00, 0x00, 0x00, 0x00, 0x00, 0x00, 0x00, 0x00, 0x00, 0x00,
    0x00, 0x00, 0x00, 0x00, 0x00, 0x00, 0x00, 0x00, 0x00, 0x00, 0x00, 0x00,
    0x00, 0x00, 0x00, 0x00, 0x00, 0x00, 0x00, 0x00, 0x00, 0x00, 0x00, 0x00,
    0x00, 0x00, 0x00, 0x00, 0x00, 0x00, 0x00, 0x00, 0x00, 0x00, 0x00, 0x00,
    0x00, 0x00, 0x00, 0x00, 0x00, 0x00, 0x00, 0x00, 0x00, 0x00, 0x00, 0x00,
    0x00, 0x00, 0x00, 0x00, 0x00, 0x00, 0x00, 0x00, 0x00, 0x00, 0x38, 0xc6,
    0x38, 0xc6, 0x38, 0xc6, 0x38, 0xc6, 0x38, 0xc6, 0x38, 0xc6, 0x38, 0xc6,
    0x38, 0xc6, 0x38, 0xc6, 0x38, 0xc6, 0x38, 0xc6, 0x38, 0xc6, 0x38, 0xc6,
    0x38, 0xc6, 0x38, 0xc6, 0x38, 0xc6, 0x38, 0xc6, 0x38, 0xc6, 0x38, 0xc6,
    0x38, 0xc6, 0x38, 0xc6, 0x38, 0xc6, 0x38, 0xc6, 0x38, 0xc6, 0x38, 0xc6,
    0x00, 0x00, 0x00, 0x00, 0x00, 0x00, 0x00, 0x00, 0x00, 0x00, 0x00, 0x00,
    0x00, 0x00, 0x38, 0xc6, 0x38, 0xc6, 0x38, 0xc6, 0x38, 0xc6, 0x38, 0xc6,
    0x38, 0xc6, 0x38, 0xc6, 0x38, 0xc6, 0x38, 0xc6, 0x38, 0xc6, 0x38, 0xc6,
    0x38, 0xc6, 0x38, 0xc6, 0x38, 0xc6, 0x38, 0xc6, 0x38, 0xc6, 0x38, 0xc6,
    0x38, 0xc6, 0x38, 0xc6, 0x38, 0xc6, 0x38, 0xc6, 0x38, 0xc6, 0x38, 0xc6,
    0x38, 0xc6, 0x38, 0xc6, 0x00, 0x00, 0x00, 0x00, 0x00, 0x00, 0x00, 0x00,
    0x00, 0x00, 0x00, 0x00, 0x00, 0x00, 0x00, 0x00, 0x00, 0x00, 0x00, 0x00,
    0x00, 0x00, 0x00, 0x00, 0x00, 0x00, 0x00, 0x00, 0x00, 0x00, 0x00, 0x00,
    0x18, 0xc6, 0x38, 0xc6, 0x38, 0xc6, 0x38, 0xc6, 0x38, 0xc6, 0x38, 0xc6,
    0x38, 0xc6, 0x38, 0xc6, 0x38, 0xc6, 0x38, 0xc6, 0x38, 0xc6, 0x38, 0xc6,
    0x38, 0xc6, 0x38, 0xc6, 0x38, 0xc6, 0x38, 0xc6, 0x38, 0xc6, 0x38, 0xc6,
    0x38, 0xc6, 0x38, 0xc6, 0x38, 0xc6, 0x38, 0xc6, 0x38, 0xc6, 0x38, 0xc6,
    0x00, 0x00, 0x00, 0x00, 0x00, 0x00, 0x00, 0x00, 0x00, 0x00, 0x00, 0x00,
    0x00, 0x00, 0x00, 0x00, 0x00, 0x00, 0x00, 0x00, 0x00, 0x00, 0x00, 0x00,
    0x00, 0x00, 0x00, 0x00, 0x00, 0x00, 0x00, 0x00, 0x00, 0x00, 0x00, 0x00,
    0x00, 0x00, 0x00, 0x00, 0x00, 0x00, 0x00, 0x00, 0x00, 0x00, 0x38, 0xc6,
    0x38, 0xc6, 0x38, 0xc6, 0x38, 0xc6, 0x38, 0xc6, 0x38, 0xc6, 0x38, 0xc6,
    0x38, 0xc6, 0x38, 0xc6, 0x38, 0xc6, 0x38, 0xc6, 0x38, 0xc6, 0x38, 0xc6,
    0x38, 0xc6, 0x38, 0xc6, 0x38, 0xc6, 0x38, 0xc6, 0x38, 0xc6, 0x38, 0xc6,
    0x38, 0xc6, 0x38, 0xc6, 0x38, 0xc6, 0x38, 0xc6, 0x38, 0xc6, 0x38, 0xc6,
    0x00, 0x00, 0x00, 0x00, 0x00, 0x00, 0x00, 0x00, 0x00, 0x00, 0x00, 0x00,
    0x18, 0xc6, 0x38, 0xc6, 0x38, 0xc6, 0x38, 0xc6, 0x38, 0xc6, 0x38, 0xc6,
    0x38, 0xc6, 0x38, 0xc6, 0x38, 0xc6, 0x38, 0xc6, 0x38, 0xc6, 0x38, 0xc6,
    0x38, 0xc6, 0x38, 0xc6, 0x38, 0xc6, 0x38, 0xc6, 0x38, 0xc6, 0x38, 0xc6,
    0x38, 0xc6, 0x38, 0xc6, 0x38, 0xc6, 0x38, 0xc6, 0x38, 0xc6, 0x38, 0xc6,
    0x38, 0xc6, 0x38, 0xc6, 0x00, 0x00, 0x00, 0x00, 0x00, 0x00, 0x00, 0x00,
    0x00, 0x00, 0x00, 0x00, 0x00, 0x00, 0x00, 0x00, 0x00, 0x00, 0x00, 0x00,
    0x00, 0x00, 0x00, 0x00, 0x00, 0x00, 0x00, 0x00, 0x00, 0x00, 0x00, 0x00,
    0x00, 0x00, 0x00, 0x00, 0x00, 0x00, 0x00, 0x00, 0x00, 0x00, 0x00, 0x00,
    0x00, 0x00, 0x00, 0x00, 0x00, 0x00, 0x00, 0x00, 0x00, 0x00, 0x00, 0x00,
    0x00, 0x00, 0x00, 0x00, 0x00, 0x00, 0x00, 0x00, 0x00, 0x00, 0x00, 0x00,
    0x00, 0x00, 0x00, 0x00, 0x00, 0x00, 0x00, 0x00, 0x00, 0x00, 0x00, 0x00,
    0x00, 0x00, 0x00, 0x00, 0x00, 0x00, 0x00, 0x00, 0x00, 0x00, 0x00, 0x00,
    0x00, 0x00, 0x00, 0x00, 0x00, 0x00, 0x00, 0x00, 0x00, 0x00, 0x38, 0xc6,
    0x38, 0xc6, 0x38, 0xc6, 0x38, 0xc6, 0x38, 0xc6, 0x38, 0xc6, 0x38, 0xc6,
    0x38, 0xc6, 0x38, 0xc6, 0x38, 0xc6, 0x38, 0xc6, 0x38, 0xc6, 0x38, 0xc6,
    0x38, 0xc6, 0x38, 0xc6, 0x38, 0xc6, 0x38, 0xc6, 0x38, 0xc6, 0x38, 0xc6,
    0x38, 0xc6, 0x38, 0xc6, 0x38, 0xc6, 0x38, 0xc6, 0x38, 0xc6, 0x38, 0xc6,
    0x38, 0xc6, 0x00, 0x00, 0x00, 0x00, 0x00, 0x00, 0x00, 0x00, 0x00, 0x00,
    0x00, 0x00, 0x00, 0x00, 0x00, 0x00, 0x00, 0x00, 0x00, 0x00, 0x00, 0x00,
    0x00, 0x00, 0x00, 0x00, 0x00, 0x00, 0x00, 0x00, 0x00, 0x00, 0x00, 0x00,
    0x00, 0x00, 0x00, 0x00, 0x00, 0x00, 0x00, 0x00, 0x00, 0x00, 0x00, 0x00,
    0x00, 0x00, 0x00, 0x00, 0x00, 0x00, 0x00, 0x00, 0x00, 0x00, 0x00, 0x00,
    0x00, 0x00, 0x00, 0x00, 0x00, 0x00, 0x00, 0x00, 0x00, 0x00, 0x00, 0x00,
    0x00, 0x00, 0x00, 0x00, 0x00, 0x00, 0x00, 0x00, 0x00, 0x00, 0x00, 0x00,
    0x00, 0x00, 0x00, 0x00, 0x00, 0x00, 0x00, 0x00, 0x00, 0x00, 0x00, 0x00,
    0x00, 0x00, 0x00, 0x00, 0x00, 0x00, 0x00, 0x00, 0x00, 0x00, 0x00, 0x00,
    0x00, 0x00, 0x00, 0x00, 0x00, 0x00, 0x38, 0xc6, 0x38, 0xc6, 0x38, 0xc6,
    0x38, 0xc6, 0x38, 0xc6, 0x38, 0xc6, 0x38, 0xc6, 0x38, 0xc6, 0x38, 0xc6,
    0x38, 0xc6, 0x38, 0xc6, 0x38, 0xc6, 0x38, 0xc6, 0x38, 0xc6, 0x38, 0xc6,
    0x38, 0xc6, 0x38, 0xc6, 0x38, 0xc6, 0x38, 0xc6, 0x38, 0xc6, 0x38, 0xc6,
    0x38, 0xc6, 0x38, 0xc6, 0x38, 0xc6, 0x38, 0xc6, 0x00, 0x00, 0x00, 0x00,
    0x00, 0x00, 0x00, 0x00, 0x00, 0x00, 0x00, 0x00, 0x00, 0x00, 0x38, 0xc6,
    0x38, 0xc6, 0x38, 0xc6, 0x38, 0xc6, 0x38, 0xc6, 0x38, 0xc6, 0x38, 0xc6,
    0x38, 0xc6, 0x38, 0xc6, 0x38, 0xc6, 0x38, 0xc6, 0x38, 0xc6, 0x38, 0xc6,
    0x38, 0xc6, 0x38, 0xc6, 0x38, 0xc6, 0x38, 0xc6, 0x38, 0xc6, 0x38, 0xc6,
    0x38, 0xc6, 0x38, 0xc6, 0x38, 0xc6, 0x38, 0xc6, 0x38, 0xc6, 0x38, 0xc6,
    0x00, 0x00, 0x00, 0x00, 0x00, 0x00, 0x00, 0x00, 0x00, 0x00, 0x00, 0x00,
    0x00, 0x00, 0x00, 0x00, 0x00, 0x00, 0x00, 0x00, 0x00, 0x00, 0x00, 0x00,
    0x00, 0x00, 0x00, 0x00, 0x00, 0x00, 0x38, 0xc6, 0x38, 0xc6, 0x38, 0xc6,
    0x38, 0xc6, 0x38, 0xc6, 0x38, 0xc6, 0x38, 0xc6, 0x38, 0xc6, 0x38, 0xc6,
    0x38, 0xc6, 0x38, 0xc6, 0x38, 0xc6, 0x38, 0xc6, 0x38, 0xc6, 0x38, 0xc6,
    0x38, 0xc6, 0x38, 0xc6, 0x38, 0xc6, 0x38, 0xc6, 0x38, 0xc6, 0x38, 0xc6,
    0x38, 0xc6, 0x38, 0xc6, 0x38, 0xc6, 0x00, 0x00, 0x00, 0x00, 0x00, 0x00,
    0x00, 0x00, 0x00, 0x00, 0x00, 0x00, 0x00, 0x00, 0x00, 0x00, 0x00, 0x00,
    0x00, 0x00, 0x00, 0x00, 0x00, 0x00, 0x00, 0x00, 0x00, 0x00, 0x00, 0x00,
    0x00, 0x00, 0x00, 0x00, 0x00, 0x00, 0x00, 0x00, 0x00, 0x00, 0x00, 0x00,
    0x00, 0x00, 0x00, 0x00, 0x00, 0x00, 0x38, 0xc6, 0x38, 0xc6, 0x38, 0xc6,
    0x38, 0xc6, 0x38, 0xc6, 0x38, 0xc6, 0x38, 0xc6, 0x38, 0xc6, 0x38, 0xc6,
    0x38, 0xc6, 0x38, 0xc6, 0x38, 0xc6, 0x38, 0xc6, 0x38, 0xc6, 0x38, 0xc6,
    0x38, 0xc6, 0x38, 0xc6, 0x38, 0xc6, 0x38, 0xc6, 0x38, 0xc6, 0x38, 0xc6,
    0x38, 0xc6, 0x38, 0xc6, 0x38, 0xc6, 0x38, 0xc6, 0x00, 0x00, 0x00, 0x00,
    0x00, 0x00, 0x00, 0x00, 0x00, 0x00, 0x00, 0x00, 0x59, 0xce, 0x38, 0xc6,
    0x38, 0xc6, 0x38, 0xc6, 0x38, 0xc6, 0x38, 0xc6, 0x38, 0xc6, 0x38, 0xc6,
    0x38, 0xc6, 0x38, 0xc6, 0x38, 0xc6, 0x38, 0xc6, 0x38, 0xc6, 0x38, 0xc6,
    0x38, 0xc6, 0x38, 0xc6, 0x38, 0xc6, 0x38, 0xc6, 0x38, 0xc6, 0x38, 0xc6,
    0x38, 0xc6, 0x38, 0xc6, 0x38, 0xc6, 0x38, 0xc6, 0x38, 0xc6, 0x38, 0xc6,
    0x00, 0x00, 0x00, 0x00, 0x00, 0x00, 0x00, 0x00, 0x00, 0x00, 0x00, 0x00,
    0x00, 0x00, 0x00, 0x00, 0x00, 0x00, 0x00, 0x00, 0x00, 0x00, 0x00, 0x00,
    0x00, 0x00, 0x00, 0x00, 0x00, 0x00, 0x00, 0x00, 0x00, 0x00, 0x00, 0x00,
    0x00, 0x00, 0x00, 0x00, 0x00, 0x00, 0x00, 0x00, 0x00, 0x00, 0x00, 0x00,
    0x00, 0x00, 0x00, 0x00, 0x00, 0x00, 0x00, 0x00, 0x00, 0x00, 0x00, 0x00,
    0x00, 0x00, 0x00, 0x00, 0x00, 0x00, 0x00, 0x00, 0x00, 0x00, 0x00, 0x00,
    0x00, 0x00, 0x00, 0x00, 0x00, 0x00, 0x00, 0x00, 0x00, 0x00, 0x00, 0x00,
    0x00, 0x00, 0x00, 0x00, 0x00, 0x00, 0x00, 0x00, 0x00, 0x00, 0x00, 0x00,
    0x00, 0x00, 0x00, 0x00, 0x00, 0x00, 0x38, 0xc6, 0x38, 0xc6, 0x38, 0xc6,
    0x38, 0xc6, 0x38, 0xc6, 0x38, 0xc6, 0x38, 0xc6, 0x38, 0xc6, 0x38, 0xc6,
    0x38, 0xc6, 0x38, 0xc6, 0x38, 0xc6, 0x38, 0xc6, 0x38, 0xc6, 0x38, 0xc6,
    0x38, 0xc6, 0x38, 0xc6, 0x38, 0xc6, 0x38, 0xc6, 0x38, 0xc6, 0x38, 0xc6,
    0x38, 0xc6, 0x38, 0xc6, 0x38, 0xc6, 0x38, 0xc6, 0x38, 0xc6, 0x00, 0x00,
    0x00, 0x00, 0x00, 0x00, 0x00, 0x00, 0x00, 0x00, 0x00, 0x00, 0x00, 0x00,
    0x00, 0x00, 0x00, 0x00, 0x00, 0x00, 0x00, 0x00, 0x00, 0x00, 0x00, 0x00,
    0x00, 0x00, 0x00, 0x00, 0x00, 0x00, 0x00, 0x00, 0x00, 0x00, 0x00, 0x00,
    0x00, 0x00, 0x00, 0x00, 0x00, 0x00, 0x00, 0x00, 0x00, 0x00, 0x00, 0x00,
    0x00, 0x00, 0x00, 0x00, 0x00, 0x00, 0x00, 0x00, 0x00, 0x00, 0x00, 0x00,
    0x00, 0x00, 0x00, 0x00, 0x00, 0x00, 0x00, 0x00, 0x00, 0x00, 0x00, 0x00,
    0x00, 0x00, 0x00, 0x00, 0x00, 0x00, 0x00, 0x00, 0x00, 0x00, 0x00, 0x00,
    0x00, 0x00, 0x00, 0x00, 0x00, 0x00, 0x00, 0x00, 0x00, 0x00, 0x00, 0x00,
    0x00, 0x00, 0x00, 0x00, 0x00, 0x00, 0x00, 0x00, 0x00, 0x00, 0x00, 0x00,
    0x00, 0x00, 0x38, 0xc6, 0x38, 0xc6, 0x38, 0xc6, 0x38, 0xc6, 0x38, 0xc6,
    0x38, 0xc6, 0x38, 0xc6, 0x38, 0xc6, 0x38, 0xc6, 0x38, 0xc6, 0x38, 0xc6,
    0x38, 0xc6, 0x38, 0xc6, 0x38, 0xc6, 0x38, 0xc6, 0x38, 0xc6, 0x38, 0xc6,
    0x38, 0xc6, 0x38, 0xc6, 0x38, 0xc6, 0x38, 0xc6, 0x38, 0xc6, 0x38, 0xc6,
    0x38, 0xc6, 0x38, 0xc6, 0x00, 0x00, 0x00, 0x00, 0x00, 0x00, 0x00, 0x00,
    0x00, 0x00, 0x00, 0x00, 0x00, 0x00, 0x38, 0xc6, 0x38, 0xc6, 0x38, 0xc6,
    0x38, 0xc6, 0x38, 0xc6, 0x38, 0xc6, 0x38, 0xc6, 0x38, 0xc6, 0x38, 0xc6,
    0x38, 0xc6, 0x38, 0xc6, 0x38, 0xc6, 0x38, 0xc6, 0x38, 0xc6, 0x38, 0xc6,
    0x38, 0xc6, 0x38, 0xc6, 0x38, 0xc6, 0x38, 0xc6, 0x38, 0xc6, 0x38, 0xc6,
    0x38, 0xc6, 0x38, 0xc6, 0x38, 0xc6, 0x38, 0xc6, 0x00, 0x00, 0x00, 0x00,
    0x00, 0x00, 0x00, 0x00, 0x00, 0x00, 0x00, 0x00, 0x00, 0x00, 0x00, 0x00,
    0x00, 0x00, 0x00, 0x00, 0x00, 0x00, 0x00, 0x00, 0x00, 0x00, 0x00, 0x00,
    0x38, 0xc6, 0x38, 0xc6, 0x38, 0xc6, 0x38, 0xc6, 0x38, 0xc6, 0x38, 0xc6,
    0x38, 0xc6, 0x38, 0xc6, 0x38, 0xc6, 0x38, 0xc6, 0x38, 0xc6, 0x38, 0xc6,
    0x38, 0xc6, 0x38, 0xc6, 0x38, 0xc6, 0x38, 0xc6, 0x38, 0xc6, 0x38, 0xc6,
    0x38, 0xc6, 0x38, 0xc6, 0x38, 0xc6, 0x38, 0xc6, 0x38, 0xc6, 0x38, 0xc6,
    0x00, 0x00, 0x00, 0x00, 0x00, 0x00, 0x00, 0x00, 0x00, 0x00, 0x00, 0x00,
    0x00, 0x00, 0x00, 0x00, 0x00, 0x00, 0x00, 0x00, 0x00, 0x00, 0x00, 0x00,
    0x00, 0x00, 0x00, 0x00, 0x00, 0x00, 0x00, 0x00, 0x00, 0x00, 0x00, 0x00,
    0x00, 0x00, 0x00, 0x00, 0x00, 0x00, 0x00, 0x00, 0x00, 0x00, 0x00, 0x00,
    0x00, 0x00, 0x38, 0xc6, 0x38, 0xc6, 0x38, 0xc6, 0x38, 0xc6, 0x38, 0xc6,
    0x38, 0xc6, 0x38, 0xc6, 0x38, 0xc6, 0x38, 0xc6, 0x38, 0xc6, 0x38, 0xc6,
    0x38, 0xc6, 0x38, 0xc6, 0x38, 0xc6, 0x38, 0xc6, 0x38, 0xc6, 0x38, 0xc6,
    0x38, 0xc6, 0x38, 0xc6, 0x38, 0xc6, 0x38, 0xc6, 0x38, 0xc6, 0x38, 0xc6,
    0x38, 0xc6, 0x38, 0xc6, 0x00, 0x00, 0x00, 0x00, 0x00, 0x00, 0x00, 0x00,
    0x00, 0x00, 0x00, 0x00, 0xff, 0xff, 0x38, 0xc6, 0x38, 0xc6, 0x38, 0xc6,
    0x38, 0xc6, 0x38, 0xc6, 0x38, 0xc6, 0x38, 0xc6, 0x38, 0xc6, 0x38, 0xc6,
    0x38, 0xc6, 0x38, 0xc6, 0x38, 0xc6, 0x38, 0xc6, 0x38, 0xc6, 0x38, 0xc6,
    0x38, 0xc6, 0x38, 0xc6, 0x38, 0xc6, 0x38, 0xc6, 0x38, 0xc6, 0x38, 0xc6,
    0x38, 0xc6, 0x38, 0xc6, 0x38, 0xc6, 0x38, 0xc6, 0x00, 0x00, 0x00, 0x00,
    0x00, 0x00, 0x00, 0x00, 0x00, 0x00, 0x00, 0x00, 0x00, 0x00, 0x00, 0x00,
    0x00, 0x00, 0x00, 0x00, 0x00, 0x00, 0x00, 0x00, 0x00, 0x00, 0x00, 0x00,
    0x00, 0x00, 0x00, 0x00, 0x00, 0x00, 0x00, 0x00, 0x00, 0x00, 0x00, 0x00,
    0x00, 0x00, 0x00, 0x00, 0x00, 0x00, 0x00, 0x00, 0x00, 0x00, 0x00, 0x00,
    0x00, 0x00, 0x00, 0x00, 0x00, 0x00, 0x00, 0x00, 0x00, 0x00, 0x00, 0x00,
    0x00, 0x00, 0x00, 0x00, 0x00, 0x00, 0x00, 0x00, 0x00, 0x00, 0x00, 0x00,
    0x00, 0x00, 0x00, 0x00, 0x00, 0x00, 0x00, 0x00, 0x00, 0x00, 0x00, 0x00,
    0x00, 0x00, 0x00, 0x00, 0x00, 0x00, 0x00, 0x00, 0x00, 0x00, 0x00, 0x00,
    0x00, 0x00, 0xff, 0xff, 0x38, 0xc6, 0x38, 0xc6, 0x38, 0xc6, 0x38, 0xc6,
    0x38, 0xc6, 0x38, 0xc6, 0x38, 0xc6, 0x38, 0xc6, 0x38, 0xc6, 0x38, 0xc6,
    0x38, 0xc6, 0x38, 0xc6, 0x38, 0xc6, 0x38, 0xc6, 0x38, 0xc6, 0x38, 0xc6,
    0x38, 0xc6, 0x38, 0xc6, 0x38, 0xc6, 0x38, 0xc6, 0x38, 0xc6, 0x38, 0xc6,
    0x38, 0xc6, 0x38, 0xc6, 0x38, 0xc6, 0x55, 0xad, 0x00, 0x00, 0x00, 0x00,
    0x00, 0x00, 0x00, 0x00, 0x00, 0x00, 0x00, 0x00, 0x00, 0x00, 0x00, 0x00,
    0x00, 0x00, 0x00, 0x00, 0x00, 0x00, 0x00, 0x00, 0x00, 0x00, 0x00, 0x00,
    0x00, 0x00, 0x00, 0x00, 0x00, 0x00, 0x00, 0x00, 0x00, 0x00, 0x00, 0x00,
    0x00, 0x00, 0x00, 0x00, 0x00, 0x00, 0x00, 0x00, 0x00, 0x00, 0x00, 0x00,
    0x00, 0x00, 0x00, 0x00, 0x00, 0x00, 0x00, 0x00, 0x00, 0x00, 0x00, 0x00,
    0x00, 0x00, 0x00, 0x00, 0x00, 0x00, 0x00, 0x00, 0x00, 0x00, 0x00, 0x00,
    0x00, 0x00, 0x00, 0x00, 0x00, 0x00, 0x00, 0x00, 0x00, 0x00, 0x00, 0x00,
    0x00, 0x00, 0x00, 0x00, 0x00, 0x00, 0x00, 0x00, 0x00, 0x00, 0x00, 0x00,
    0x00, 0x00, 0x00, 0x00, 0x00, 0x00, 0x00, 0x00, 0x00, 0x00, 0x38, 0xc6,
    0x38, 0xc6, 0x38, 0xc6, 0x38, 0xc6, 0x38, 0xc6, 0x38, 0xc6, 0x38, 0xc6,
    0x38, 0xc6, 0x38, 0xc6, 0x38, 0xc6, 0x38, 0xc6, 0x38, 0xc6, 0x38, 0xc6,
    0x38, 0xc6, 0x38, 0xc6, 0x38, 0xc6, 0x38, 0xc6, 0x38, 0xc6, 0x38, 0xc6,
    0x38, 0xc6, 0x38, 0xc6, 0x38, 0xc6, 0x38, 0xc6, 0x38, 0xc6, 0x38, 0xc6,
    0x00, 0x00, 0x00, 0x00, 0x00, 0x00, 0x00, 0x00, 0x00, 0x00, 0x00, 0x00,
    0x00, 0x00, 0x38, 0xc6, 0x38, 0xc6, 0x38, 0xc6, 0x38, 0xc6, 0x38, 0xc6,
    0x38, 0xc6, 0x38, 0xc6, 0x38, 0xc6, 0x38, 0xc6, 0x38, 0xc6, 0x38, 0xc6,
    0x38, 0xc6, 0x38, 0xc6, 0x38, 0xc6, 0x38, 0xc6, 0x38, 0xc6, 0x38, 0xc6,
    0x38, 0xc6, 0x38, 0xc6, 0x38, 0xc6, 0x38, 0xc6, 0x38, 0xc6, 0x38, 0xc6,
    0x38, 0xc6, 0x38, 0xc6, 0x00, 0x00, 0x00, 0x00, 0x00, 0x00, 0x00, 0x00,
    0x00, 0x00, 0x00, 0x00, 0x00, 0x00, 0x00, 0x00, 0x00, 0x00, 0x00, 0x00,
    0x00, 0x00, 0x00, 0x00, 0x00, 0x00, 0x38, 0xc6, 0x38, 0xc6, 0x38, 0xc6,
    0x38, 0xc6, 0x38, 0xc6, 0x38, 0xc6, 0x38, 0xc6, 0x38, 0xc6, 0x38, 0xc6,
    0x38, 0xc6, 0x38, 0xc6, 0x38, 0xc6, 0x38, 0xc6, 0x38, 0xc6, 0x38, 0xc6,
    0x38, 0xc6, 0x38, 0xc6, 0x38, 0xc6, 0x38, 0xc6, 0x38, 0xc6, 0x38, 0xc6,
    0x38, 0xc6, 0x38, 0xc6, 0x38, 0xc6, 0x00, 0x00, 0x00, 0x00, 0x00, 0x00,
    0x00, 0x00, 0x00, 0x00, 0x00, 0x00, 0x00, 0x00, 0x00, 0x00, 0x00, 0x00,
    0x00, 0x00, 0x00, 0x00, 0x00, 0x00, 0x00, 0x00, 0x00, 0x00, 0x00, 0x00,
    0x00, 0x00, 0x00, 0x00, 0x00, 0x00, 0x00, 0x00, 0x00, 0x00, 0x00, 0x00,
    0x00, 0x00, 0x00, 0x00, 0x00, 0x00, 0x00, 0x00, 0x00, 0x00, 0x38, 0xc6,
    0x38, 0xc6, 0x38, 0xc6, 0x38, 0xc6, 0x38, 0xc6, 0x38, 0xc6, 0x38, 0xc6,
    0x38, 0xc6, 0x38, 0xc6, 0x38, 0xc6, 0x38, 0xc6, 0x38, 0xc6, 0x38, 0xc6,
    0x38, 0xc6, 0x38, 0xc6, 0x38, 0xc6, 0x38, 0xc6, 0x38, 0xc6, 0x38, 0xc6,
    0x38, 0xc6, 0x38, 0xc6, 0x38, 0xc6, 0x38, 0xc6, 0x38, 0xc6, 0x38, 0xc6,
    0x00, 0x00, 0x00, 0x00, 0x00, 0x00, 0x00, 0x00, 0x00, 0x00, 0x00, 0x00,
    0x00, 0x00, 0x38, 0xc6, 0x38, 0xc6, 0x38, 0xc6, 0x38, 0xc6, 0x38, 0xc6,
    0x38, 0xc6, 0x38, 0xc6, 0x38, 0xc6, 0x38, 0xc6, 0x38, 0xc6, 0x38, 0xc6,
    0x38, 0xc6, 0x38, 0xc6, 0x38, 0xc6, 0x38, 0xc6, 0x38, 0xc6, 0x38, 0xc6,
    0x38, 0xc6, 0x38, 0xc6, 0x38, 0xc6, 0x38, 0xc6, 0x38, 0xc6, 0x38, 0xc6,
    0x38, 0xc6, 0x38, 0xc6, 0x79, 0xce, 0x00, 0x00, 0x00, 0x00, 0x00, 0x00,
    0x00, 0x00, 0x00, 0x00, 0x00, 0x00, 0x00, 0x00, 0x00, 0x00, 0x00, 0x00,
    0x00, 0x00, 0x00, 0x00, 0x00, 0x00, 0x00, 0x00, 0x00, 0x00, 0x00, 0x00,
    0x00, 0x00, 0x00, 0x00, 0x00, 0x00, 0x00, 0x00, 0x00, 0x00, 0x00, 0x00,
    0x00, 0x00, 0x00, 0x00, 0x00, 0x00, 0x00, 0x00, 0x00, 0x00, 0x00, 0x00,
    0x00, 0x00, 0x00, 0x00, 0x00, 0x00, 0x00, 0x00, 0x00, 0x00, 0x00, 0x00,
    0x00, 0x00, 0x00, 0x00, 0x00, 0x00, 0x00, 0x00, 0x00, 0x00, 0x00, 0x00,
    0x00, 0x00, 0x00, 0x00, 0x00, 0x00, 0x00, 0x00, 0x00, 0x00, 0x00, 0x00,
    0x00, 0x00, 0x00, 0x00, 0x00, 0x00, 0x00, 0x00, 0x00, 0x00, 0x00, 0x00,
    0x38, 0xc6, 0x38, 0xc6, 0x38, 0xc6, 0x38, 0xc6, 0x38, 0xc6, 0x38, 0xc6,
    0x38, 0xc6, 0x38, 0xc6, 0x38, 0xc6, 0x38, 0xc6, 0x38, 0xc6, 0x38, 0xc6,
    0x38, 0xc6, 0x38, 0xc6, 0x38, 0xc6, 0x38, 0xc6, 0x38, 0xc6, 0x38, 0xc6,
    0x38, 0xc6, 0x38, 0xc6, 0x38, 0xc6, 0x38, 0xc6, 0x38, 0xc6, 0x38, 0xc6,
    0x38, 0xc6, 0x38, 0xc6, 0x00, 0x00, 0x00, 0x00, 0x00, 0x00, 0x00, 0x00,
    0x00, 0x00, 0x00, 0x00, 0x00, 0x00, 0x00, 0x00, 0x00, 0x00, 0x00, 0x00,
    0x00, 0x00, 0x00, 0x00, 0x00, 0x00, 0x00, 0x00, 0x00, 0x00, 0x00, 0x00,
    0x00, 0x00, 0x00, 0x00, 0x00, 0x00, 0x00, 0x00, 0x00, 0x00, 0x00, 0x00,
    0x00, 0x00, 0x00, 0x00, 0x00, 0x00, 0x00, 0x00, 0x00, 0x00, 0x00, 0x00,
    0x00, 0x00, 0x00, 0x00, 0x00, 0x00, 0x00, 0x00, 0x00, 0x00, 0x00, 0x00,
    0x00, 0x00, 0x00, 0x00, 0x00, 0x00, 0x00, 0x00, 0x00, 0x00, 0x00, 0x00,
    0x00, 0x00, 0x00, 0x00, 0x00, 0x00, 0x00, 0x00, 0x00, 0x00, 0x00, 0x00,
    0x00, 0x00, 0x00, 0x00, 0x00, 0x00, 0x00, 0x00, 0x00, 0x00, 0x00, 0x00,
    0x00, 0x00, 0x00, 0x00, 0x00, 0x00, 0x38, 0xc6, 0x38, 0xc6, 0x38, 0xc6,
    0x38, 0xc6, 0x38, 0xc6, 0x38, 0xc6, 0x38, 0xc6, 0x38, 0xc6, 0x38, 0xc6,
    0x38, 0xc6, 0x38, 0xc6, 0x38, 0xc6, 0x38, 0xc6, 0x38, 0xc6, 0x38, 0xc6,
    0x38, 0xc6, 0x38, 0xc6, 0x38, 0xc6, 0x38, 0xc6, 0x38, 0xc6, 0x38, 0xc6,
    0x38, 0xc6, 0x38, 0xc6, 0x38, 0xc6, 0x38, 0xc6, 0x00, 0x00, 0x00, 0x00,
    0x00, 0x00, 0x00, 0x00, 0x00, 0x00, 0x00, 0x00, 0x00, 0x00, 0x38, 0xc6,
    0x38, 0xc6, 0x38, 0xc6, 0x38, 0xc6, 0x38, 0xc6, 0x38, 0xc6, 0x38, 0xc6,
    0x38, 0xc6, 0x38, 0xc6, 0x38, 0xc6, 0x38, 0xc6, 0x38, 0xc6, 0x38, 0xc6,
    0x38, 0xc6, 0x38, 0xc6, 0x38, 0xc6, 0x38, 0xc6, 0x38, 0xc6, 0x38, 0xc6,
    0x38, 0xc6, 0x38, 0xc6, 0x38, 0xc6, 0x38, 0xc6, 0x38, 0xc6, 0x38, 0xc6,
    0x00, 0x00, 0x00, 0x00, 0x00, 0x00, 0x00, 0x00, 0x00, 0x00, 0x00, 0x00,
    0x00, 0x00, 0x00, 0x00, 0x00, 0x00, 0x00, 0x00, 0x00, 0x00, 0x00, 0x00,
    0x38, 0xc6, 0x38, 0xc6, 0x38, 0xc6, 0x38, 0xc6, 0x38, 0xc6, 0x38, 0xc6,
    0x38, 0xc6, 0x38, 0xc6, 0x38, 0xc6, 0x38, 0xc6, 0x38, 0xc6, 0x38, 0xc6,
    0x38, 0xc6, 0x38, 0xc6, 0x38, 0xc6, 0x38, 0xc6, 0x38, 0xc6, 0x38, 0xc6,
    0x38, 0xc6, 0x38, 0xc6, 0x38, 0xc6, 0x38, 0xc6, 0x38, 0xc6, 0x38, 0xc6,
    0x00, 0x00, 0x00, 0x00, 0x00, 0x00, 0x00, 0x00, 0x00, 0x00, 0x00, 0x00,
    0x00, 0x00, 0x00, 0x00, 0x00, 0x00, 0x00, 0x00, 0x00, 0x00, 0x00, 0x00,
    0x00, 0x00, 0x00, 0x00, 0x00, 0x00, 0x00, 0x00, 0x00, 0x00, 0x00, 0x00,
    0x00, 0x00, 0x00, 0x00, 0x00, 0x00, 0x00, 0x00, 0x00, 0x00, 0x00, 0x00,
    0x00, 0x00, 0x00, 0x00, 0x00, 0x00, 0x38, 0xc6, 0x38, 0xc6, 0x38, 0xc6,
    0x38, 0xc6, 0x38, 0xc6, 0x38, 0xc6, 0x38, 0xc6, 0x38, 0xc6, 0x38, 0xc6,
    0x38, 0xc6, 0x38, 0xc6, 0x38, 0xc6, 0x38, 0xc6, 0x38, 0xc6, 0x38, 0xc6,
    0x38, 0xc6, 0x38, 0xc6, 0x38, 0xc6, 0x38, 0xc6, 0x38, 0xc6, 0x38, 0xc6,
    0x38, 0xc6, 0x38, 0xc6, 0x38, 0xc6, 0x38, 0xc6, 0x00, 0x00, 0x00, 0x00,
    0x00, 0x00, 0x00, 0x00, 0x00, 0x00, 0x00, 0x00, 0x00, 0x00, 0x38, 0xc6,
    0x38, 0xc6, 0x38, 0xc6, 0x38, 0xc6, 0x38, 0xc6, 0x38, 0xc6, 0x38, 0xc6,
    0x38, 0xc6, 0x38, 0xc6, 0x38, 0xc6, 0x38, 0xc6, 0x38, 0xc6, 0x38, 0xc6,
    0x38, 0xc6, 0x38, 0xc6, 0x38, 0xc6, 0x38, 0xc6, 0x38, 0xc6, 0x38, 0xc6,
    0x38, 0xc6, 0x38, 0xc6, 0x38, 0xc6, 0x38, 0xc6, 0x38, 0xc6, 0x38, 0xc6,
    0x38, 0xc6, 0x00, 0x00, 0x00, 0x00, 0x00, 0x00, 0x00, 0x00, 0x00, 0x00,
    0x00, 0x00, 0x00, 0x00, 0x00, 0x00, 0x00, 0x00, 0x00, 0x00, 0x00, 0x00,
    0x00, 0x00, 0x00, 0x00, 0x00, 0x00, 0x00, 0x00, 0x00, 0x00, 0x00, 0x00,
    0x00, 0x00, 0x00, 0x00, 0x00, 0x00, 0x00, 0x00, 0x00, 0x00, 0x00, 0x00,
    0x00, 0x00, 0x00, 0x00, 0x00, 0x00, 0x00, 0x00, 0x00, 0x00, 0x00, 0x00,
    0x00, 0x00, 0x00, 0x00, 0x00, 0x00, 0x00, 0x00, 0x00, 0x00, 0x00, 0x00,
    0x00, 0x00, 0x00, 0x00, 0x00, 0x00, 0x00, 0x00, 0x00, 0x00, 0x00, 0x00,
    0x00, 0x00, 0x00, 0x00, 0x00, 0x00, 0x00, 0x00, 0x00, 0x00, 0x00, 0x00,
    0x00, 0x00, 0x00, 0x00, 0x00, 0x00, 0x00, 0x00, 0x38, 0xc6, 0x38, 0xc6,
    0x38, 0xc6, 0x38, 0xc6, 0x38, 0xc6, 0x38, 0xc6, 0x38, 0xc6, 0x38, 0xc6,
    0x38, 0xc6, 0x38, 0xc6, 0x38, 0xc6, 0x38, 0xc6, 0x38, 0xc6, 0x38, 0xc6,
    0x38, 0xc6, 0x38, 0xc6, 0x38, 0xc6, 0x38, 0xc6, 0x38, 0xc6, 0x38, 0xc6,
    0x38, 0xc6, 0x38, 0xc6, 0x38, 0xc6, 0x38, 0xc6, 0x38, 0xc6, 0x38, 0xc6,
    0xff, 0xff, 0x00, 0x00, 0x00, 0x00, 0x00, 0x00, 0x00, 0x00, 0x00, 0x00,
    0x00, 0x00, 0x00, 0x00, 0x00, 0x00, 0x00, 0x00, 0x00, 0x00, 0x00, 0x00,
    0x00, 0x00, 0x00, 0x00, 0x00, 0x00, 0x00, 0x00, 0x00, 0x00, 0x00, 0x00,
    0x00, 0x00, 0x00, 0x00, 0x00, 0x00, 0x00, 0x00, 0x00, 0x00, 0x00, 0x00,
    0x00, 0x00, 0x00, 0x00, 0x00, 0x00, 0x00, 0x00, 0x00, 0x00, 0x00, 0x00,
    0x00, 0x00, 0x00, 0x00, 0x00, 0x00, 0x00, 0x00, 0x00, 0x00, 0x00, 0x00,
    0x00, 0x00, 0x00, 0x00, 0x00, 0x00, 0x00, 0x00, 0x00, 0x00, 0x00, 0x00,
    0x00, 0x00, 0x00, 0x00, 0x00, 0x00, 0x00, 0x00, 0x00, 0x00, 0x00, 0x00,
    0x00, 0x00, 0x00, 0x00, 0x00, 0x00, 0x00, 0x00, 0x00, 0x00, 0x00, 0x00,
    0x00, 0x00, 0x38, 0xc6, 0x38, 0xc6, 0x38, 0xc6, 0x38, 0xc6, 0x38, 0xc6,
    0x38, 0xc6, 0x38, 0xc6, 0x38, 0xc6, 0x38, 0xc6, 0x38, 0xc6, 0x38, 0xc6,
    0x38, 0xc6, 0x38, 0xc6, 0x38, 0xc6, 0x38, 0xc6, 0x38, 0xc6, 0x38, 0xc6,
    0x38, 0xc6, 0x38, 0xc6, 0x38, 0xc6, 0x38, 0xc6, 0x38, 0xc6, 0x38, 0xc6,
    0x38, 0xc6, 0x38, 0xc6, 0x00, 0x00, 0x00, 0x00, 0x00, 0x00, 0x00, 0x00,
    0x00, 0x00, 0x00, 0x00, 0x00, 0x00, 0x38, 0xc6, 0x38, 0xc6, 0x38, 0xc6,
    0x38, 0xc6, 0x38, 0xc6, 0x38, 0xc6, 0x38, 0xc6, 0x38, 0xc6, 0x38, 0xc6,
    0x38, 0xc6, 0x38, 0xc6, 0x38, 0xc6, 0x38, 0xc6, 0x38, 0xc6, 0x38, 0xc6,
    0x38, 0xc6, 0x38, 0xc6, 0x38, 0xc6, 0x38, 0xc6, 0x38, 0xc6, 0x38, 0xc6,
    0x38, 0xc6, 0x38, 0xc6, 0x38, 0xc6, 0x38, 0xc6, 0x00, 0x00, 0x00, 0x00,
    0x00, 0x00, 0x00, 0x00, 0x00, 0x00, 0x00, 0x00, 0x00, 0x00, 0x00, 0x00,
    0x00, 0x00, 0x00, 0x00, 0x00, 0x00, 0x38, 0xc6, 0x38, 0xc6, 0x38, 0xc6,
    0x38, 0xc6, 0x38, 0xc6, 0x38, 0xc6, 0x38, 0xc6, 0x38, 0xc6, 0x38, 0xc6,
    0x38, 0xc6, 0x38, 0xc6, 0x38, 0xc6, 0x38, 0xc6, 0x38, 0xc6, 0x38, 0xc6,
    0x38, 0xc6, 0x38, 0xc6, 0x38, 0xc6, 0x38, 0xc6, 0x38, 0xc6, 0x38, 0xc6,
    0x38, 0xc6, 0x38, 0xc6, 0x38, 0xc6, 0x00, 0x00, 0x00, 0x00, 0x00, 0x00,
    0x00, 0x00, 0x00, 0x00, 0x00, 0x00, 0x00, 0x00, 0x00, 0x00, 0x00, 0x00,
    0x00, 0x00, 0x00, 0x00, 0x00, 0x00, 0x00, 0x00, 0x00, 0x00, 0x00, 0x00,
    0x00, 0x00, 0x00, 0x00, 0x00, 0x00, 0x00, 0x00, 0x00, 0x00, 0x00, 0x00,
    0x00, 0x00, 0x00, 0x00, 0x00, 0x00, 0x00, 0x00, 0x00, 0x00, 0x00, 0x00,
    0x00, 0x00, 0x38, 0xc6, 0x38, 0xc6, 0x38, 0xc6, 0x38, 0xc6, 0x38, 0xc6,
    0x38, 0xc6, 0x38, 0xc6, 0x38, 0xc6, 0x38, 0xc6, 0x38, 0xc6, 0x38, 0xc6,
    0x38, 0xc6, 0x38, 0xc6, 0x38, 0xc6, 0x38, 0xc6, 0x38, 0xc6, 0x38, 0xc6,
    0x38, 0xc6, 0x38, 0xc6, 0x38, 0xc6, 0x38, 0xc6, 0x38, 0xc6, 0x38, 0xc6,
    0x38, 0xc6, 0x38, 0xc6, 0x00, 0x00, 0x00, 0x00, 0x00, 0x00, 0x00, 0x00,
    0x00, 0x00, 0x00, 0x00, 0x00, 0x00, 0x38, 0xc6, 0x38, 0xc6, 0x38, 0xc6,
    0x38, 0xc6, 0x38, 0xc6, 0x38, 0xc6, 0x38, 0xc6, 0x38, 0xc6, 0x38, 0xc6,
    0x38, 0xc6, 0x38, 0xc6, 0x38, 0xc6, 0x38, 0xc6, 0x38, 0xc6, 0x38, 0xc6,
    0x38, 0xc6, 0x38, 0xc6, 0x38, 0xc6, 0x38, 0xc6, 0x38, 0xc6, 0x38, 0xc6,
    0x38, 0xc6, 0x38, 0xc6, 0x38, 0xc6, 0x38, 0xc6, 0x38, 0xc6, 0x38, 0xc6,
    0x00, 0x00, 0x00, 0x00, 0x00, 0x00, 0x00, 0x00, 0x00, 0x00, 0x00, 0x00,
    0x00, 0x00, 0x00, 0x00, 0x00, 0x00, 0x00, 0x00, 0x00, 0x00, 0x00, 0x00,
    0x00, 0x00, 0x00, 0x00, 0x00, 0x00, 0x00, 0x00, 0x00, 0x00, 0x00, 0x00,
    0x00, 0x00, 0x00, 0x00, 0x00, 0x00, 0x00, 0x00, 0x00, 0x00, 0x00, 0x00,
    0x00, 0x00, 0x00, 0x00, 0x00, 0x00, 0x00, 0x00, 0x00, 0x00, 0x00, 0x00,
    0x00, 0x00, 0x00, 0x00, 0x00, 0x00, 0x00, 0x00, 0x00, 0x00, 0x00, 0x00,
    0x00, 0x00, 0x00, 0x00, 0x00, 0x00, 0x00, 0x00, 0x00, 0x00, 0x00, 0x00,
    0x00, 0x00, 0x00, 0x00, 0x00, 0x00, 0x00, 0x00, 0x00, 0x00, 0x00, 0x00,
    0x00, 0x00, 0x00, 0x00, 0x38, 0xc6, 0x38, 0xc6, 0x38, 0xc6, 0x38, 0xc6,
    0x38, 0xc6, 0x38, 0xc6, 0x38, 0xc6, 0x38, 0xc6, 0x38, 0xc6, 0x38, 0xc6,
    0x38, 0xc6, 0x38, 0xc6, 0x38, 0xc6, 0x38, 0xc6, 0x38, 0xc6, 0x38, 0xc6,
    0x38, 0xc6, 0x38, 0xc6, 0x38, 0xc6, 0x38, 0xc6, 0x38, 0xc6, 0x38, 0xc6,
    0x38, 0xc6, 0x38, 0xc6, 0x38, 0xc6, 0x38, 0xc6, 0x38, 0xc6, 0x00, 0x00,
    0x00, 0x00, 0x00, 0x00, 0x00, 0x00, 0x00, 0x00, 0x00, 0x00, 0x00, 0x00,
    0x00, 0x00, 0x00, 0x00, 0x00, 0x00, 0x00, 0x00, 0x00, 0x00, 0x00, 0x00,
    0x00, 0x00, 0x00, 0x00, 0x00, 0x00, 0x00, 0x00, 0x00, 0x00, 0x00, 0x00,
    0x00, 0x00, 0x00, 0x00, 0x00, 0x00, 0x00, 0x00, 0x00, 0x00, 0x00, 0x00,
    0x00, 0x00, 0x00, 0x00, 0x00, 0x00, 0x00, 0x00, 0x00, 0x00, 0x00, 0x00,
    0x00, 0x00, 0x00, 0x00, 0x00, 0x00, 0x00, 0x00, 0x00, 0x00, 0x00, 0x00,
    0x00, 0x00, 0x00, 0x00, 0x00, 0x00, 0x00, 0x00, 0x00, 0x00, 0x00, 0x00,
    0x00, 0x00, 0x00, 0x00, 0x00, 0x00, 0x00, 0x00, 0x00, 0x00, 0x00, 0x00,
    0x00, 0x00, 0x00, 0x00, 0x00, 0x00, 0x00, 0x00, 0x00, 0x00, 0x38, 0xc6,
    0x38, 0xc6, 0x38, 0xc6, 0x38, 0xc6, 0x38, 0xc6, 0x38, 0xc6, 0x38, 0xc6,
    0x38, 0xc6, 0x38, 0xc6, 0x38, 0xc6, 0x38, 0xc6, 0x38, 0xc6, 0x38, 0xc6,
    0x38, 0xc6, 0x38, 0xc6, 0x38, 0xc6, 0x38, 0xc6, 0x38, 0xc6, 0x38, 0xc6,
    0x38, 0xc6, 0x38, 0xc6, 0x38, 0xc6, 0x38, 0xc6, 0x38, 0xc6, 0x38, 0xc6,
    0x00, 0x00, 0x00, 0x00, 0x00, 0x00, 0x00, 0x00, 0x00, 0x00, 0x00, 0x00,
    0x00, 0x00, 0x38, 0xc6, 0x38, 0xc6, 0x38, 0xc6, 0x38, 0xc6, 0x38, 0xc6,
    0x38, 0xc6, 0x38, 0xc6, 0x38, 0xc6, 0x38, 0xc6, 0x38, 0xc6, 0x38, 0xc6,
    0x38, 0xc6, 0x38, 0xc6, 0x38, 0xc6, 0x38, 0xc6, 0x38, 0xc6, 0x38, 0xc6,
    0x38, 0xc6, 0x38, 0xc6, 0x38, 0xc6, 0x38, 0xc6, 0x38, 0xc6, 0x38, 0xc6,
    0x38, 0xc6, 0x38, 0xc6, 0x00, 0x00, 0x00, 0x00, 0x00, 0x00, 0x00, 0x00,
    0x00, 0x00, 0x00, 0x00, 0x00, 0x00, 0x00, 0x00, 0x00, 0x00, 0x79, 0xce,
    0x38, 0xc6, 0x38, 0xc6, 0x38, 0xc6, 0x38, 0xc6, 0x38, 0xc6, 0x38, 0xc6,
    0x38, 0xc6, 0x38, 0xc6, 0x38, 0xc6, 0x38, 0xc6, 0x38, 0xc6, 0x38, 0xc6,
    0x38, 0xc6, 0x38, 0xc6, 0x38, 0xc6, 0x38, 0xc6, 0x38, 0xc6, 0x38, 0xc6,
    0x38, 0xc6, 0x38, 0xc6, 0x38, 0xc6, 0x38, 0xc6, 0x38, 0xc6, 0x38, 0xc6,
    0x00, 0x00, 0x00, 0x00, 0x00, 0x00, 0x00, 0x00, 0x00, 0x00, 0x00, 0x00,
    0x00, 0x00, 0x00, 0x00, 0x00, 0x00, 0x00, 0x00, 0x00, 0x00, 0x00, 0x00,
    0x00, 0x00, 0x00, 0x00, 0x00, 0x00, 0x00, 0x00, 0x00, 0x00, 0x00, 0x00,
    0x00, 0x00, 0x00, 0x00, 0x00, 0x00, 0x00, 0x00, 0x00, 0x00, 0x00, 0x00,
    0x00, 0x00, 0x00, 0x00, 0x00, 0x00, 0x00, 0x00, 0x00, 0x00, 0x38, 0xc6,
    0x38, 0xc6, 0x38, 0xc6, 0x38, 0xc6, 0x38, 0xc6, 0x38, 0xc6, 0x38, 0xc6,
    0x38, 0xc6, 0x38, 0xc6, 0x38, 0xc6, 0x38, 0xc6, 0x38, 0xc6, 0x38, 0xc6,
    0x38, 0xc6, 0x38, 0xc6, 0x38, 0xc6, 0x38, 0xc6, 0x38, 0xc6, 0x38, 0xc6,
    0x38, 0xc6, 0x38, 0xc6, 0x38, 0xc6, 0x38, 0xc6, 0x38, 0xc6, 0x38, 0xc6,
    0x00, 0x00, 0x00, 0x00, 0x00, 0x00, 0x00, 0x00, 0x00, 0x00, 0x00, 0x00,
    0x00, 0x00, 0x38, 0xc6, 0x38, 0xc6, 0x38, 0xc6, 0x38, 0xc6, 0x38, 0xc6,
    0x38, 0xc6, 0x38, 0xc6, 0x38, 0xc6, 0x38, 0xc6, 0x38, 0xc6, 0x38, 0xc6,
    0x38, 0xc6, 0x38, 0xc6, 0x38, 0xc6, 0x38, 0xc6, 0x38, 0xc6, 0x38, 0xc6,
    0x38, 0xc6, 0x38, 0xc6, 0x38, 0xc6, 0x38, 0xc6, 0x38, 0xc6, 0x38, 0xc6,
    0x38, 0xc6, 0x38, 0xc6, 0x38, 0xc6, 0x38, 0xc6, 0xff, 0xff, 0x00, 0x00,
    0x00, 0x00, 0x00, 0x00, 0x00, 0x00, 0x00, 0x00, 0x00, 0x00, 0x00, 0x00,
    0x00, 0x00, 0x00, 0x00, 0x00, 0x00, 0x00, 0x00, 0x00, 0x00, 0x00, 0x00,
    0x00, 0x00, 0x00, 0x00, 0x00, 0x00, 0x00, 0x00, 0x00, 0x00, 0x00, 0x00,
    0x00, 0x00, 0x00, 0x00, 0x00, 0x00, 0x00, 0x00, 0x00, 0x00, 0x00, 0x00,
    0x00, 0x00, 0x00, 0x00, 0x00, 0x00, 0x00, 0x00, 0x00, 0x00, 0x00, 0x00,
    0x00, 0x00, 0x00, 0x00, 0x00, 0x00, 0x00, 0x00, 0x00, 0x00, 0x00, 0x00,
    0x00, 0x00, 0x00, 0x00, 0x00, 0x00, 0x00, 0x00, 0x00, 0x00, 0x00, 0x00,
    0x00, 0x00, 0x00, 0x00, 0x00, 0x00, 0x00, 0x00, 0x00, 0x00, 0x00, 0x00,
    0x18, 0xc6, 0x38, 0xc6, 0x38, 0xc6, 0x38, 0xc6, 0x38, 0xc6, 0x38, 0xc6,
    0x38, 0xc6, 0x38, 0xc6, 0x38, 0xc6, 0x38, 0xc6, 0x38, 0xc6, 0x38, 0xc6,
    0x38, 0xc6, 0x38, 0xc6, 0x38, 0xc6, 0x38, 0xc6, 0x38, 0xc6, 0x38, 0xc6,
    0x38, 0xc6, 0x38, 0xc6, 0x38, 0xc6, 0x38, 0xc6, 0x38, 0xc6, 0x38, 0xc6,
    0x38, 0xc6, 0x38, 0xc6, 0x38, 0xc6, 0x38, 0xc6, 0xf7, 0xbd, 0x00, 0x00,
    0x00, 0x00, 0x00, 0x00, 0x00, 0x00, 0x00, 0x00, 0x00, 0x00, 0x00, 0x00,
    0x00, 0x00, 0x00, 0x00, 0x00, 0x00, 0x00, 0x00, 0x00, 0x00, 0x00, 0x00,
    0x00, 0x00, 0x00, 0x00, 0x00, 0x00, 0x00, 0x00, 0x00, 0x00, 0x00, 0x00,
    0x00, 0x00, 0x00, 0x00, 0x00, 0x00, 0x00, 0x00, 0x00, 0x00, 0x00, 0x00,
    0x00, 0x00, 0x00, 0x00, 0x00, 0x00, 0x00, 0x00, 0x00, 0x00, 0x00, 0x00,
    0x00, 0x00, 0x00, 0x00, 0x00, 0x00, 0x00, 0x00, 0x00, 0x00, 0x00, 0x00,
    0x00, 0x00, 0x00, 0x00, 0x00, 0x00, 0x00, 0x00, 0x00, 0x00, 0x00, 0x00,
    0x00, 0x00, 0x00, 0x00, 0x00, 0x00, 0x00, 0x00, 0x00, 0x00, 0x00, 0x00,
    0x00, 0x00, 0x00, 0x00, 0x00, 0x00, 0x38, 0xc6, 0x38, 0xc6, 0x38, 0xc6,
    0x38, 0xc6, 0x38, 0xc6, 0x38, 0xc6, 0x38, 0xc6, 0x38, 0xc6, 0x38, 0xc6,
    0x38, 0xc6, 0x38, 0xc6, 0x38, 0xc6, 0x38, 0xc6, 0x38, 0xc6, 0x38, 0xc6,
    0x38, 0xc6, 0x38, 0xc6, 0x38, 0xc6, 0x38, 0xc6, 0x38, 0xc6, 0x38, 0xc6,
    0x38, 0xc6, 0x38, 0xc6, 0x38, 0xc6, 0x38, 0xc6, 0x00, 0x00, 0x00, 0x00,
    0x00, 0x00, 0x00, 0x00, 0x00, 0x00, 0x00, 0x00, 0x00, 0x00, 0x38, 0xc6,
    0x38, 0xc6, 0x38, 0xc6, 0x38, 0xc6, 0x38, 0xc6, 0x38, 0xc6, 0x38, 0xc6,
    0x38, 0xc6, 0x38, 0xc6, 0x38, 0xc6, 0x38, 0xc6, 0x38, 0xc6, 0x38, 0xc6,
    0x38, 0xc6, 0x38, 0xc6, 0x38, 0xc6, 0x38, 0xc6, 0x38, 0xc6, 0x38, 0xc6,
    0x38, 0xc6, 0x38, 0xc6, 0x38, 0xc6, 0x38, 0xc6, 0x38, 0xc6, 0x38, 0xc6,
    0x00, 0x00, 0x00, 0x00, 0x00, 0x00, 0x00, 0x00, 0x00, 0x00, 0x00, 0x00,
    0x00, 0x00, 0x18, 0xc6, 0x38, 0xc6, 0x38, 0xc6, 0x38, 0xc6, 0x38, 0xc6,
    0x38, 0xc6, 0x38, 0xc6, 0x38, 0xc6, 0x38, 0xc6, 0x38, 0xc6, 0x38, 0xc6,
    0x38, 0xc6, 0x38, 0xc6, 0x38, 0xc6, 0x38, 0xc6, 0x38, 0xc6, 0x38, 0xc6,
    0x38, 0xc6, 0x38, 0xc6, 0x38, 0xc6, 0x38, 0xc6, 0x38, 0xc6, 0x38, 0xc6,
    0x38, 0xc6, 0x38, 0xc6, 0x38, 0xc6, 0x00, 0x00, 0x00, 0x00, 0x00, 0x00,
    0x00, 0x00, 0x00, 0x00, 0x00, 0x00, 0x00, 0x00, 0x00, 0x00, 0x00, 0x00,
    0x00, 0x00, 0x00, 0x00, 0x00, 0x00, 0x00, 0x00, 0x00, 0x00, 0x00, 0x00,
    0x00, 0x00, 0x00, 0x00, 0x00, 0x00, 0x00, 0x00, 0x00, 0x00, 0x00, 0x00,
    0x00, 0x00, 0x00, 0x00, 0x00, 0x00, 0x00, 0x00, 0x00, 0x00, 0x00, 0x00,
    0x00, 0x00, 0x00, 0x00, 0x00, 0x00, 0x38, 0xc6, 0x38, 0xc6, 0x38, 0xc6,
    0x38, 0xc6, 0x38, 0xc6, 0x38, 0xc6, 0x38, 0xc6, 0x38, 0xc6, 0x38, 0xc6,
    0x38, 0xc6, 0x38, 0xc6, 0x38, 0xc6, 0x38, 0xc6, 0x38, 0xc6, 0x38, 0xc6,
    0x38, 0xc6, 0x38, 0xc6, 0x38, 0xc6, 0x38, 0xc6, 0x38, 0xc6, 0x38, 0xc6,
    0x38, 0xc6, 0x38, 0xc6, 0x38, 0xc6, 0x38, 0xc6, 0x00, 0x00, 0x00, 0x00,
    0x00, 0x00, 0x00, 0x00, 0x00, 0x00, 0x00, 0x00, 0x00, 0x00, 0xf7, 0xbd,
    0x38, 0xc6, 0x38, 0xc6, 0x38, 0xc6, 0x38, 0xc6, 0x38, 0xc6, 0x38, 0xc6,
    0x38, 0xc6, 0x38, 0xc6, 0x38, 0xc6, 0x38, 0xc6, 0x38, 0xc6, 0x38, 0xc6,
    0x38, 0xc6, 0x38, 0xc6, 0x38, 0xc6, 0x38, 0xc6, 0x38, 0xc6, 0x38, 0xc6,
    0x38, 0xc6, 0x38, 0xc6, 0x38, 0xc6, 0x38, 0xc6, 0x38, 0xc6, 0x38, 0xc6,
    0x38, 0xc6, 0x38, 0xc6, 0x38, 0xc6, 0x79, 0xce, 0x00, 0x00, 0x00, 0x00,
    0x00, 0x00, 0x00, 0x00, 0x00, 0x00, 0x00, 0x00, 0x00, 0x00, 0x00, 0x00,
    0x00, 0x00, 0x00, 0x00, 0x00, 0x00, 0x00, 0x00, 0x00, 0x00, 0x00, 0x00,
    0x00, 0x00, 0x00, 0x00, 0x00, 0x00, 0x00, 0x00, 0x00, 0x00, 0x00, 0x00,
    0x00, 0x00, 0x00, 0x00, 0x00, 0x00, 0x00, 0x00, 0x00, 0x00, 0x00, 0x00,
    0x00, 0x00, 0x00, 0x00, 0x00, 0x00, 0x00, 0x00, 0x00, 0x00, 0x00, 0x00,
    0x00, 0x00, 0x00, 0x00, 0x00, 0x00, 0x00, 0x00, 0x00, 0x00, 0x00, 0x00,
    0x00, 0x00, 0x00, 0x00, 0x00, 0x00, 0x00, 0x00, 0x00, 0x00, 0x00, 0x00,
    0x00, 0x00, 0x00, 0x00, 0x00, 0x00, 0x00, 0x00, 0x00, 0x00, 0x38, 0xc6,
    0x38, 0xc6, 0x38, 0xc6, 0x38, 0xc6, 0x38, 0xc6, 0x38, 0xc6, 0x38, 0xc6,
    0x38, 0xc6, 0x38, 0xc6, 0x38, 0xc6, 0x38, 0xc6, 0x38, 0xc6, 0x38, 0xc6,
    0x38, 0xc6, 0x38, 0xc6, 0x38, 0xc6, 0x38, 0xc6, 0x38, 0xc6, 0x38, 0xc6,
    0x38, 0xc6, 0x38, 0xc6, 0x38, 0xc6, 0x38, 0xc6, 0x38, 0xc6, 0x38, 0xc6,
    0x38, 0xc6, 0x38, 0xc6, 0x38, 0xc6, 0x38, 0xc6, 0x38, 0xc6, 0x38, 0xc6,
    0x38, 0xc6, 0x38, 0xc6, 0x38, 0xc6, 0x38, 0xc6, 0x38, 0xc6, 0x38, 0xc6,
    0x38, 0xc6, 0x38, 0xc6, 0x38, 0xc6, 0x38, 0xc6, 0x38, 0xc6, 0x38, 0xc6,
    0x38, 0xc6, 0x38, 0xc6, 0x38, 0xc6, 0x38, 0xc6, 0x38, 0xc6, 0x38, 0xc6,
    0x38, 0xc6, 0x38, 0xc6, 0x38, 0xc6, 0x38, 0xc6, 0x38, 0xc6, 0x38, 0xc6,
    0x38, 0xc6, 0x38, 0xc6, 0x38, 0xc6, 0x38, 0xc6, 0x38, 0xc6, 0x38, 0xc6,
    0x38, 0xc6, 0x38, 0xc6, 0x38, 0xc6, 0x38, 0xc6, 0x38, 0xc6, 0x38, 0xc6,
    0x38, 0xc6, 0x38, 0xc6, 0x38, 0xc6, 0x38, 0xc6, 0x00, 0x00, 0x00, 0x00,
    0x00, 0x00, 0x00, 0x00, 0x00, 0x00, 0x00, 0x00, 0x00, 0x00, 0x00, 0x00,
    0x00, 0x00, 0x38, 0xc6, 0x38, 0xc6, 0x38, 0xc6, 0x38, 0xc6, 0x38, 0xc6,
    0x38, 0xc6, 0x38, 0xc6, 0x38, 0xc6, 0x38, 0xc6, 0x38, 0xc6, 0x38, 0xc6,
    0x38, 0xc6, 0x38, 0xc6, 0x38, 0xc6, 0x38, 0xc6, 0x38, 0xc6, 0x38, 0xc6,
    0x38, 0xc6, 0x38, 0xc6, 0x38, 0xc6, 0x38, 0xc6, 0x38, 0xc6, 0x38, 0xc6,
    0x38, 0xc6, 0x38, 0xc6, 0x00, 0x00, 0x00, 0x00, 0x00, 0x00, 0x00, 0x00,
    0x00, 0x00, 0x00, 0x00, 0x00, 0x00, 0x38, 0xc6, 0x38, 0xc6, 0x38, 0xc6,
    0x38, 0xc6, 0x38, 0xc6, 0x38, 0xc6, 0x38, 0xc6, 0x38, 0xc6, 0x38, 0xc6,
    0x38, 0xc6, 0x38, 0xc6, 0x38, 0xc6, 0x38, 0xc6, 0x38, 0xc6, 0x38, 0xc6,
    0x38, 0xc6, 0x38, 0xc6, 0x38, 0xc6, 0x38, 0xc6, 0x38, 0xc6, 0x38, 0xc6,
    0x38, 0xc6, 0x38, 0xc6, 0x38, 0xc6, 0x38, 0xc6, 0x38, 0xc6, 0x38, 0xc6,
    0x38, 0xc6, 0x38, 0xc6, 0x38, 0xc6, 0x38, 0xc6, 0x38, 0xc6, 0x38, 0xc6,
    0x38, 0xc6, 0x38, 0xc6, 0x38, 0xc6, 0x38, 0xc6, 0x38, 0xc6, 0x38, 0xc6,
    0x38, 0xc6, 0x38, 0xc6, 0x38, 0xc6, 0x38, 0xc6, 0x38, 0xc6, 0x38, 0xc6,
    0x38, 0xc6, 0x38, 0xc6, 0x38, 0xc6, 0x38, 0xc6, 0x38, 0xc6, 0x38, 0xc6,
    0x38, 0xc6, 0x38, 0xc6, 0x38, 0xc6, 0x38, 0xc6, 0x38, 0xc6, 0x18, 0xc6,
    0x00, 0x00, 0x00, 0x00, 0x00, 0x00, 0x00, 0x00, 0x00, 0x00, 0x00, 0x00,
    0x00, 0x00, 0x00, 0x00, 0x00, 0x00, 0x00, 0x00, 0x00, 0x00, 0x00, 0x00,
    0x00, 0x00, 0x00, 0x00, 0x00, 0x00, 0x00, 0x00, 0x00, 0x00, 0x00, 0x00,
    0x00, 0x00, 0x00, 0x00, 0x00, 0x00, 0x00, 0x00, 0x00, 0x00, 0x00, 0x00,
    0x00, 0x00, 0x00, 0x00, 0x00, 0x00, 0x00, 0x00, 0x00, 0x00, 0x00, 0x00,
    0x00, 0x00, 0x38, 0xc6, 0x38, 0xc6, 0x38, 0xc6, 0x38, 0xc6, 0x38, 0xc6,
    0x38, 0xc6, 0x38, 0xc6, 0x38, 0xc6, 0x38, 0xc6, 0x38, 0xc6, 0x38, 0xc6,
    0x38, 0xc6, 0x38, 0xc6, 0x38, 0xc6, 0x38, 0xc6, 0x38, 0xc6, 0x38, 0xc6,
    0x38, 0xc6, 0x38, 0xc6, 0x38, 0xc6, 0x38, 0xc6, 0x38, 0xc6, 0x38, 0xc6,
    0x38, 0xc6, 0x38, 0xc6, 0x00, 0x00, 0x00, 0x00, 0x00, 0x00, 0x00, 0x00,
    0x00, 0x00, 0x00, 0x00, 0x00, 0x00, 0x00, 0x00, 0x38, 0xc6, 0x38, 0xc6,
    0x38, 0xc6, 0x38, 0xc6, 0x38, 0xc6, 0x38, 0xc6, 0x38, 0xc6, 0x38, 0xc6,
    0x38, 0xc6, 0x38, 0xc6, 0x38, 0xc6, 0x38, 0xc6, 0x38, 0xc6, 0x38, 0xc6,
    0x38, 0xc6, 0x38, 0xc6, 0x38, 0xc6, 0x38, 0xc6, 0x38, 0xc6, 0x38, 0xc6,
    0x38, 0xc6, 0x38, 0xc6, 0x38, 0xc6, 0x38, 0xc6, 0x38, 0xc6, 0x38, 0xc6,
    0x38, 0xc6, 0x38, 0xc6, 0x38, 0xc6, 0x38, 0xc6, 0x38, 0xc6, 0x38, 0xc6,
    0x38, 0xc6, 0x38, 0xc6, 0x38, 0xc6, 0x38, 0xc6, 0x38, 0xc6, 0x38, 0xc6,
    0x38, 0xc6, 0x38, 0xc6, 0x38, 0xc6, 0x38, 0xc6, 0x38, 0xc6, 0x38, 0xc6,
    0x38, 0xc6, 0x38, 0xc6, 0x38, 0xc6, 0x38, 0xc6, 0x38, 0xc6, 0x38, 0xc6,
    0x38, 0xc6, 0x38, 0xc6, 0x38, 0xc6, 0x38, 0xc6, 0x38, 0xc6, 0x38, 0xc6,
    0x38, 0xc6, 0x38, 0xc6, 0x38, 0xc6, 0x38, 0xc6, 0x38, 0xc6, 0x38, 0xc6,
    0x38, 0xc6, 0x38, 0xc6, 0x38, 0xc6, 0x38, 0xc6, 0x38, 0xc6, 0x38, 0xc6,
    0x38, 0xc6, 0x38, 0xc6, 0x38, 0xc6, 0xff, 0xff, 0x00, 0x00, 0x00, 0x00,
    0x00, 0x00, 0x00, 0x00, 0x00, 0x00, 0x38, 0xc6, 0x38, 0xc6, 0x38, 0xc6,
    0x38, 0xc6, 0x38, 0xc6, 0x38, 0xc6, 0x38, 0xc6, 0x38, 0xc6, 0x38, 0xc6,
    0x38, 0xc6, 0x38, 0xc6, 0x38, 0xc6, 0x38, 0xc6, 0x38, 0xc6, 0x38, 0xc6,
    0x38, 0xc6, 0x38, 0xc6, 0x38, 0xc6, 0x38, 0xc6, 0x38, 0xc6, 0x38, 0xc6,
    0x38, 0xc6, 0x38, 0xc6, 0x38, 0xc6, 0x38, 0xc6, 0x38, 0xc6, 0x38, 0xc6,
    0x38, 0xc6, 0x38, 0xc6, 0x38, 0xc6, 0x38, 0xc6, 0x38, 0xc6, 0x38, 0xc6,
    0x38, 0xc6, 0x38, 0xc6, 0x38, 0xc6, 0x38, 0xc6, 0x38, 0xc6, 0x38, 0xc6,
    0x38, 0xc6, 0x38, 0xc6, 0x38, 0xc6, 0x38, 0xc6, 0x38, 0xc6, 0x38, 0xc6,
    0x38, 0xc6, 0x38, 0xc6, 0x38, 0xc6, 0x38, 0xc6, 0x38, 0xc6, 0x38, 0xc6,
    0x38, 0xc6, 0x38, 0xc6, 0x38, 0xc6, 0x38, 0xc6, 0x38, 0xc6, 0x38, 0xc6,
    0x38, 0xc6, 0x38, 0xc6, 0x38, 0xc6, 0x38, 0xc6, 0x38, 0xc6, 0x38, 0xc6,
    0x38, 0xc6, 0x38, 0xc6, 0x38, 0xc6, 0x38, 0xc6, 0x38, 0xc6, 0x38, 0xc6,
    0x38, 0xc6, 0x38, 0xc6, 0x00, 0x00, 0x00, 0x00, 0x00, 0x00, 0x00, 0x00,
    0x00, 0x00, 0x00, 0x00, 0x00, 0x00, 0x00, 0x00, 0x00, 0x00, 0x38, 0xc6,
    0x38, 0xc6, 0x38, 0xc6, 0x38, 0xc6, 0x38, 0xc6, 0x38, 0xc6, 0x38, 0xc6,
    0x38, 0xc6, 0x38, 0xc6, 0x38, 0xc6, 0x38, 0xc6, 0x38, 0xc6, 0x38, 0xc6,
    0x38, 0xc6, 0x38, 0xc6, 0x38, 0xc6, 0x38, 0xc6, 0x38, 0xc6, 0x38, 0xc6,
    0x38, 0xc6, 0x38, 0xc6, 0x38, 0xc6, 0x38, 0xc6, 0x38, 0xc6, 0x38, 0xc6,
    0x00, 0x00, 0x00, 0x00, 0x00, 0x00, 0x00, 0x00, 0x00, 0x00, 0x00, 0x00,
    0x00, 0x00, 0x38, 0xc6, 0x38, 0xc6, 0x38, 0xc6, 0x38, 0xc6, 0x38, 0xc6,
    0x38, 0xc6, 0x38, 0xc6, 0x38, 0xc6, 0x38, 0xc6, 0x38, 0xc6, 0x38, 0xc6,
    0x38, 0xc6, 0x38, 0xc6, 0x38, 0xc6, 0x38, 0xc6, 0x38, 0xc6, 0x38, 0xc6,
    0x38, 0xc6, 0x38, 0xc6, 0x38, 0xc6, 0x38, 0xc6, 0x38, 0xc6, 0x38, 0xc6,
    0x38, 0xc6, 0x38, 0xc6, 0x38, 0xc6, 0x38, 0xc6, 0x38, 0xc6, 0x38, 0xc6,
    0x38, 0xc6, 0x38, 0xc6, 0x38, 0xc6, 0x38, 0xc6, 0x38, 0xc6, 0x38, 0xc6,
    0x38, 0xc6, 0x38, 0xc6, 0x38, 0xc6, 0x38, 0xc6, 0x38, 0xc6, 0x38, 0xc6,
    0x38, 0xc6, 0x38, 0xc6, 0x38, 0xc6, 0x38, 0xc6, 0x38, 0xc6, 0x38, 0xc6,
    0x38, 0xc6, 0x38, 0xc6, 0x38, 0xc6, 0x38, 0xc6, 0x38, 0xc6, 0x38, 0xc6,
    0x38, 0xc6, 0x38, 0xc6, 0x38, 0xc6, 0x00, 0x00, 0x00, 0x00, 0x00, 0x00,
    0x00, 0x00, 0x00, 0x00, 0x00, 0x00, 0x00, 0x00, 0x00, 0x00, 0x00, 0x00,
    0x00, 0x00, 0x00, 0x00, 0x00, 0x00, 0x00, 0x00, 0x00, 0x00, 0x00, 0x00,
    0x00, 0x00, 0x00, 0x00, 0x00, 0x00, 0x00, 0x00, 0x00, 0x00, 0x00, 0x00,
    0x00, 0x00, 0x00, 0x00, 0x00, 0x00, 0x00, 0x00, 0x00, 0x00, 0x00, 0x00,
    0x00, 0x00, 0x00, 0x00, 0x00, 0x00, 0x00, 0x00, 0x00, 0x00, 0x38, 0xc6,
    0x38, 0xc6, 0x38, 0xc6, 0x38, 0xc6, 0x38, 0xc6, 0x38, 0xc6, 0x38, 0xc6,
    0x38, 0xc6, 0x38, 0xc6, 0x38, 0xc6, 0x38, 0xc6, 0x38, 0xc6, 0x38, 0xc6,
    0x38, 0xc6, 0x38, 0xc6, 0x38, 0xc6, 0x38, 0xc6, 0x38, 0xc6, 0x38, 0xc6,
    0x38, 0xc6, 0x38, 0xc6, 0x38, 0xc6, 0x38, 0xc6, 0x38, 0xc6, 0x38, 0xc6,
    0x00, 0x00, 0x00, 0x00, 0x00, 0x00, 0x00, 0x00, 0x00, 0x00, 0x00, 0x00,
    0x00, 0x00, 0x00, 0x00, 0x38, 0xc6, 0x38, 0xc6, 0x38, 0xc6, 0x38, 0xc6,
    0x38, 0xc6, 0x38, 0xc6, 0x38, 0xc6, 0x38, 0xc6, 0x38, 0xc6, 0x38, 0xc6,
    0x38, 0xc6, 0x38, 0xc6, 0x38, 0xc6, 0x38, 0xc6, 0x38, 0xc6, 0x38, 0xc6,
    0x38, 0xc6, 0x38, 0xc6, 0x38, 0xc6, 0x38, 0xc6, 0x38, 0xc6, 0x38, 0xc6,
    0x38, 0xc6, 0x38, 0xc6, 0x38, 0xc6, 0x38, 0xc6, 0x38, 0xc6, 0x38, 0xc6,
    0x38, 0xc6, 0x38, 0xc6, 0x38, 0xc6, 0x38, 0xc6, 0x38, 0xc6, 0x38, 0xc6,
    0x38, 0xc6, 0x38, 0xc6, 0x38, 0xc6, 0x38, 0xc6, 0x38, 0xc6, 0x38, 0xc6,
    0x38, 0xc6, 0x38, 0xc6, 0x38, 0xc6, 0x38, 0xc6, 0x38, 0xc6, 0x38, 0xc6,
    0x38, 0xc6, 0x38, 0xc6, 0x38, 0xc6, 0x38, 0xc6, 0x38, 0xc6, 0x38, 0xc6,
    0x38, 0xc6, 0x38, 0xc6, 0x38, 0xc6, 0x38, 0xc6, 0x38, 0xc6, 0x38, 0xc6,
    0x38, 0xc6, 0x38, 0xc6, 0x38, 0xc6, 0x38, 0xc6, 0x38, 0xc6, 0x38, 0xc6,
    0x38, 0xc6, 0x38, 0xc6, 0x38, 0xc6, 0x38, 0xc6, 0x38, 0xc6, 0x38, 0xc6,
    0x38, 0xc6, 0xba, 0xd6, 0x00, 0x00, 0x00, 0x00, 0x00, 0x00, 0x00, 0x00,
    0x00, 0x00, 0x00, 0x00, 0x38, 0xc6, 0x38, 0xc6, 0x38, 0xc6, 0x38, 0xc6,
    0x38, 0xc6, 0x38, 0xc6, 0x38, 0xc6, 0x38, 0xc6, 0x38, 0xc6, 0x38, 0xc6,
    0x38, 0xc6, 0x38, 0xc6, 0x38, 0xc6, 0x38, 0xc6, 0x38, 0xc6, 0x38, 0xc6,
    0x38, 0xc6, 0x38, 0xc6, 0x38, 0xc6, 0x38, 0xc6, 0x38, 0xc6, 0x38, 0xc6,
    0x38, 0xc6, 0x38, 0xc6, 0x38, 0xc6, 0x38, 0xc6, 0x38, 0xc6, 0x38, 0xc6,
    0x38, 0xc6, 0x38, 0xc6, 0x38, 0xc6, 0x38, 0xc6, 0x38, 0xc6, 0x38, 0xc6,
    0x38, 0xc6, 0x38, 0xc6, 0x38, 0xc6, 0x38, 0xc6, 0x38, 0xc6, 0x38, 0xc6,
    0x38, 0xc6, 0x38, 0xc6, 0x38, 0xc6, 0x38, 0xc6, 0x38, 0xc6, 0x38, 0xc6,
    0x38, 0xc6, 0x38, 0xc6, 0x38, 0xc6, 0x38, 0xc6, 0x38, 0xc6, 0x38, 0xc6,
    0x38, 0xc6, 0x38, 0xc6, 0x38, 0xc6, 0x38, 0xc6, 0x38, 0xc6, 0x38, 0xc6,
    0x38, 0xc6, 0x38, 0xc6, 0x38, 0xc6, 0x38, 0xc6, 0x38, 0xc6, 0x38, 0xc6,
    0x38, 0xc6, 0x38, 0xc6, 0x38, 0xc6, 0x38, 0xc6, 0x38, 0xc6, 0x38, 0xc6,
    0x00, 0x00, 0x00, 0x00, 0x00, 0x00, 0x00, 0x00, 0x00, 0x00, 0x00, 0x00,
    0x00, 0x00, 0x00, 0x00, 0x00, 0x00, 0x38, 0xc6, 0x38, 0xc6, 0x38, 0xc6,
    0x38, 0xc6, 0x38, 0xc6, 0x38, 0xc6, 0x38, 0xc6, 0x38, 0xc6, 0x38, 0xc6,
    0x38, 0xc6, 0x38, 0xc6, 0x38, 0xc6, 0x38, 0xc6, 0x38, 0xc6, 0x38, 0xc6,
    0x38, 0xc6, 0x38, 0xc6, 0x38, 0xc6, 0x38, 0xc6, 0x38, 0xc6, 0x38, 0xc6,
    0x38, 0xc6, 0x38, 0xc6, 0x38, 0xc6, 0x38, 0xc6, 0x00, 0x00, 0x00, 0x00,
    0x00, 0x00, 0x00, 0x00, 0x00, 0x00, 0x00, 0x00, 0x00, 0x00, 0x38, 0xc6,
    0x38, 0xc6, 0x38, 0xc6, 0x38, 0xc6, 0x38, 0xc6, 0x38, 0xc6, 0x38, 0xc6,
    0x38, 0xc6, 0x38, 0xc6, 0x38, 0xc6, 0x38, 0xc6, 0x38, 0xc6, 0x38, 0xc6,
    0x38, 0xc6, 0x38, 0xc6, 0x38, 0xc6, 0x38, 0xc6, 0x38, 0xc6, 0x38, 0xc6,
    0x38, 0xc6, 0x38, 0xc6, 0x38, 0xc6, 0x38, 0xc6, 0x38, 0xc6, 0x38, 0xc6,
    0x38, 0xc6, 0x38, 0xc6, 0x38, 0xc6, 0x38, 0xc6, 0x38, 0xc6, 0x38, 0xc6,
    0x38, 0xc6, 0x38, 0xc6, 0x38, 0xc6, 0x38, 0xc6, 0x38, 0xc6, 0x38, 0xc6,
    0x38, 0xc6, 0x38, 0xc6, 0x38, 0xc6, 0x38, 0xc6, 0x38, 0xc6, 0x38, 0xc6,
    0x38, 0xc6, 0x38, 0xc6, 0x38, 0xc6, 0x38, 0xc6, 0x38, 0xc6, 0x38, 0xc6,
    0x38, 0xc6, 0x38, 0xc6, 0x38, 0xc6, 0x38, 0xc6, 0x38, 0xc6, 0x38, 0xc6,
    0x00, 0x00, 0x00, 0x00, 0x00, 0x00, 0x00, 0x00, 0x00, 0x00, 0x00, 0x00,
    0x00, 0x00, 0x00, 0x00, 0x00, 0x00, 0x00, 0x00, 0x00, 0x00, 0x00, 0x00,
    0x00, 0x00, 0x00, 0x00, 0x00, 0x00, 0x00, 0x00, 0x00, 0x00, 0x00, 0x00,
    0x00, 0x00, 0x00, 0x00, 0x00, 0x00, 0x00, 0x00, 0x00, 0x00, 0x00, 0x00,
    0x00, 0x00, 0x00, 0x00, 0x00, 0x00, 0x00, 0x00, 0x00, 0x00, 0x00, 0x00,
    0x00, 0x00, 0x00, 0x00, 0x00, 0x00, 0x38, 0xc6, 0x38, 0xc6, 0x38, 0xc6,
    0x38, 0xc6, 0x38, 0xc6, 0x38, 0xc6, 0x38, 0xc6, 0x38, 0xc6, 0x38, 0xc6,
    0x38, 0xc6, 0x38, 0xc6, 0x38, 0xc6, 0x38, 0xc6, 0x38, 0xc6, 0x38, 0xc6,
    0x38, 0xc6, 0x38, 0xc6, 0x38, 0xc6, 0x38, 0xc6, 0x38, 0xc6, 0x38, 0xc6,
    0x38, 0xc6, 0x38, 0xc6, 0x38, 0xc6, 0x38, 0xc6, 0x00, 0x00, 0x00, 0x00,
    0x00, 0x00, 0x00, 0x00, 0x00, 0x00, 0x00, 0x00, 0x00, 0x00, 0x00, 0x00,
    0x00, 0x00, 0x38, 0xc6, 0x38, 0xc6, 0x38, 0xc6, 0x38, 0xc6, 0x38, 0xc6,
    0x38, 0xc6, 0x38, 0xc6, 0x38, 0xc6, 0x38, 0xc6, 0x38, 0xc6, 0x38, 0xc6,
    0x38, 0xc6, 0x38, 0xc6, 0x38, 0xc6, 0x38, 0xc6, 0x38, 0xc6, 0x38, 0xc6,
    0x38, 0xc6, 0x38, 0xc6, 0x38, 0xc6, 0x38, 0xc6, 0x38, 0xc6, 0x38, 0xc6,
    0x38, 0xc6, 0x38, 0xc6, 0x38, 0xc6, 0x38, 0xc6, 0x38, 0xc6, 0x38, 0xc6,
    0x38, 0xc6, 0x38, 0xc6, 0x38, 0xc6, 0x38, 0xc6, 0x38, 0xc6, 0x38, 0xc6,
    0x38, 0xc6, 0x38, 0xc6, 0x38, 0xc6, 0x38, 0xc6, 0x38, 0xc6, 0x38, 0xc6,
    0x38, 0xc6, 0x38, 0xc6, 0x38, 0xc6, 0x38, 0xc6, 0x38, 0xc6, 0x38, 0xc6,
    0x38, 0xc6, 0x38, 0xc6, 0x38, 0xc6, 0x38, 0xc6, 0x38, 0xc6, 0x38, 0xc6,
    0x38, 0xc6, 0x38, 0xc6, 0x38, 0xc6, 0x38, 0xc6, 0x38, 0xc6, 0x38, 0xc6,
    0x38, 0xc6, 0x38, 0xc6, 0x38, 0xc6, 0x38, 0xc6, 0x38, 0xc6, 0x38, 0xc6,
    0x38, 0xc6, 0x38, 0xc6, 0x38, 0xc6, 0x38, 0xc6, 0x38, 0xc6, 0xba, 0xd6,
    0x00, 0x00, 0x00, 0x00, 0x00, 0x00, 0x00, 0x00, 0x00, 0x00, 0x00, 0x00,
    0x38, 0xc6, 0x38, 0xc6, 0x38, 0xc6, 0x38, 0xc6, 0x38, 0xc6, 0x38, 0xc6,
    0x38, 0xc6, 0x38, 0xc6, 0x38, 0xc6, 0x38, 0xc6, 0x38, 0xc6, 0x38, 0xc6,
    0x38, 0xc6, 0x38, 0xc6, 0x38, 0xc6, 0x38, 0xc6, 0x38, 0xc6, 0x38, 0xc6,
    0x38, 0xc6, 0x38, 0xc6, 0x38, 0xc6, 0x38, 0xc6, 0x38, 0xc6, 0x38, 0xc6,
    0x38, 0xc6, 0x38, 0xc6, 0x38, 0xc6, 0x38, 0xc6, 0x38, 0xc6, 0x38, 0xc6,
    0x38, 0xc6, 0x38, 0xc6, 0x38, 0xc6, 0x38, 0xc6, 0x38, 0xc6, 0x38, 0xc6,
    0x38, 0xc6, 0x38, 0xc6, 0x38, 0xc6, 0x38, 0xc6, 0x38, 0xc6, 0x38, 0xc6,
    0x38, 0xc6, 0x38, 0xc6, 0x38, 0xc6, 0x38, 0xc6, 0x38, 0xc6, 0x38, 0xc6,
    0x38, 0xc6, 0x38, 0xc6, 0x38, 0xc6, 0x38, 0xc6, 0x38, 0xc6, 0x38, 0xc6,
    0x38, 0xc6, 0x38, 0xc6, 0x38, 0xc6, 0x38, 0xc6, 0x38, 0xc6, 0x38, 0xc6,
    0x38, 0xc6, 0x38, 0xc6, 0x38, 0xc6, 0x38, 0xc6, 0x38, 0xc6, 0x38, 0xc6,
    0x38, 0xc6, 0x38, 0xc6, 0x38, 0xc6, 0x38, 0xc6, 0x00, 0x00, 0x00, 0x00,
    0x00, 0x00, 0x00, 0x00, 0x00, 0x00, 0x00, 0x00, 0x00, 0x00, 0x00, 0x00,
    0x00, 0x00, 0x38, 0xc6, 0x38, 0xc6, 0x38, 0xc6, 0x38, 0xc6, 0x38, 0xc6,
    0x38, 0xc6, 0x38, 0xc6, 0x38, 0xc6, 0x38, 0xc6, 0x38, 0xc6, 0x38, 0xc6,
    0x38, 0xc6, 0x38, 0xc6, 0x38, 0xc6, 0x38, 0xc6, 0x38, 0xc6, 0x38, 0xc6,
    0x38, 0xc6, 0x38, 0xc6, 0x38, 0xc6, 0x38, 0xc6, 0x38, 0xc6, 0x38, 0xc6,
    0x38, 0xc6, 0x38, 0xc6, 0x00, 0x00, 0x00, 0x00, 0x00, 0x00, 0x00, 0x00,
    0x00, 0x00, 0x00, 0x00, 0x00, 0x00, 0x38, 0xc6, 0x38, 0xc6, 0x38, 0xc6,
    0x38, 0xc6, 0x38, 0xc6, 0x38, 0xc6, 0x38, 0xc6, 0x38, 0xc6, 0x38, 0xc6,
    0x38, 0xc6, 0x38, 0xc6, 0x38, 0xc6, 0x38, 0xc6, 0x38, 0xc6, 0x38, 0xc6,
    0x38, 0xc6, 0x38, 0xc6, 0x38, 0xc6, 0x38, 0xc6, 0x38, 0xc6, 0x38, 0xc6,
    0x38, 0xc6, 0x38, 0xc6, 0x38, 0xc6, 0x38, 0xc6, 0x38, 0xc6, 0x38, 0xc6,
    0x38, 0xc6, 0x38, 0xc6, 0x38, 0xc6, 0x38, 0xc6, 0x38, 0xc6, 0x38, 0xc6,
    0x38, 0xc6, 0x38, 0xc6, 0x38, 0xc6, 0x38, 0xc6, 0x38, 0xc6, 0x38, 0xc6,
    0x38, 0xc6, 0x38, 0xc6, 0x38, 0xc6, 0x38, 0xc6, 0x38, 0xc6, 0x38, 0xc6,
    0x38, 0xc6, 0x38, 0xc6, 0x38, 0xc6, 0x38, 0xc6, 0x38, 0xc6, 0x38, 0xc6,
    0x38, 0xc6, 0x38, 0xc6, 0x18, 0xc6, 0x00, 0x00, 0x00, 0x00, 0x00, 0x00,
    0x00, 0x00, 0x00, 0x00, 0x00, 0x00, 0x00, 0x00, 0x00, 0x00, 0x00, 0x00,
    0x00, 0x00, 0x00, 0x00, 0x00, 0x00, 0x00, 0x00, 0x00, 0x00, 0x00, 0x00,
    0x00, 0x00, 0x00, 0x00, 0x00, 0x00, 0x00, 0x00, 0x00, 0x00, 0x00, 0x00,
    0x00, 0x00, 0x00, 0x00, 0x00, 0x00, 0x00, 0x00, 0x00, 0x00, 0x00, 0x00,
    0x00, 0x00, 0x00, 0x00, 0x00, 0x00, 0x00, 0x00, 0x00, 0x00, 0x00, 0x00,
    0x00, 0x00, 0x38, 0xc6, 0x38, 0xc6, 0x38, 0xc6, 0x38, 0xc6, 0x38, 0xc6,
    0x38, 0xc6, 0x38, 0xc6, 0x38, 0xc6, 0x38, 0xc6, 0x38, 0xc6, 0x38, 0xc6,
    0x38, 0xc6, 0x38, 0xc6, 0x38, 0xc6, 0x38, 0xc6, 0x38, 0xc6, 0x38, 0xc6,
    0x38, 0xc6, 0x38, 0xc6, 0x38, 0xc6, 0x38, 0xc6, 0x38, 0xc6, 0x38, 0xc6,
    0x38, 0xc6, 0x38, 0xc6, 0x00, 0x00, 0x00, 0x00, 0x00, 0x00, 0x00, 0x00,
    0x00, 0x00, 0x00, 0x00, 0x00, 0x00, 0x00, 0x00, 0x00, 0x00, 0x79, 0xce,
    0x38, 0xc6, 0x38, 0xc6, 0x38, 0xc6, 0x38, 0xc6, 0x38, 0xc6, 0x38, 0xc6,
    0x38, 0xc6, 0x38, 0xc6, 0x38, 0xc6, 0x38, 0xc6, 0x38, 0xc6, 0x38, 0xc6,
    0x38, 0xc6, 0x38, 0xc6, 0x38, 0xc6, 0x38, 0xc6, 0x38, 0xc6, 0x38, 0xc6,
    0x38, 0xc6, 0x38, 0xc6, 0x38, 0xc6, 0x38, 0xc6, 0x38, 0xc6, 0x38, 0xc6,
    0x38, 0xc6, 0x38, 0xc6, 0x38, 0xc6, 0x38, 0xc6, 0x38, 0xc6, 0x38, 0xc6,
    0x38, 0xc6, 0x38, 0xc6, 0x38, 0xc6, 0x38, 0xc6, 0x38, 0xc6, 0x38, 0xc6,
    0x38, 0xc6, 0x38, 0xc6, 0x38, 0xc6, 0x38, 0xc6, 0x38, 0xc6, 0x38, 0xc6,
    0x38, 0xc6, 0x38, 0xc6, 0x38, 0xc6, 0x38, 0xc6, 0x38, 0xc6, 0x38, 0xc6,
    0x38, 0xc6, 0x38, 0xc6, 0x38, 0xc6, 0x38, 0xc6, 0x38, 0xc6, 0x38, 0xc6,
    0x38, 0xc6, 0x38, 0xc6, 0x38, 0xc6, 0x38, 0xc6, 0x38, 0xc6, 0x38, 0xc6,
    0x38, 0xc6, 0x38, 0xc6, 0x38, 0xc6, 0x38, 0xc6, 0x38, 0xc6, 0x38, 0xc6,
    0x38, 0xc6, 0x38, 0xc6, 0x38, 0xc6, 0xba, 0xd6, 0x00, 0x00, 0x00, 0x00,
    0x00, 0x00, 0x00, 0x00, 0x00, 0x00, 0x00, 0x00, 0x00, 0x00, 0x38, 0xc6,
    0x38, 0xc6, 0x38, 0xc6, 0x38, 0xc6, 0x38, 0xc6, 0x38, 0xc6, 0x38, 0xc6,
    0x38, 0xc6, 0x38, 0xc6, 0x38, 0xc6, 0x38, 0xc6, 0x38, 0xc6, 0x38, 0xc6,
    0x38, 0xc6, 0x38, 0xc6, 0x38, 0xc6, 0x38, 0xc6, 0x38, 0xc6, 0x38, 0xc6,
    0x38, 0xc6, 0x38, 0xc6, 0x38, 0xc6, 0x38, 0xc6, 0x38, 0xc6, 0x38, 0xc6,
    0x38, 0xc6, 0x38, 0xc6, 0x38, 0xc6, 0x38, 0xc6, 0x38, 0xc6, 0x38, 0xc6,
    0x38, 0xc6, 0x38, 0xc6, 0x38, 0xc6, 0x38, 0xc6, 0x38, 0xc6, 0x38, 0xc6,
    0x38, 0xc6, 0x38, 0xc6, 0x38, 0xc6, 0x38, 0xc6, 0x38, 0xc6, 0x38, 0xc6,
    0x38, 0xc6, 0x38, 0xc6, 0x38, 0xc6, 0x38, 0xc6, 0x38, 0xc6, 0x38, 0xc6,
    0x38, 0xc6, 0x38, 0xc6, 0x38, 0xc6, 0x38, 0xc6, 0x38, 0xc6, 0x38, 0xc6,
    0x38, 0xc6, 0x38, 0xc6, 0x38, 0xc6, 0x38, 0xc6, 0x38, 0xc6, 0x38, 0xc6,
    0x38, 0xc6, 0x38, 0xc6, 0x38, 0xc6, 0x38, 0xc6, 0x38, 0xc6, 0x38, 0xc6,
    0x38, 0xc6, 0x38, 0xc6, 0x00, 0x00, 0x00, 0x00, 0x00, 0x00, 0x00, 0x00,
    0x00, 0x00, 0x00, 0x00, 0x00, 0x00, 0x00, 0x00, 0x00, 0x00, 0x38, 0xc6,
    0x38, 0xc6, 0x38, 0xc6, 0x38, 0xc6, 0x38, 0xc6, 0x38, 0xc6, 0x38, 0xc6,
    0x38, 0xc6, 0x38, 0xc6, 0x38, 0xc6, 0x38, 0xc6, 0x38, 0xc6, 0x38, 0xc6,
    0x38, 0xc6, 0x38, 0xc6, 0x38, 0xc6, 0x38, 0xc6, 0x38, 0xc6, 0x38, 0xc6,
    0x38, 0xc6, 0x38, 0xc6, 0x38, 0xc6, 0x38, 0xc6, 0x38, 0xc6, 0x38, 0xc6,
    0x00, 0x00, 0x00, 0x00, 0x00, 0x00, 0x00, 0x00, 0x00, 0x00, 0x00, 0x00,
    0x00, 0x00, 0x38, 0xc6, 0x38, 0xc6, 0x38, 0xc6, 0x38, 0xc6, 0x38, 0xc6,
    0x38, 0xc6, 0x38, 0xc6, 0x38, 0xc6, 0x38, 0xc6, 0x38, 0xc6, 0x38, 0xc6,
    0x38, 0xc6, 0x38, 0xc6, 0x38, 0xc6, 0x38, 0xc6, 0x38, 0xc6, 0x38, 0xc6,
    0x38, 0xc6, 0x38, 0xc6, 0x38, 0xc6, 0x38, 0xc6, 0x38, 0xc6, 0x38, 0xc6,
    0x38, 0xc6, 0x38, 0xc6, 0x38, 0xc6, 0x38, 0xc6, 0x38, 0xc6, 0x38, 0xc6,
    0x38, 0xc6, 0x38, 0xc6, 0x38, 0xc6, 0x38, 0xc6, 0x38, 0xc6, 0x38, 0xc6,
    0x38, 0xc6, 0x38, 0xc6, 0x38, 0xc6, 0x38, 0xc6, 0x38, 0xc6, 0x38, 0xc6,
    0x38, 0xc6, 0x38, 0xc6, 0x38, 0xc6, 0x38, 0xc6, 0x38, 0xc6, 0x38, 0xc6,
    0x38, 0xc6, 0x38, 0xc6, 0x38, 0xc6, 0x38, 0xc6, 0x38, 0xc6, 0x9a, 0xd6,
    0x00, 0x00, 0x00, 0x00, 0x00, 0x00, 0x00, 0x00, 0x00, 0x00, 0x00, 0x00,
    0x00, 0x00, 0x00, 0x00, 0x00, 0x00, 0x00, 0x00, 0x00, 0x00, 0x00, 0x00,
    0x00, 0x00, 0x00, 0x00, 0x00, 0x00, 0x00, 0x00, 0x00, 0x00, 0x00, 0x00,
    0x00, 0x00, 0x00, 0x00, 0x00, 0x00, 0x00, 0x00, 0x00, 0x00, 0x00, 0x00,
    0x00, 0x00, 0x00, 0x00, 0x00, 0x00, 0x00, 0x00, 0x00, 0x00, 0x00, 0x00,
    0x00, 0x00, 0x00, 0x00, 0x00, 0x00, 0x00, 0x00, 0x00, 0x00, 0x38, 0xc6,
    0x38, 0xc6, 0x38, 0xc6, 0x38, 0xc6, 0x38, 0xc6, 0x38, 0xc6, 0x38, 0xc6,
    0x38, 0xc6, 0x38, 0xc6, 0x38, 0xc6, 0x38, 0xc6, 0x38, 0xc6, 0x38, 0xc6,
    0x38, 0xc6, 0x38, 0xc6, 0x38, 0xc6, 0x38, 0xc6, 0x38, 0xc6, 0x38, 0xc6,
    0x38, 0xc6, 0x38, 0xc6, 0x38, 0xc6, 0x38, 0xc6, 0x38, 0xc6, 0x38, 0xc6,
    0x00, 0x00, 0x00, 0x00, 0x00, 0x00, 0x00, 0x00, 0x00, 0x00, 0x00, 0x00,
    0x00, 0x00, 0x00, 0x00, 0x00, 0x00, 0x00, 0x00, 0x38, 0xc6, 0x38, 0xc6,
    0x38, 0xc6, 0x38, 0xc6, 0x38, 0xc6, 0x38, 0xc6, 0x38, 0xc6, 0x38, 0xc6,
    0x38, 0xc6, 0x38, 0xc6, 0x38, 0xc6, 0x38, 0xc6, 0x38, 0xc6, 0x38, 0xc6,
    0x38, 0xc6, 0x38, 0xc6, 0x38, 0xc6, 0x38, 0xc6, 0x38, 0xc6, 0x38, 0xc6,
    0x38, 0xc6, 0x38, 0xc6, 0x38, 0xc6, 0x38, 0xc6, 0x38, 0xc6, 0x38, 0xc6,
    0x38, 0xc6, 0x38, 0xc6, 0x38, 0xc6, 0x38, 0xc6, 0x38, 0xc6, 0x38, 0xc6,
    0x38, 0xc6, 0x38, 0xc6, 0x38, 0xc6, 0x38, 0xc6, 0x38, 0xc6, 0x38, 0xc6,
    0x38, 0xc6, 0x38, 0xc6, 0x38, 0xc6, 0x38, 0xc6, 0x38, 0xc6, 0x38, 0xc6,
    0x38, 0xc6, 0x38, 0xc6, 0x38, 0xc6, 0x38, 0xc6, 0x38, 0xc6, 0x38, 0xc6,
    0x38, 0xc6, 0x38, 0xc6, 0x38, 0xc6, 0x38, 0xc6, 0x38, 0xc6, 0x38, 0xc6,
    0x38, 0xc6, 0x38, 0xc6, 0x38, 0xc6, 0x38, 0xc6, 0x38, 0xc6, 0x38, 0xc6,
    0x38, 0xc6, 0x38, 0xc6, 0x38, 0xc6, 0x38, 0xc6, 0x38, 0xc6, 0x38, 0xc6,
    0x38, 0xc6, 0xba, 0xd6, 0x00, 0x00, 0x00, 0x00, 0x00, 0x00, 0x00, 0x00,
    0x00, 0x00, 0x00, 0x00, 0x00, 0x00, 0x00, 0x00, 0x38, 0xc6, 0x38, 0xc6,
    0x38, 0xc6, 0x38, 0xc6, 0x38, 0xc6, 0x38, 0xc6, 0x38, 0xc6, 0x38, 0xc6,
    0x38, 0xc6, 0x38, 0xc6, 0x38, 0xc6, 0x38, 0xc6, 0x38, 0xc6, 0x38, 0xc6,
    0x38, 0xc6, 0x38, 0xc6, 0x38, 0xc6, 0x38, 0xc6, 0x38, 0xc6, 0x38, 0xc6,
    0x38, 0xc6, 0x38, 0xc6, 0x38, 0xc6, 0x38, 0xc6, 0x38, 0xc6, 0x38, 0xc6,
    0x38, 0xc6, 0x38, 0xc6, 0x38, 0xc6, 0x38, 0xc6, 0x38, 0xc6, 0x38, 0xc6,
    0x38, 0xc6, 0x38, 0xc6, 0x38, 0xc6, 0x38, 0xc6, 0x38, 0xc6, 0x38, 0xc6,
    0x38, 0xc6, 0x38, 0xc6, 0x38, 0xc6, 0x38, 0xc6, 0x38, 0xc6, 0x38, 0xc6,
    0x38, 0xc6, 0x38, 0xc6, 0x38, 0xc6, 0x38, 0xc6, 0x38, 0xc6, 0x38, 0xc6,
    0x38, 0xc6, 0x38, 0xc6, 0x38, 0xc6, 0x38, 0xc6, 0x38, 0xc6, 0x38, 0xc6,
    0x38, 0xc6, 0x38, 0xc6, 0x38, 0xc6, 0x38, 0xc6, 0x38, 0xc6, 0x38, 0xc6,
    0x38, 0xc6, 0x38, 0xc6, 0x38, 0xc6, 0x38, 0xc6, 0x38, 0xc6, 0x38, 0xc6,
    0x00, 0x00, 0x00, 0x00, 0x00, 0x00, 0x00, 0x00, 0x00, 0x00, 0x00, 0x00,
    0x00, 0x00, 0x00, 0x00, 0x00, 0x00, 0x38, 0xc6, 0x38, 0xc6, 0x38, 0xc6,
    0x38, 0xc6, 0x38, 0xc6, 0x38, 0xc6, 0x38, 0xc6, 0x38, 0xc6, 0x38, 0xc6,
    0x38, 0xc6, 0x38, 0xc6, 0x38, 0xc6, 0x38, 0xc6, 0x38, 0xc6, 0x38, 0xc6,
    0x38, 0xc6, 0x38, 0xc6, 0x38, 0xc6, 0x38, 0xc6, 0x38, 0xc6, 0x38, 0xc6,
    0x38, 0xc6, 0x38, 0xc6, 0x38, 0xc6, 0x38, 0xc6, 0x00, 0x00, 0x00, 0x00,
    0x00, 0x00, 0x00, 0x00, 0x00, 0x00, 0x00, 0x00, 0x00, 0x00, 0x38, 0xc6,
    0x38, 0xc6, 0x38, 0xc6, 0x38, 0xc6, 0x38, 0xc6, 0x38, 0xc6, 0x38, 0xc6,
    0x38, 0xc6, 0x38, 0xc6, 0x38, 0xc6, 0x38, 0xc6, 0x38, 0xc6, 0x38, 0xc6,
    0x38, 0xc6, 0x38, 0xc6, 0x38, 0xc6, 0x38, 0xc6, 0x38, 0xc6, 0x38, 0xc6,
    0x38, 0xc6, 0x38, 0xc6, 0x38, 0xc6, 0x38, 0xc6, 0x38, 0xc6, 0x38, 0xc6,
    0x38, 0xc6, 0x38, 0xc6, 0x38, 0xc6, 0x38, 0xc6, 0x38, 0xc6, 0x38, 0xc6,
    0x38, 0xc6, 0x38, 0xc6, 0x38, 0xc6, 0x38, 0xc6, 0x38, 0xc6, 0x38, 0xc6,
    0x38, 0xc6, 0x38, 0xc6, 0x38, 0xc6, 0x38, 0xc6, 0x38, 0xc6, 0x38, 0xc6,
    0x38, 0xc6, 0x38, 0xc6, 0x38, 0xc6, 0x38, 0xc6, 0x38, 0xc6, 0x38, 0xc6,
    0x38, 0xc6, 0x38, 0xc6, 0xf7, 0xbd, 0x00, 0x00, 0x00, 0x00, 0x00, 0x00,
    0x00, 0x00, 0x00, 0x00, 0x00, 0x00, 0x00, 0x00, 0x00, 0x00, 0x00, 0x00,
    0x00, 0x00, 0x00, 0x00, 0x00, 0x00, 0x00, 0x00, 0x00, 0x00, 0x00, 0x00,
    0x00, 0x00, 0x00, 0x00, 0x00, 0x00, 0x00, 0x00, 0x00, 0x00, 0x00, 0x00,
    0x00, 0x00, 0x00, 0x00, 0x00, 0x00, 0x00, 0x00, 0x00, 0x00, 0x00, 0x00,
    0x00, 0x00, 0x00, 0x00, 0x00, 0x00, 0x00, 0x00, 0x00, 0x00, 0x00, 0x00,
    0x00, 0x00, 0x00, 0x00, 0x00, 0x00, 0x38, 0xc6, 0x38, 0xc6, 0x38, 0xc6,
    0x38, 0xc6, 0x38, 0xc6, 0x38, 0xc6, 0x38, 0xc6, 0x38, 0xc6, 0x38, 0xc6,
    0x38, 0xc6, 0x38, 0xc6, 0x38, 0xc6, 0x38, 0xc6, 0x38, 0xc6, 0x38, 0xc6,
    0x38, 0xc6, 0x38, 0xc6, 0x38, 0xc6, 0x38, 0xc6, 0x38, 0xc6, 0x38, 0xc6,
    0x38, 0xc6, 0x38, 0xc6, 0x38, 0xc6, 0x38, 0xc6, 0x00, 0x00, 0x00, 0x00,
    0x00, 0x00, 0x00, 0x00, 0x00, 0x00, 0x00, 0x00, 0x00, 0x00, 0x00, 0x00,
    0x00, 0x00, 0x00, 0x00, 0x00, 0x00, 0x38, 0xc6, 0x38, 0xc6, 0x38, 0xc6,
    0x38, 0xc6, 0x38, 0xc6, 0x38, 0xc6, 0x38, 0xc6, 0x38, 0xc6, 0x38, 0xc6,
    0x38, 0xc6, 0x38, 0xc6, 0x38, 0xc6, 0x38, 0xc6, 0x38, 0xc6, 0x38, 0xc6,
    0x38, 0xc6, 0x38, 0xc6, 0x38, 0xc6, 0x38, 0xc6, 0x38, 0xc6, 0x38, 0xc6,
    0x38, 0xc6, 0x38, 0xc6, 0x38, 0xc6, 0x38, 0xc6, 0x38, 0xc6, 0x38, 0xc6,
    0x38, 0xc6, 0x38, 0xc6, 0x38, 0xc6, 0x38, 0xc6, 0x38, 0xc6, 0x38, 0xc6,
    0x38, 0xc6, 0x38, 0xc6, 0x38, 0xc6, 0x38, 0xc6, 0x38, 0xc6, 0x38, 0xc6,
    0x38, 0xc6, 0x38, 0xc6, 0x38, 0xc6, 0x38, 0xc6, 0x38, 0xc6, 0x38, 0xc6,
    0x38, 0xc6, 0x38, 0xc6, 0x38, 0xc6, 0x38, 0xc6, 0x38, 0xc6, 0x38, 0xc6,
    0x38, 0xc6, 0x38, 0xc6, 0x38, 0xc6, 0x38, 0xc6, 0x38, 0xc6, 0x38, 0xc6,
    0x38, 0xc6, 0x38, 0xc6, 0x38, 0xc6, 0x38, 0xc6, 0x38, 0xc6, 0x38, 0xc6,
    0x38, 0xc6, 0x38, 0xc6, 0x38, 0xc6, 0x38, 0xc6, 0x38, 0xc6, 0xba, 0xd6,
    0x00, 0x00, 0x00, 0x00, 0x00, 0x00, 0x00, 0x00, 0x00, 0x00, 0x00, 0x00,
    0x00, 0x00, 0x00, 0x00, 0x00, 0x00, 0x38, 0xc6, 0x38, 0xc6, 0x38, 0xc6,
    0x38, 0xc6, 0x38, 0xc6, 0x38, 0xc6, 0x38, 0xc6, 0x38, 0xc6, 0x38, 0xc6,
    0x38, 0xc6, 0x38, 0xc6, 0x38, 0xc6, 0x38, 0xc6, 0x38, 0xc6, 0x38, 0xc6,
    0x38, 0xc6, 0x38, 0xc6, 0x38, 0xc6, 0x38, 0xc6, 0x38, 0xc6, 0x38, 0xc6,
    0x38, 0xc6, 0x38, 0xc6, 0x38, 0xc6, 0x38, 0xc6, 0x38, 0xc6, 0x38, 0xc6,
    0x38, 0xc6, 0x38, 0xc6, 0x38, 0xc6, 0x38, 0xc6, 0x38, 0xc6, 0x38, 0xc6,
    0x38, 0xc6, 0x38, 0xc6, 0x38, 0xc6, 0x38, 0xc6, 0x38, 0xc6, 0x38, 0xc6,
    0x38, 0xc6, 0x38, 0xc6, 0x38, 0xc6, 0x38, 0xc6, 0x38, 0xc6, 0x38, 0xc6,
    0x38, 0xc6, 0x38, 0xc6, 0x38, 0xc6, 0x38, 0xc6, 0x38, 0xc6, 0x38, 0xc6,
    0x38, 0xc6, 0x38, 0xc6, 0x38, 0xc6, 0x38, 0xc6, 0x38, 0xc6, 0x38, 0xc6,
    0x38, 0xc6, 0x38, 0xc6, 0x38, 0xc6, 0x38, 0xc6, 0x38, 0xc6, 0x38, 0xc6,
    0x38, 0xc6, 0x38, 0xc6, 0x38, 0xc6, 0x38, 0xc6, 0x00, 0x00, 0x00, 0x00,
    0x00, 0x00, 0x00, 0x00, 0x00, 0x00, 0x00, 0x00, 0x00, 0x00, 0x00, 0x00,
    0x00, 0x00, 0x38, 0xc6, 0x38, 0xc6, 0x38, 0xc6, 0x38, 0xc6, 0x38, 0xc6,
    0x38, 0xc6, 0x38, 0xc6, 0x38, 0xc6, 0x38, 0xc6, 0x38, 0xc6, 0x38, 0xc6,
    0x38, 0xc6, 0x38, 0xc6, 0x38, 0xc6, 0x38, 0xc6, 0x38, 0xc6, 0x38, 0xc6,
    0x38, 0xc6, 0x38, 0xc6, 0x38, 0xc6, 0x38, 0xc6, 0x38, 0xc6, 0x38, 0xc6,
    0x38, 0xc6, 0x38, 0xc6, 0x00, 0x00, 0x00, 0x00, 0x00, 0x00, 0x00, 0x00,
    0x00, 0x00, 0x00, 0x00, 0x00, 0x00, 0x38, 0xc6, 0x38, 0xc6, 0x38, 0xc6,
    0x38, 0xc6, 0x38, 0xc6, 0x38, 0xc6, 0x38, 0xc6, 0x38, 0xc6, 0x38, 0xc6,
    0x38, 0xc6, 0x38, 0xc6, 0x38, 0xc6, 0x38, 0xc6, 0x38, 0xc6, 0x38, 0xc6,
    0x38, 0xc6, 0x38, 0xc6, 0x38, 0xc6, 0x38, 0xc6, 0x38, 0xc6, 0x38, 0xc6,
    0x38, 0xc6, 0x38, 0xc6, 0x38, 0xc6, 0x38, 0xc6, 0x38, 0xc6, 0x38, 0xc6,
    0x38, 0xc6, 0x38, 0xc6, 0x38, 0xc6, 0x38, 0xc6, 0x38, 0xc6, 0x38, 0xc6,
    0x38, 0xc6, 0x38, 0xc6, 0x38, 0xc6, 0x38, 0xc6, 0x38, 0xc6, 0x38, 0xc6,
    0x38, 0xc6, 0x38, 0xc6, 0x38, 0xc6, 0x38, 0xc6, 0x38, 0xc6, 0x38, 0xc6,
    0x38, 0xc6, 0x38, 0xc6, 0x38, 0xc6, 0x38, 0xc6, 0x38, 0xc6, 0x00, 0x00,
    0x00, 0x00, 0x00, 0x00, 0x00, 0x00, 0x00, 0x00, 0x00, 0x00, 0x00, 0x00,
    0x00, 0x00, 0x00, 0x00, 0x00, 0x00, 0x00, 0x00, 0x00, 0x00, 0x00, 0x00,
    0x00, 0x00, 0x00, 0x00, 0x00, 0x00, 0x00, 0x00, 0x00, 0x00, 0x00, 0x00,
    0x00, 0x00, 0x00, 0x00, 0x00, 0x00, 0x00, 0x00, 0x00, 0x00, 0x00, 0x00,
    0x00, 0x00, 0x00, 0x00, 0x00, 0x00, 0x00, 0x00, 0x00, 0x00, 0x00, 0x00,
    0x00, 0x00, 0x00, 0x00, 0x00, 0x00, 0x00, 0x00, 0x00, 0x00, 0x00, 0x00,
    0x00, 0x00, 0x38, 0xc6, 0x38, 0xc6, 0x38, 0xc6, 0x38, 0xc6, 0x38, 0xc6,
    0x38, 0xc6, 0x38, 0xc6, 0x38, 0xc6, 0x38, 0xc6, 0x38, 0xc6, 0x38, 0xc6,
    0x38, 0xc6, 0x38, 0xc6, 0x38, 0xc6, 0x38, 0xc6, 0x38, 0xc6, 0x38, 0xc6,
    0x38, 0xc6, 0x38, 0xc6, 0x38, 0xc6, 0x38, 0xc6, 0x38, 0xc6, 0x38, 0xc6,
    0x38, 0xc6, 0x38, 0xc6, 0x00, 0x00, 0x00, 0x00, 0x00, 0x00, 0x00, 0x00,
    0x00, 0x00, 0x00, 0x00, 0x00, 0x00, 0x00, 0x00, 0x00, 0x00, 0x00, 0x00,
    0x00, 0x00, 0x00, 0x00, 0x38, 0xc6, 0x38, 0xc6, 0x38, 0xc6, 0x38, 0xc6,
    0x38, 0xc6, 0x38, 0xc6, 0x38, 0xc6, 0x38, 0xc6, 0x38, 0xc6, 0x38, 0xc6,
    0x38, 0xc6, 0x38, 0xc6, 0x38, 0xc6, 0x38, 0xc6, 0x38, 0xc6, 0x38, 0xc6,
    0x38, 0xc6, 0x38, 0xc6, 0x38, 0xc6, 0x38, 0xc6, 0x38, 0xc6, 0x38, 0xc6,
    0x38, 0xc6, 0x38, 0xc6, 0x38, 0xc6, 0x38, 0xc6, 0x38, 0xc6, 0x38, 0xc6,
    0x38, 0xc6, 0x38, 0xc6, 0x38, 0xc6, 0x38, 0xc6, 0x38, 0xc6, 0x38, 0xc6,
    0x38, 0xc6, 0x38, 0xc6, 0x38, 0xc6, 0x38, 0xc6, 0x38, 0xc6, 0x38, 0xc6,
    0x38, 0xc6, 0x38, 0xc6, 0x38, 0xc6, 0x38, 0xc6, 0x38, 0xc6, 0x38, 0xc6,
    0x38, 0xc6, 0x38, 0xc6, 0x38, 0xc6, 0x38, 0xc6, 0x38, 0xc6, 0x38, 0xc6,
    0x38, 0xc6, 0x38, 0xc6, 0x38, 0xc6, 0x38, 0xc6, 0x38, 0xc6, 0x38, 0xc6,
    0x38, 0xc6, 0x38, 0xc6, 0x38, 0xc6, 0x38, 0xc6, 0x38, 0xc6, 0x38, 0xc6,
    0x38, 0xc6, 0x38, 0xc6, 0x38, 0xc6, 0xba, 0xd6, 0x00, 0x00, 0x00, 0x00,
    0x00, 0x00, 0x00, 0x00, 0x00, 0x00, 0x00, 0x00, 0x00, 0x00, 0x00, 0x00,
    0x00, 0x00, 0x00, 0x00, 0x38, 0xc6, 0x38, 0xc6, 0x38, 0xc6, 0x38, 0xc6,
    0x38, 0xc6, 0x38, 0xc6, 0x38, 0xc6, 0x38, 0xc6, 0x38, 0xc6, 0x38, 0xc6,
    0x38, 0xc6, 0x38, 0xc6, 0x38, 0xc6, 0x38, 0xc6, 0x38, 0xc6, 0x38, 0xc6,
    0x38, 0xc6, 0x38, 0xc6, 0x38, 0xc6, 0x38, 0xc6, 0x38, 0xc6, 0x38, 0xc6,
    0x38, 0xc6, 0x38, 0xc6, 0x38, 0xc6, 0x38, 0xc6, 0x38, 0xc6, 0x38, 0xc6,
    0x38, 0xc6, 0x38, 0xc6, 0x38, 0xc6, 0x38, 0xc6, 0x38, 0xc6, 0x38, 0xc6,
    0x38, 0xc6, 0x38, 0xc6, 0x38, 0xc6, 0x38, 0xc6, 0x38, 0xc6, 0x38, 0xc6,
    0x38, 0xc6, 0x38, 0xc6, 0x38, 0xc6, 0x38, 0xc6, 0x38, 0xc6, 0x38, 0xc6,
    0x38, 0xc6, 0x38, 0xc6, 0x38, 0xc6, 0x38, 0xc6, 0x38, 0xc6, 0x38, 0xc6,
    0x38, 0xc6, 0x38, 0xc6, 0x38, 0xc6, 0x38, 0xc6, 0x38, 0xc6, 0x38, 0xc6,
    0x38, 0xc6, 0x38, 0xc6, 0x38, 0xc6, 0x38, 0xc6, 0x38, 0xc6, 0x38, 0xc6,
    0x38, 0xc6, 0x38, 0xc6, 0x00, 0x00, 0x00, 0x00, 0x00, 0x00, 0x00, 0x00,
    0x00, 0x00, 0x00, 0x00, 0x00, 0x00, 0x00, 0x00, 0x00, 0x00, 0x38, 0xc6,
    0x38, 0xc6, 0x38, 0xc6, 0x38, 0xc6, 0x38, 0xc6, 0x38, 0xc6, 0x38, 0xc6,
    0x38, 0xc6, 0x38, 0xc6, 0x38, 0xc6, 0x38, 0xc6, 0x38, 0xc6, 0x38, 0xc6,
    0x38, 0xc6, 0x38, 0xc6, 0x38, 0xc6, 0x38, 0xc6, 0x38, 0xc6, 0x38, 0xc6,
    0x38, 0xc6, 0x38, 0xc6, 0x38, 0xc6, 0x38, 0xc6, 0x38, 0xc6, 0x38, 0xc6,
    0x00, 0x00, 0x00, 0x00, 0x00, 0x00, 0x00, 0x00, 0x00, 0x00, 0x00, 0x00,
    0x00, 0x00, 0x38, 0xc6, 0x38, 0xc6, 0x38, 0xc6, 0x38, 0xc6, 0x38, 0xc6,
    0x38, 0xc6, 0x38, 0xc6, 0x38, 0xc6, 0x38, 0xc6, 0x38, 0xc6, 0x38, 0xc6,
    0x38, 0xc6, 0x38, 0xc6, 0x38, 0xc6, 0x38, 0xc6, 0x38, 0xc6, 0x38, 0xc6,
    0x38, 0xc6, 0x38, 0xc6, 0x38, 0xc6, 0x38, 0xc6, 0x38, 0xc6, 0x38, 0xc6,
    0x38, 0xc6, 0x38, 0xc6, 0x38, 0xc6, 0x38, 0xc6, 0x38, 0xc6, 0x38, 0xc6,
    0x38, 0xc6, 0x38, 0xc6, 0x38, 0xc6, 0x38, 0xc6, 0x38, 0xc6, 0x38, 0xc6,
    0x38, 0xc6, 0x38, 0xc6, 0x38, 0xc6, 0x38, 0xc6, 0x38, 0xc6, 0x38, 0xc6,
    0x38, 0xc6, 0x38, 0xc6, 0x38, 0xc6, 0x38, 0xc6, 0x38, 0xc6, 0x38, 0xc6,
    0x38, 0xc6, 0x38, 0xc6, 0x00, 0x00, 0x00, 0x00, 0x00, 0x00, 0x00, 0x00,
    0x00, 0x00, 0x00, 0x00, 0x00, 0x00, 0x00, 0x00, 0x00, 0x00, 0x00, 0x00,
    0x00, 0x00, 0x00, 0x00, 0x00, 0x00, 0x00, 0x00, 0x00, 0x00, 0x00, 0x00,
    0x00, 0x00, 0x00, 0x00, 0x00, 0x00, 0x00, 0x00, 0x00, 0x00, 0x00, 0x00,
    0x00, 0x00, 0x00, 0x00, 0x00, 0x00, 0x00, 0x00, 0x00, 0x00, 0x00, 0x00,
    0x00, 0x00, 0x00, 0x00, 0x00, 0x00, 0x00, 0x00, 0x00, 0x00, 0x00, 0x00,
    0x00, 0x00, 0x00, 0x00, 0x00, 0x00, 0x00, 0x00, 0x00, 0x00, 0x38, 0xc6,
    0x38, 0xc6, 0x38, 0xc6, 0x38, 0xc6, 0x38, 0xc6, 0x38, 0xc6, 0x38, 0xc6,
    0x38, 0xc6, 0x38, 0xc6, 0x38, 0xc6, 0x38, 0xc6, 0x38, 0xc6, 0x38, 0xc6,
    0x38, 0xc6, 0x38, 0xc6, 0x38, 0xc6, 0x38, 0xc6, 0x38, 0xc6, 0x38, 0xc6,
    0x38, 0xc6, 0x38, 0xc6, 0x38, 0xc6, 0x38, 0xc6, 0x38, 0xc6, 0x38, 0xc6,
    0x00, 0x00, 0x00, 0x00, 0x00, 0x00, 0x00, 0x00, 0x00, 0x00, 0x00, 0x00,
    0x00, 0x00, 0x00, 0x00, 0x00, 0x00, 0x00, 0x00, 0x00, 0x00, 0x00, 0x00,
    0x00, 0x00, 0x38, 0xc6, 0x38, 0xc6, 0x38, 0xc6, 0x38, 0xc6, 0x38, 0xc6,
    0x38, 0xc6, 0x38, 0xc6, 0x38, 0xc6, 0x38, 0xc6, 0x38, 0xc6, 0x38, 0xc6,
    0x38, 0xc6, 0x38, 0xc6, 0x38, 0xc6, 0x38, 0xc6, 0x38, 0xc6, 0x38, 0xc6,
    0x38, 0xc6, 0x38, 0xc6, 0x38, 0xc6, 0x38, 0xc6, 0x38, 0xc6, 0x38, 0xc6,
    0x38, 0xc6, 0x38, 0xc6, 0x38, 0xc6, 0x38, 0xc6, 0x38, 0xc6, 0x38, 0xc6,
    0x38, 0xc6, 0x38, 0xc6, 0x38, 0xc6, 0x38, 0xc6, 0x38, 0xc6, 0x38, 0xc6,
    0x38, 0xc6, 0x38, 0xc6, 0x38, 0xc6, 0x38, 0xc6, 0x38, 0xc6, 0x38, 0xc6,
    0x38, 0xc6, 0x38, 0xc6, 0x38, 0xc6, 0x38, 0xc6, 0x38, 0xc6, 0x38, 0xc6,
    0x38, 0xc6, 0x38, 0xc6, 0x38, 0xc6, 0x38, 0xc6, 0x38, 0xc6, 0x38, 0xc6,
    0x38, 0xc6, 0x38, 0xc6, 0x38, 0xc6, 0x38, 0xc6, 0x38, 0xc6, 0x38, 0xc6,
    0x38, 0xc6, 0x38, 0xc6, 0x38, 0xc6, 0x38, 0xc6, 0x38, 0xc6, 0x38, 0xc6,
    0x38, 0xc6, 0xba, 0xd6, 0x00, 0x00, 0x00, 0x00, 0x00, 0x00, 0x00, 0x00,
    0x00, 0x00, 0x00, 0x00, 0x00, 0x00, 0x00, 0x00, 0x00, 0x00, 0x00, 0x00,
    0x00, 0x00, 0x59, 0xce, 0x38, 0xc6, 0x38, 0xc6, 0x38, 0xc6, 0x38, 0xc6,
    0x38, 0xc6, 0x38, 0xc6, 0x38, 0xc6, 0x38, 0xc6, 0x38, 0xc6, 0x38, 0xc6,
    0x38, 0xc6, 0x38, 0xc6, 0x38, 0xc6, 0x38, 0xc6, 0x38, 0xc6, 0x38, 0xc6,
    0x38, 0xc6, 0x38, 0xc6, 0x38, 0xc6, 0x38, 0xc6, 0x38, 0xc6, 0x38, 0xc6,
    0x38, 0xc6, 0x38, 0xc6, 0x38, 0xc6, 0x38, 0xc6, 0x38, 0xc6, 0x38, 0xc6,
    0x38, 0xc6, 0x38, 0xc6, 0x38, 0xc6, 0x38, 0xc6, 0x38, 0xc6, 0x38, 0xc6,
    0x38, 0xc6, 0x38, 0xc6, 0x38, 0xc6, 0x38, 0xc6, 0x38, 0xc6, 0x38, 0xc6,
    0x38, 0xc6, 0x38, 0xc6, 0x38, 0xc6, 0x38, 0xc6, 0x38, 0xc6, 0x38, 0xc6,
    0x38, 0xc6, 0x38, 0xc6, 0x38, 0xc6, 0x38, 0xc6, 0x38, 0xc6, 0x38, 0xc6,
    0x38, 0xc6, 0x38, 0xc6, 0x38, 0xc6, 0x38, 0xc6, 0x38, 0xc6, 0x38, 0xc6,
    0x38, 0xc6, 0x38, 0xc6, 0x38, 0xc6, 0x38, 0xc6, 0x38, 0xc6, 0x38, 0xc6,
    0x00, 0x00, 0x00, 0x00, 0x00, 0x00, 0x00, 0x00, 0x00, 0x00, 0x00, 0x00,
    0x00, 0x00, 0x00, 0x00, 0x00, 0x00, 0x38, 0xc6, 0x38, 0xc6, 0x38, 0xc6,
    0x38, 0xc6, 0x38, 0xc6, 0x38, 0xc6, 0x38, 0xc6, 0x38, 0xc6, 0x38, 0xc6,
    0x38, 0xc6, 0x38, 0xc6, 0x38, 0xc6, 0x38, 0xc6, 0x38, 0xc6, 0x38, 0xc6,
    0x38, 0xc6, 0x38, 0xc6, 0x38, 0xc6, 0x38, 0xc6, 0x38, 0xc6, 0x38, 0xc6,
    0x38, 0xc6, 0x38, 0xc6, 0x38, 0xc6, 0x38, 0xc6, 0x00, 0x00, 0x00, 0x00,
    0x00, 0x00, 0x00, 0x00, 0x00, 0x00, 0x00, 0x00, 0x00, 0x00, 0x38, 0xc6,
    0x38, 0xc6, 0x38, 0xc6, 0x38, 0xc6, 0x38, 0xc6, 0x38, 0xc6, 0x38, 0xc6,
    0x38, 0xc6, 0x38, 0xc6, 0x38, 0xc6, 0x38, 0xc6, 0x38, 0xc6, 0x38, 0xc6,
    0x38, 0xc6, 0x38, 0xc6, 0x38, 0xc6, 0x38, 0xc6, 0x38, 0xc6, 0x38, 0xc6,
    0x38, 0xc6, 0x38, 0xc6, 0x38, 0xc6, 0x38, 0xc6, 0x38, 0xc6, 0x38, 0xc6,
    0x38, 0xc6, 0x38, 0xc6, 0x38, 0xc6, 0x38, 0xc6, 0x38, 0xc6, 0x38, 0xc6,
    0x38, 0xc6, 0x38, 0xc6, 0x38, 0xc6, 0x38, 0xc6, 0x38, 0xc6, 0x38, 0xc6,
    0x38, 0xc6, 0x38, 0xc6, 0x38, 0xc6, 0x38, 0xc6, 0x38, 0xc6, 0x38, 0xc6,
    0x38, 0xc6, 0x38, 0xc6, 0x38, 0xc6, 0x38, 0xc6, 0x00, 0x00, 0x00, 0x00,
    0x00, 0x00, 0x00, 0x00, 0x00, 0x00, 0x00, 0x00, 0x00, 0x00, 0x00, 0x00,
    0x00, 0x00, 0x00, 0x00, 0x00, 0x00, 0x00, 0x00, 0x00, 0x00, 0x00, 0x00,
    0x00, 0x00, 0x00, 0x00, 0x00, 0x00, 0x00, 0x00, 0x00, 0x00, 0x00, 0x00,
    0x00, 0x00, 0x00, 0x00, 0x00, 0x00, 0x00, 0x00, 0x00, 0x00, 0x00, 0x00,
    0x00, 0x00, 0x00, 0x00, 0x00, 0x00, 0x00, 0x00, 0x00, 0x00, 0x00, 0x00,
    0x00, 0x00, 0x00, 0x00, 0x00, 0x00, 0x00, 0x00, 0x00, 0x00, 0x00, 0x00,
    0x00, 0x00, 0x00, 0x00, 0x00, 0x00, 0x38, 0xc6, 0x38, 0xc6, 0x38, 0xc6,
    0x38, 0xc6, 0x38, 0xc6, 0x38, 0xc6, 0x38, 0xc6, 0x38, 0xc6, 0x38, 0xc6,
    0x38, 0xc6, 0x38, 0xc6, 0x38, 0xc6, 0x38, 0xc6, 0x38, 0xc6, 0x38, 0xc6,
    0x38, 0xc6, 0x38, 0xc6, 0x38, 0xc6, 0x38, 0xc6, 0x38, 0xc6, 0x38, 0xc6,
    0x38, 0xc6, 0x38, 0xc6, 0x38, 0xc6, 0x38, 0xc6, 0x00, 0x00, 0x00, 0x00,
    0x00, 0x00, 0x00, 0x00, 0x00, 0x00, 0x00, 0x00, 0x00, 0x00, 0x00, 0x00,
    0x00, 0x00, 0x00, 0x00, 0x00, 0x00, 0x00, 0x00, 0x00, 0x00, 0x00, 0x00,
    0x59, 0xce, 0x38, 0xc6, 0x38, 0xc6, 0x38, 0xc6, 0x38, 0xc6, 0x38, 0xc6,
    0x38, 0xc6, 0x38, 0xc6, 0x38, 0xc6, 0x38, 0xc6, 0x38, 0xc6, 0x38, 0xc6,
    0x38, 0xc6, 0x38, 0xc6, 0x38, 0xc6, 0x38, 0xc6, 0x38, 0xc6, 0x38, 0xc6,
    0x38, 0xc6, 0x38, 0xc6, 0x38, 0xc6, 0x38, 0xc6, 0x38, 0xc6, 0x38, 0xc6,
    0x38, 0xc6, 0x38, 0xc6, 0x38, 0xc6, 0x38, 0xc6, 0x38, 0xc6, 0x38, 0xc6,
    0x38, 0xc6, 0x38, 0xc6, 0x38, 0xc6, 0x38, 0xc6, 0x38, 0xc6, 0x38, 0xc6,
    0x38, 0xc6, 0x38, 0xc6, 0x38, 0xc6, 0x38, 0xc6, 0x38, 0xc6, 0x38, 0xc6,
    0x38, 0xc6, 0x38, 0xc6, 0x38, 0xc6, 0x38, 0xc6, 0x38, 0xc6, 0x38, 0xc6,
    0x38, 0xc6, 0x38, 0xc6, 0x38, 0xc6, 0x38, 0xc6, 0x38, 0xc6, 0x38, 0xc6,
    0x38, 0xc6, 0x38, 0xc6, 0x38, 0xc6, 0x38, 0xc6, 0x38, 0xc6, 0x38, 0xc6,
    0x38, 0xc6, 0x38, 0xc6, 0x38, 0xc6, 0x38, 0xc6, 0x38, 0xc6, 0xba, 0xd6,
    0x00, 0x00, 0x00, 0x00, 0x00, 0x00, 0x00, 0x00, 0x00, 0x00, 0x00, 0x00,
    0x00, 0x00, 0x00, 0x00, 0x00, 0x00, 0x00, 0x00, 0x00, 0x00, 0x00, 0x00,
    0x00, 0x00, 0x59, 0xce, 0x38, 0xc6, 0x38, 0xc6, 0x38, 0xc6, 0x38, 0xc6,
    0x38, 0xc6, 0x38, 0xc6, 0x38, 0xc6, 0x38, 0xc6, 0x38, 0xc6, 0x38, 0xc6,
    0x38, 0xc6, 0x38, 0xc6, 0x38, 0xc6, 0x38, 0xc6, 0x38, 0xc6, 0x38, 0xc6,
    0x38, 0xc6, 0x38, 0xc6, 0x38, 0xc6, 0x38, 0xc6, 0x38, 0xc6, 0x38, 0xc6,
    0x38, 0xc6, 0x38, 0xc6, 0x38, 0xc6, 0x38, 0xc6, 0x38, 0xc6, 0x38, 0xc6,
    0x38, 0xc6, 0x38, 0xc6, 0x38, 0xc6, 0x38, 0xc6, 0x38, 0xc6, 0x38, 0xc6,
    0x38, 0xc6, 0x38, 0xc6, 0x38, 0xc6, 0x38, 0xc6, 0x38, 0xc6, 0x38, 0xc6,
    0x38, 0xc6, 0x38, 0xc6, 0x38, 0xc6, 0x38, 0xc6, 0x38, 0xc6, 0x38, 0xc6,
    0x38, 0xc6, 0x38, 0xc6, 0x38, 0xc6, 0x38, 0xc6, 0x38, 0xc6, 0x38, 0xc6,
    0x38, 0xc6, 0x38, 0xc6, 0x38, 0xc6, 0x38, 0xc6, 0x38, 0xc6, 0x38, 0xc6,
    0x38, 0xc6, 0x38, 0xc6, 0x38, 0xc6, 0x38, 0xc6, 0x00, 0x00, 0x00, 0x00,
    0x00, 0x00, 0x00, 0x00, 0x00, 0x00, 0x00, 0x00, 0x00, 0x00, 0x00, 0x00,
    0x00, 0x00, 0x38, 0xc6, 0x38, 0xc6, 0x38, 0xc6, 0x38, 0xc6, 0x38, 0xc6,
    0x38, 0xc6, 0x38, 0xc6, 0x38, 0xc6, 0x38, 0xc6, 0x38, 0xc6, 0x38, 0xc6,
    0x38, 0xc6, 0x38, 0xc6, 0x38, 0xc6, 0x38, 0xc6, 0x38, 0xc6, 0x38, 0xc6,
    0x38, 0xc6, 0x38, 0xc6, 0x38, 0xc6, 0x38, 0xc6, 0x38, 0xc6, 0x38, 0xc6,
    0x38, 0xc6, 0x38, 0xc6, 0x00, 0x00, 0x00, 0x00, 0x00, 0x00, 0x00, 0x00,
    0x00, 0x00, 0x00, 0x00, 0x00, 0x00, 0x38, 0xc6, 0x38, 0xc6, 0x38, 0xc6,
    0x38, 0xc6, 0x38, 0xc6, 0x38, 0xc6, 0x38, 0xc6, 0x38, 0xc6, 0x38, 0xc6,
    0x38, 0xc6, 0x38, 0xc6, 0x38, 0xc6, 0x38, 0xc6, 0x38, 0xc6, 0x38, 0xc6,
    0x38, 0xc6, 0x38, 0xc6, 0x38, 0xc6, 0x38, 0xc6, 0x38, 0xc6, 0x38, 0xc6,
    0x38, 0xc6, 0x38, 0xc6, 0x38, 0xc6, 0x38, 0xc6, 0x38, 0xc6, 0x38, 0xc6,
    0x38, 0xc6, 0x38, 0xc6, 0x38, 0xc6, 0x38, 0xc6, 0x38, 0xc6, 0x38, 0xc6,
    0x38, 0xc6, 0x38, 0xc6, 0x38, 0xc6, 0x38, 0xc6, 0x38, 0xc6, 0x38, 0xc6,
    0x38, 0xc6, 0x38, 0xc6, 0x38, 0xc6, 0x38, 0xc6, 0x38, 0xc6, 0x38, 0xc6,
    0x59, 0xce, 0x00, 0x00, 0x00, 0x00, 0x00, 0x00, 0x00, 0x00, 0x00, 0x00,
    0x00, 0x00, 0x00, 0x00, 0x00, 0x00, 0x00, 0x00, 0x00, 0x00, 0x00, 0x00,
    0x00, 0x00, 0x00, 0x00, 0x00, 0x00, 0x00, 0x00, 0x00, 0x00, 0x00, 0x00,
    0x00, 0x00, 0x00, 0x00, 0x00, 0x00, 0x00, 0x00, 0x00, 0x00, 0x00, 0x00,
    0x00, 0x00, 0x00, 0x00, 0x00, 0x00, 0x00, 0x00, 0x00, 0x00, 0x00, 0x00,
    0x00, 0x00, 0x00, 0x00, 0x00, 0x00, 0x00, 0x00, 0x00, 0x00, 0x00, 0x00,
    0x00, 0x00, 0x00, 0x00, 0x00, 0x00, 0x00, 0x00, 0x00, 0x00, 0x00, 0x00,
    0x00, 0x00, 0x38, 0xc6, 0x38, 0xc6, 0x38, 0xc6, 0x38, 0xc6, 0x38, 0xc6,
    0x38, 0xc6, 0x38, 0xc6, 0x38, 0xc6, 0x38, 0xc6, 0x38, 0xc6, 0x38, 0xc6,
    0x38, 0xc6, 0x38, 0xc6, 0x38, 0xc6, 0x38, 0xc6, 0x38, 0xc6, 0x38, 0xc6,
    0x38, 0xc6, 0x38, 0xc6, 0x38, 0xc6, 0x38, 0xc6, 0x38, 0xc6, 0x38, 0xc6,
    0x38, 0xc6, 0x38, 0xc6, 0x00, 0x00, 0x00, 0x00, 0x00, 0x00, 0x00, 0x00,
    0x00, 0x00, 0x00, 0x00, 0x00, 0x00, 0x00, 0x00, 0x00, 0x00, 0x00, 0x00,
    0x00, 0x00, 0x00, 0x00, 0x00, 0x00, 0x00, 0x00, 0x00, 0x00, 0x00, 0x00,
    0x59, 0xce, 0x38, 0xc6, 0x38, 0xc6, 0x38, 0xc6, 0x38, 0xc6, 0x38, 0xc6,
    0x38, 0xc6, 0x38, 0xc6, 0x38, 0xc6, 0x38, 0xc6, 0x38, 0xc6, 0x38, 0xc6,
    0x38, 0xc6, 0x38, 0xc6, 0x38, 0xc6, 0x38, 0xc6, 0x38, 0xc6, 0x38, 0xc6,
    0x38, 0xc6, 0x38, 0xc6, 0x38, 0xc6, 0x38, 0xc6, 0x38, 0xc6, 0x38, 0xc6,
    0x38, 0xc6, 0x38, 0xc6, 0x38, 0xc6, 0x38, 0xc6, 0x38, 0xc6, 0x38, 0xc6,
    0x38, 0xc6, 0x38, 0xc6, 0x38, 0xc6, 0x38, 0xc6, 0x38, 0xc6, 0x38, 0xc6,
    0x38, 0xc6, 0x38, 0xc6, 0x38, 0xc6, 0x38, 0xc6, 0x38, 0xc6, 0x38, 0xc6,
    0x38, 0xc6, 0x38, 0xc6, 0x38, 0xc6, 0x38, 0xc6, 0x38, 0xc6, 0x38, 0xc6,
    0x38, 0xc6, 0x38, 0xc6, 0x38, 0xc6, 0x38, 0xc6, 0x38, 0xc6, 0x38, 0xc6,
    0x38, 0xc6, 0x38, 0xc6, 0x38, 0xc6, 0x38, 0xc6, 0x38, 0xc6, 0x38, 0xc6,
    0x38, 0xc6, 0x38, 0xc6, 0x38, 0xc6, 0xba, 0xd6, 0x00, 0x00, 0x00, 0x00,
    0x00, 0x00, 0x00, 0x00, 0x00, 0x00, 0x00, 0x00, 0x00, 0x00, 0x00, 0x00,
    0x00, 0x00, 0x00, 0x00, 0x00, 0x00, 0x00, 0x00, 0x00, 0x00, 0x00, 0x00,
    0x00, 0x00, 0x59, 0xce, 0x38, 0xc6, 0x38, 0xc6, 0x38, 0xc6, 0x38, 0xc6,
    0x38, 0xc6, 0x38, 0xc6, 0x38, 0xc6, 0x38, 0xc6, 0x38, 0xc6, 0x38, 0xc6,
    0x38, 0xc6, 0x38, 0xc6, 0x38, 0xc6, 0x38, 0xc6, 0x38, 0xc6, 0x38, 0xc6,
    0x38, 0xc6, 0x38, 0xc6, 0x38, 0xc6, 0x38, 0xc6, 0x38, 0xc6, 0x38, 0xc6,
    0x38, 0xc6, 0x38, 0xc6, 0x38, 0xc6, 0x38, 0xc6, 0x38, 0xc6, 0x38, 0xc6,
    0x38, 0xc6, 0x38, 0xc6, 0x38, 0xc6, 0x38, 0xc6, 0x38, 0xc6, 0x38, 0xc6,
    0x38, 0xc6, 0x38, 0xc6, 0x38, 0xc6, 0x38, 0xc6, 0x38, 0xc6, 0x38, 0xc6,
    0x38, 0xc6, 0x38, 0xc6, 0x38, 0xc6, 0x38, 0xc6, 0x38, 0xc6, 0x38, 0xc6,
    0x38, 0xc6, 0x38, 0xc6, 0x38, 0xc6, 0x38, 0xc6, 0x38, 0xc6, 0x38, 0xc6,
    0x38, 0xc6, 0x38, 0xc6, 0x38, 0xc6, 0x38, 0xc6, 0x38, 0xc6, 0x38, 0xc6,
    0x38, 0xc6, 0x38, 0xc6, 0x00, 0x00, 0x00, 0x00, 0x00, 0x00, 0x00, 0x00,
    0x00, 0x00, 0x00, 0x00, 0x00, 0x00, 0x00, 0x00, 0x00, 0x00, 0x38, 0xc6,
    0x38, 0xc6, 0x38, 0xc6, 0x38, 0xc6, 0x38, 0xc6, 0x38, 0xc6, 0x38, 0xc6,
    0x38, 0xc6, 0x38, 0xc6, 0x38, 0xc6, 0x38, 0xc6, 0x38, 0xc6, 0x38, 0xc6,
    0x38, 0xc6, 0x38, 0xc6, 0x38, 0xc6, 0x38, 0xc6, 0x38, 0xc6, 0x38, 0xc6,
    0x38, 0xc6, 0x38, 0xc6, 0x38, 0xc6, 0x38, 0xc6, 0x38, 0xc6, 0x38, 0xc6,
    0x00, 0x00, 0x00, 0x00, 0x00, 0x00, 0x00, 0x00, 0x00, 0x00, 0x00, 0x00,
    0x00, 0x00, 0x38, 0xc6, 0x38, 0xc6, 0x38, 0xc6, 0x38, 0xc6, 0x38, 0xc6,
    0x38, 0xc6, 0x38, 0xc6, 0x38, 0xc6, 0x38, 0xc6, 0x38, 0xc6, 0x38, 0xc6,
    0x38, 0xc6, 0x38, 0xc6, 0x38, 0xc6, 0x38, 0xc6, 0x38, 0xc6, 0x38, 0xc6,
    0x38, 0xc6, 0x38, 0xc6, 0x38, 0xc6, 0x38, 0xc6, 0x38, 0xc6, 0x38, 0xc6,
    0x38, 0xc6, 0x38, 0xc6, 0x38, 0xc6, 0x38, 0xc6, 0x38, 0xc6, 0x38, 0xc6,
    0x38, 0xc6, 0x38, 0xc6, 0x38, 0xc6, 0x38, 0xc6, 0x38, 0xc6, 0x38, 0xc6,
    0x38, 0xc6, 0x38, 0xc6, 0x38, 0xc6, 0x38, 0xc6, 0x38, 0xc6, 0x38, 0xc6,
    0x38, 0xc6, 0x38, 0xc6, 0xb6, 0xb5, 0x00, 0x00, 0x00, 0x00, 0x00, 0x00,
    0x00, 0x00, 0x00, 0x00, 0x00, 0x00, 0x00, 0x00, 0x00, 0x00, 0x00, 0x00,
    0x00, 0x00, 0x00, 0x00, 0x00, 0x00, 0x00, 0x00, 0x00, 0x00, 0x00, 0x00,
    0x00, 0x00, 0x00, 0x00, 0x00, 0x00, 0x00, 0x00, 0x00, 0x00, 0x00, 0x00,
    0x00, 0x00, 0x00, 0x00, 0x00, 0x00, 0x00, 0x00, 0x00, 0x00, 0x00, 0x00,
    0x00, 0x00, 0x00, 0x00, 0x00, 0x00, 0x00, 0x00, 0x00, 0x00, 0x00, 0x00,
    0x00, 0x00, 0x00, 0x00, 0x00, 0x00, 0x00, 0x00, 0x00, 0x00, 0x00, 0x00,
    0x00, 0x00, 0x00, 0x00, 0x00, 0x00, 0x00, 0x00, 0x00, 0x00, 0x38, 0xc6,
    0x38, 0xc6, 0x38, 0xc6, 0x38, 0xc6, 0x38, 0xc6, 0x38, 0xc6, 0x38, 0xc6,
    0x38, 0xc6, 0x38, 0xc6, 0x38, 0xc6, 0x38, 0xc6, 0x38, 0xc6, 0x38, 0xc6,
    0x38, 0xc6, 0x38, 0xc6, 0x38, 0xc6, 0x38, 0xc6, 0x38, 0xc6, 0x38, 0xc6,
    0x38, 0xc6, 0x38, 0xc6, 0x38, 0xc6, 0x38, 0xc6, 0x38, 0xc6, 0x59, 0xce,
    0x00, 0x00, 0x00, 0x00, 0x00, 0x00, 0x00, 0x00, 0x00, 0x00, 0x00, 0x00,
    0x00, 0x00, 0x00, 0x00, 0x00, 0x00, 0x00, 0x00, 0x00, 0x00, 0x00, 0x00,
    0x00, 0x00, 0x00, 0x00, 0x00, 0x00, 0x00, 0x00, 0x00, 0x00, 0x00, 0x00,
    0x18, 0xc6, 0x38, 0xc6, 0x38, 0xc6, 0x38, 0xc6, 0x38, 0xc6, 0x38, 0xc6,
    0x38, 0xc6, 0x38, 0xc6, 0x38, 0xc6, 0x38, 0xc6, 0x38, 0xc6, 0x38, 0xc6,
    0x38, 0xc6, 0x38, 0xc6, 0x38, 0xc6, 0x38, 0xc6, 0x38, 0xc6, 0x38, 0xc6,
    0x38, 0xc6, 0x38, 0xc6, 0x38, 0xc6, 0x38, 0xc6, 0x38, 0xc6, 0x38, 0xc6,
    0x38, 0xc6, 0x38, 0xc6, 0x38, 0xc6, 0x38, 0xc6, 0x38, 0xc6, 0x38, 0xc6,
    0x38, 0xc6, 0x38, 0xc6, 0x38, 0xc6, 0x38, 0xc6, 0x38, 0xc6, 0x38, 0xc6,
    0x38, 0xc6, 0x38, 0xc6, 0x38, 0xc6, 0x38, 0xc6, 0x38, 0xc6, 0x38, 0xc6,
    0x38, 0xc6, 0x38, 0xc6, 0x38, 0xc6, 0x38, 0xc6, 0x38, 0xc6, 0x38, 0xc6,
    0x38, 0xc6, 0x38, 0xc6, 0x38, 0xc6, 0x38, 0xc6, 0x38, 0xc6, 0x38, 0xc6,
    0x38, 0xc6, 0x38, 0xc6, 0x38, 0xc6, 0x38, 0xc6, 0x38, 0xc6, 0x38, 0xc6,
    0x38, 0xc6, 0xba, 0xd6, 0x00, 0x00, 0x00, 0x00, 0x00, 0x00, 0x00, 0x00,
    0x00, 0x00, 0x00, 0x00, 0x00, 0x00, 0x00, 0x00, 0x00, 0x00, 0x00, 0x00,
    0x00, 0x00, 0x00, 0x00, 0x00, 0x00, 0x00, 0x00, 0x00, 0x00, 0x00, 0x00,
    0x00, 0x00, 0x00, 0x00, 0x00, 0x00, 0x00, 0x00, 0x00, 0x00, 0x00, 0x00,
    0x00, 0x00, 0x00, 0x00, 0x00, 0x00, 0x00, 0x00, 0x00, 0x00, 0x00, 0x00,
    0x00, 0x00, 0x00, 0x00, 0x00, 0x00, 0x00, 0x00, 0x00, 0x00, 0x00, 0x00,
    0x00, 0x00, 0x00, 0x00, 0x00, 0x00, 0x00, 0x00, 0x00, 0x00, 0x00, 0x00,
    0x00, 0x00, 0x00, 0x00, 0x00, 0x00, 0x00, 0x00, 0x00, 0x00, 0x00, 0x00,
    0x00, 0x00, 0x00, 0x00, 0x00, 0x00, 0x00, 0x00, 0x00, 0x00, 0x00, 0x00,
    0x00, 0x00, 0x00, 0x00, 0x00, 0x00, 0x00, 0x00, 0x00, 0x00, 0x00, 0x00,
    0x00, 0x00, 0x00, 0x00, 0x00, 0x00, 0x00, 0x00, 0x00, 0x00, 0x00, 0x00,
    0x00, 0x00, 0x00, 0x00, 0x00, 0x00, 0x00, 0x00, 0x00, 0x00, 0x00, 0x00,
    0x00, 0x00, 0x00, 0x00, 0x00, 0x00, 0x00, 0x00, 0x00, 0x00, 0x00, 0x00,
    0x00, 0x00, 0x00, 0x00, 0x00, 0x00, 0x00, 0x00, 0x00, 0x00, 0x00, 0x00,
    0x00, 0x00, 0x00, 0x00, 0x00, 0x00, 0x00, 0x00, 0x00, 0x00, 0x00, 0x00,
    0x00, 0x00, 0x00, 0x00, 0x00, 0x00, 0x00, 0x00, 0x00, 0x00, 0x00, 0x00,
    0x00, 0x00, 0x00, 0x00, 0x00, 0x00, 0x00, 0x00, 0x00, 0x00, 0x00, 0x00,
    0x00, 0x00, 0x00, 0x00, 0x00, 0x00, 0x00, 0x00, 0x00, 0x00, 0x00, 0x00,
    0x00, 0x00, 0x00, 0x00, 0x00, 0x00, 0x00, 0x00, 0x00, 0x00, 0x00, 0x00,
    0x00, 0x00, 0x00, 0x00, 0x00, 0x00, 0x00, 0x00, 0x00, 0x00, 0x00, 0x00,
    0x00, 0x00, 0x00, 0x00, 0x00, 0x00, 0x00, 0x00, 0x00, 0x00, 0x00, 0x00,
    0x00, 0x00, 0x00, 0x00, 0x00, 0x00, 0x00, 0x00, 0x00, 0x00, 0x00, 0x00,
    0x00, 0x00, 0x00, 0x00, 0x00, 0x00, 0x00, 0x00, 0x00, 0x00, 0x00, 0x00,
    0x00, 0x00, 0x00, 0x00, 0x00, 0x00, 0x00, 0x00, 0x00, 0x00, 0x00, 0x00,
    0x00, 0x00, 0x00, 0x00, 0x00, 0x00, 0x00, 0x00, 0x00, 0x00, 0x00, 0x00,
    0x00, 0x00, 0x00, 0x00, 0x00, 0x00, 0x00, 0x00, 0x00, 0x00, 0x00, 0x00,
    0x00, 0x00, 0x00, 0x00, 0x00, 0x00, 0x00, 0x00, 0x00, 0x00, 0x00, 0x00,
    0x00, 0x00, 0x00, 0x00, 0x00, 0x00, 0x00, 0x00, 0x00, 0x00, 0x00, 0x00,
    0x00, 0x00, 0x00, 0x00, 0x00, 0x00, 0x00, 0x00, 0x00, 0x00, 0x00, 0x00,
    0x00, 0x00, 0x00, 0x00, 0x00, 0x00, 0x00, 0x00, 0x00, 0x00, 0x00, 0x00,
    0x00, 0x00, 0x00, 0x00, 0x00, 0x00, 0x00, 0x00, 0x00, 0x00, 0x00, 0x00,
    0x00, 0x00, 0x00, 0x00, 0x00, 0x00, 0x00, 0x00, 0x00, 0x00, 0x00, 0x00,
    0x00, 0x00, 0x00, 0x00, 0x00, 0x00, 0x00, 0x00, 0x00, 0x00, 0x00, 0x00,
    0x00, 0x00, 0x00, 0x00, 0x00, 0x00, 0x00, 0x00, 0x00, 0x00, 0x00, 0x00,
    0x00, 0x00, 0x00, 0x00, 0x00, 0x00, 0x00, 0x00, 0x00, 0x00, 0x00, 0x00,
    0x00, 0x00, 0x00, 0x00, 0x00, 0x00, 0x00, 0x00, 0x00, 0x00, 0x00, 0x00,
    0x00, 0x00, 0x00, 0x00, 0x00, 0x00, 0x00, 0x00, 0x00, 0x00, 0x00, 0x00,
    0x00, 0x00, 0x00, 0x00, 0x00, 0x00, 0x00, 0x00, 0x00, 0x00, 0x00, 0x00,
    0x00, 0x00, 0x00, 0x00, 0x00, 0x00, 0x00, 0x00, 0x00, 0x00, 0x00, 0x00,
    0x00, 0x00, 0x00, 0x00, 0x00, 0x00, 0x00, 0x00, 0x00, 0x00, 0x00, 0x00,
    0x00, 0x00, 0x00, 0x00, 0x00, 0x00, 0x00, 0x00, 0x00, 0x00, 0x00, 0x00,
    0x00, 0x00, 0x00, 0x00, 0x00, 0x00, 0x00, 0x00, 0x00, 0x00, 0x00, 0x00,
    0x00, 0x00, 0x00, 0x00, 0x00, 0x00, 0x00, 0x00, 0x00, 0x00, 0x00, 0x00,
    0x00, 0x00, 0x00, 0x00, 0x00, 0x00, 0x00, 0x00, 0x00, 0x00, 0x00, 0x00,
    0x00, 0x00, 0x00, 0x00, 0x00, 0x00, 0x00, 0x00, 0x00, 0x00, 0x00, 0x00,
    0x00, 0x00, 0x00, 0x00, 0x00, 0x00, 0x00, 0x00, 0x00, 0x00, 0x00, 0x00,
    0x00, 0x00, 0x00, 0x00, 0x00, 0x00, 0x00, 0x00, 0x00, 0x00, 0x00, 0x00,
    0x00, 0x00, 0x00, 0x00, 0x00, 0x00, 0x00, 0x00, 0x00, 0x00, 0x00, 0x00,
    0x00, 0x00, 0x00, 0x00, 0x00, 0x00, 0x00, 0x00, 0x00, 0x00, 0x00, 0x00,
    0x00, 0x00, 0x00, 0x00, 0x00, 0x00, 0x00, 0x00, 0x00, 0x00, 0x00, 0x00,
    0x00, 0x00, 0x00, 0x00, 0x00, 0x00, 0x00, 0x00, 0x00, 0x00, 0x00, 0x00,
    0x00, 0x00, 0x00, 0x00, 0x00, 0x00, 0x00, 0x00, 0x00, 0x00, 0x00, 0x00,
    0x00, 0x00, 0x00, 0x00, 0x00, 0x00, 0x00, 0x00, 0x00, 0x00, 0x00, 0x00,
    0x00, 0x00, 0x00, 0x00, 0x00, 0x00, 0x00, 0x00, 0x00, 0x00, 0x00, 0x00,
    0x00, 0x00, 0x00, 0x00, 0x00, 0x00, 0x00, 0x00, 0x00, 0x00, 0x00, 0x00,
    0x00, 0x00, 0x00, 0x00, 0x00, 0x00, 0x00, 0x00, 0x00, 0x00, 0x00, 0x00,
    0x00, 0x00, 0x00, 0x00, 0x00, 0x00, 0x00, 0x00, 0x00, 0x00, 0x00, 0x00,
    0x00, 0x00, 0x00, 0x00, 0x00, 0x00, 0x00, 0x00, 0x00, 0x00, 0x00, 0x00,
    0x00, 0x00, 0x00, 0x00, 0x00, 0x00, 0x00, 0x00, 0x00, 0x00, 0x00, 0x00,
    0x00, 0x00, 0x00, 0x00, 0x00, 0x00, 0x00, 0x00, 0x00, 0x00, 0x00, 0x00,
    0x00, 0x00, 0x00, 0x00, 0x00, 0x00, 0x00, 0x00, 0x00, 0x00, 0x00, 0x00,
    0x00, 0x00, 0x00, 0x00, 0x00, 0x00, 0x00, 0x00, 0x00, 0x00, 0x00, 0x00,
    0x00, 0x00, 0x00, 0x00, 0x00, 0x00, 0x00, 0x00, 0x00, 0x00, 0x00, 0x00,
    0x00, 0x00, 0x00, 0x00, 0x00, 0x00, 0x00, 0x00, 0x00, 0x00, 0x00, 0x00,
    0x00, 0x00, 0x00, 0x00, 0x00, 0x00, 0x00, 0x00, 0x00, 0x00, 0x00, 0x00,
    0x00, 0x00, 0x00, 0x00, 0x00, 0x00, 0x00, 0x00, 0x00, 0x00, 0x00, 0x00,
    0x00, 0x00, 0x00, 0x00, 0x00, 0x00, 0x00, 0x00, 0x00, 0x00, 0x00, 0x00,
    0x00, 0x00, 0x00, 0x00, 0x00, 0x00, 0x00, 0x00, 0x00, 0x00, 0x00, 0x00,
    0x00, 0x00, 0x00, 0x00, 0x00, 0x00, 0x00, 0x00, 0x00, 0x00, 0x00, 0x00,
    0x00, 0x00, 0x00, 0x00, 0x00, 0x00, 0x00, 0x00, 0x00, 0x00, 0x00, 0x00,
    0x00, 0x00, 0x00, 0x00, 0x00, 0x00, 0x00, 0x00, 0x00, 0x00, 0x00, 0x00,
    0x00, 0x00, 0x00, 0x00, 0x00, 0x00, 0x00, 0x00, 0x00, 0x00, 0x00, 0x00,
    0x00, 0x00, 0x00, 0x00, 0x00, 0x00, 0x00, 0x00, 0x00, 0x00, 0x00, 0x00,
    0x00, 0x00, 0x00, 0x00, 0x00, 0x00, 0x00, 0x00, 0x00, 0x00, 0x00, 0x00,
    0x00, 0x00, 0x00, 0x00, 0x00, 0x00, 0x00, 0x00, 0x00, 0x00, 0x00, 0x00,
    0x00, 0x00, 0x00, 0x00, 0x00, 0x00, 0x00, 0x00, 0x00, 0x00, 0x00, 0x00,
    0x00, 0x00, 0x00, 0x00, 0x00, 0x00, 0x00, 0x00, 0x00, 0x00, 0x00, 0x00,
    0x00, 0x00, 0x00, 0x00, 0x00, 0x00, 0x00, 0x00, 0x00, 0x00, 0x00, 0x00,
    0x00, 0x00, 0x00, 0x00, 0x00, 0x00, 0x00, 0x00, 0x00, 0x00, 0x00, 0x00,
    0x00, 0x00, 0x00, 0x00, 0x00, 0x00, 0x00, 0x00, 0x00, 0x00, 0x00, 0x00,
    0x00, 0x00, 0x00, 0x00, 0x00, 0x00, 0x00, 0x00, 0x00, 0x00, 0x00, 0x00,
    0x00, 0x00, 0x00, 0x00, 0x00, 0x00, 0x00, 0x00, 0x00, 0x00, 0x00, 0x00,
    0x00, 0x00, 0x00, 0x00, 0x00, 0x00, 0x00, 0x00, 0x00, 0x00, 0x00, 0x00,
    0x00, 0x00, 0x00, 0x00, 0x00, 0x00, 0x00, 0x00, 0x00, 0x00, 0x00, 0x00,
    0x00, 0x00, 0x00, 0x00, 0x00, 0x00, 0x00, 0x00, 0x00, 0x00, 0x00, 0x00,
    0x00, 0x00, 0x00, 0x00, 0x00, 0x00, 0x00, 0x00, 0x00, 0x00, 0x00, 0x00,
    0x00, 0x00, 0x00, 0x00, 0x00, 0x00, 0x00, 0x00, 0x00, 0x00, 0x00, 0x00,
    0x00, 0x00, 0x00, 0x00, 0x00, 0x00, 0x00, 0x00, 0x00, 0x00, 0x00, 0x00,
    0x00, 0x00, 0x00, 0x00, 0x00, 0x00, 0x00, 0x00, 0x00, 0x00, 0x00, 0x00,
    0x00, 0x00, 0x00, 0x00, 0x00, 0x00, 0x00, 0x00, 0x00, 0x00, 0x00, 0x00,
    0x00, 0x00, 0x00, 0x00, 0x00, 0x00, 0x00, 0x00, 0x00, 0x00, 0x00, 0x00,
    0x00, 0x00, 0x00, 0x00, 0x00, 0x00, 0x00, 0x00, 0x00, 0x00, 0x00, 0x00,
    0x00, 0x00, 0x00, 0x00, 0x00, 0x00, 0x00, 0x00, 0x00, 0x00, 0x00, 0x00,
    0x00, 0x00, 0x00, 0x00, 0x00, 0x00, 0x00, 0x00, 0x00, 0x00, 0x00, 0x00,
    0x00, 0x00, 0x00, 0x00, 0x00, 0x00, 0x00, 0x00, 0x00, 0x00, 0x00, 0x00,
    0x00, 0x00, 0x00, 0x00, 0x00, 0x00, 0x00, 0x00, 0x00, 0x00, 0x00, 0x00,
    0x00, 0x00, 0x00, 0x00, 0x00, 0x00, 0x00, 0x00, 0x00, 0x00, 0x00, 0x00,
    0x00, 0x00, 0x00, 0x00, 0x00, 0x00, 0x00, 0x00, 0x00, 0x00, 0x00, 0x00,
    0x00, 0x00, 0x00, 0x00, 0x00, 0x00, 0x00, 0x00, 0x00, 0x00, 0x00, 0x00,
    0x00, 0x00, 0x00, 0x00, 0x00, 0x00, 0x00, 0x00, 0x00, 0x00, 0x00, 0x00,
    0x00, 0x00, 0x00, 0x00, 0x00, 0x00, 0x00, 0x00, 0x00, 0x00, 0x00, 0x00,
    0x00, 0x00, 0x00, 0x00, 0x00, 0x00, 0x00, 0x00, 0x00, 0x00, 0x00, 0x00,
    0x00, 0x00, 0x00, 0x00, 0x00, 0x00, 0x00, 0x00, 0x00, 0x00, 0x00, 0x00,
    0x00, 0x00, 0x00, 0x00, 0x00, 0x00, 0x00, 0x00, 0x00, 0x00, 0x00, 0x00,
    0x00, 0x00, 0x00, 0x00, 0x00, 0x00, 0x00, 0x00, 0x00, 0x00, 0x00, 0x00,
    0x00, 0x00, 0x00, 0x00, 0x00, 0x00, 0x00, 0x00, 0x00, 0x00, 0x00, 0x00,
    0x00, 0x00, 0x00, 0x00, 0x00, 0x00, 0x00, 0x00, 0x00, 0x00, 0x00, 0x00,
    0x00, 0x00, 0x00, 0x00, 0x00, 0x00, 0x00, 0x00, 0x00, 0x00, 0x00, 0x00,
    0x00, 0x00, 0x00, 0x00, 0x00, 0x00, 0x00, 0x00, 0x00, 0x00, 0x00, 0x00,
    0x00, 0x00, 0x00, 0x00, 0x00, 0x00, 0x00, 0x00, 0x00, 0x00, 0x00, 0x00,
    0x00, 0x00, 0x00, 0x00, 0x00, 0x00, 0x00, 0x00, 0x00, 0x00, 0x00, 0x00,
    0x00, 0x00, 0x00, 0x00, 0x00, 0x00, 0x00, 0x00, 0x00, 0x00, 0x00, 0x00,
    0x00, 0x00, 0x00, 0x00, 0x00, 0x00, 0x00, 0x00, 0x00, 0x00, 0x00, 0x00,
    0x00, 0x00, 0x00, 0x00, 0x00, 0x00, 0x00, 0x00, 0x00, 0x00, 0x00, 0x00,
    0x00, 0x00, 0x00, 0x00, 0x00, 0x00, 0x00, 0x00, 0x00, 0x00, 0x00, 0x00,
    0x00, 0x00, 0x00, 0x00, 0x00, 0x00, 0x00, 0x00, 0x00, 0x00, 0x00, 0x00,
    0x00, 0x00, 0x00, 0x00, 0x00, 0x00, 0x00, 0x00, 0x00, 0x00, 0x00, 0x00,
    0x00, 0x00, 0x00, 0x00, 0x00, 0x00, 0x00, 0x00, 0x00, 0x00, 0x00, 0x00,
    0x00, 0x00, 0x00, 0x00, 0x00, 0x00, 0x00, 0x00, 0x00, 0x00, 0x00, 0x00,
    0x00, 0x00, 0x00, 0x00, 0x00, 0x00, 0x00, 0x00, 0x00, 0x00, 0x00, 0x00,
    0x00, 0x00, 0x00, 0x00, 0x00, 0x00, 0x00, 0x00, 0x00, 0x00, 0x00, 0x00,
    0x00, 0x00, 0x00, 0x00, 0x00, 0x00, 0x00, 0x00, 0x00, 0x00, 0x00, 0x00,
    0x00, 0x00, 0x00, 0x00, 0x00, 0x00, 0x00, 0x00, 0x00, 0x00, 0x00, 0x00,
    0x00, 0x00, 0x00, 0x00, 0x00, 0x00, 0x00, 0x00, 0x00, 0x00, 0x00, 0x00,
    0x00, 0x00, 0x00, 0x00, 0x00, 0x00, 0x00, 0x00, 0x00, 0x00, 0x00, 0x00,
    0x00, 0x00, 0x00, 0x00, 0x00, 0x00, 0x00, 0x00, 0x00, 0x00, 0x00, 0x00,
    0x00, 0x00, 0x00, 0x00, 0x00, 0x00, 0x00, 0x00, 0x00, 0x00, 0x00, 0x00,
    0x00, 0x00, 0x00, 0x00, 0x00, 0x00, 0x00, 0x00, 0x00, 0x00, 0x00, 0x00,
    0x00, 0x00, 0x00, 0x00, 0x00, 0x00, 0x00, 0x00, 0x00, 0x00, 0x00, 0x00,
    0x00, 0x00, 0x00, 0x00, 0x00, 0x00, 0x00, 0x00, 0x00, 0x00, 0x00, 0x00,
    0x00, 0x00, 0x00, 0x00, 0x00, 0x00, 0x00, 0x00, 0x00, 0x00, 0x00, 0x00,
    0x03, 0x2c, 0x44, 0x44, 0x44, 0x44, 0x44, 0x44, 0x44, 0x44, 0x44, 0x44,
    0x44, 0x44, 0x44, 0x44, 0x44, 0x44, 0x44, 0x44, 0x44, 0x44, 0x44, 0x44,
    0x44, 0x44, 0x44, 0x44, 0x44, 0x44, 0x44, 0x44, 0x44, 0x44, 0x44, 0x44,
    0x44, 0x44, 0x44, 0x44, 0x44, 0x44, 0x44, 0x44, 0x44, 0x44, 0x44, 0x44,
    0x44, 0x44, 0x44, 0x44, 0x44, 0x44, 0x44, 0x44, 0x44, 0x44, 0x44, 0x44,
    0x38, 0x00, 0x00, 0x00, 0x00, 0x00, 0x00, 0x00, 0x00, 0x23, 0x44, 0x44,
    0x44, 0x44, 0x44, 0x44, 0x44, 0x44, 0x44, 0x44, 0x44, 0x44, 0x44, 0x44,
    0x44, 0x44, 0x44, 0x44, 0x44, 0x44, 0x44, 0x44, 0x44, 0x20, 0x00, 0x00,
    0x00, 0x00, 0x00, 0x00, 0x00, 0x40, 0x44, 0x44, 0x44, 0x44, 0x44, 0x44,
    0x44, 0x44, 0x44, 0x44, 0x44, 0x44, 0x44, 0x44, 0x44, 0x44, 0x44, 0x44,
    0x44, 0x44, 0x44, 0x44, 0x44, 0x03, 0x00, 0x00, 0x00, 0x00, 0x00, 0x00,
    0x00, 0x00, 0x00, 0x00, 0x00, 0x00, 0x00, 0x00, 0x00, 0x00, 0x00, 0x00,
    0x00, 0x00, 0x00, 0x00, 0x00, 0x00, 0x00, 0x00, 0x00, 0x00, 0x00, 0x00,
    0x00, 0x00, 0x00, 0x00, 0x00, 0x00, 0x09, 0x64, 0x66, 0x66, 0x66, 0x66,
    0x66, 0x66, 0x66, 0x66, 0x66, 0x66, 0x66, 0x66, 0x66, 0x66, 0x66, 0x66,
    0x66, 0x66, 0x66, 0x66, 0x33, 0x00, 0x00, 0x00, 0x00, 0x29, 0x33, 0x33,
    0x33, 0x33, 0x33, 0x33, 0x33, 0x33, 0x33, 0x33, 0x33, 0x33, 0x33, 0x33,
    0x33, 0x33, 0x33, 0x33, 0x33, 0x33, 0x33, 0x33, 0x33, 0x0a, 0x00, 0x00,
    0x00, 0x00, 0x00, 0x00, 0x00, 0x00, 0x00, 0x00, 0x00, 0x00, 0x00, 0x00,
    0x00, 0x00, 0x00, 0x00, 0x00, 0x01, 0x26, 0x43, 0x44, 0x44, 0x44, 0x44,
    0x44, 0x44, 0x44, 0x44, 0x44, 0x44, 0x44, 0x44, 0x44, 0x44, 0x44, 0x44,
    0x44, 0x44, 0x44, 0x44, 0x44, 0x44, 0x44, 0x44, 0x44, 0x44, 0x44, 0x44,
    0x44, 0x44, 0x44, 0x44, 0x44, 0x44, 0x44, 0x44, 0x44, 0x44, 0x44, 0x44,
    0x44, 0x44, 0x44, 0x44, 0x44, 0x44, 0x44, 0x44, 0x44, 0x44, 0x44, 0x44,
    0x44, 0x44, 0x44, 0x44, 0x44, 0x38, 0x00, 0x00, 0x00, 0x00, 0x00, 0x00,
    0x00, 0x00, 0x00, 0x00, 0x00, 0x00, 0x00, 0x09, 0x58, 0xb2, 0xf3, 0xff,
    0xff, 0xff, 0xff, 0xff, 0xff, 0xff, 0xff, 0xff, 0xff, 0xff, 0xff, 0xff,
    0xff, 0xff, 0xff, 0xff, 0xff, 0xff, 0xff, 0xff, 0xff, 0xff, 0xff, 0xff,
    0xff, 0xff, 0xff, 0xff, 0xff, 0xff, 0xff, 0xff, 0xff, 0xff, 0xff, 0xff,
    0xff, 0xff, 0xff, 0xff, 0xff, 0xff, 0xff, 0xff, 0xff, 0xff, 0xff, 0xff,
    0xff, 0xff, 0xff, 0xff, 0xff, 0xff, 0xff, 0xff, 0xff, 0xff, 0xd2, 0x00,
    0x00, 0x00, 0x00, 0x00, 0x00, 0x00, 0x00, 0x84, 0xff, 0xff, 0xff, 0xff,
    0xff, 0xff, 0xff, 0xff, 0xff, 0xff, 0xff, 0xff, 0xff, 0xff, 0xff, 0xff,
    0xff, 0xff, 0xff, 0xff, 0xff, 0xff, 0xff, 0x78, 0x00, 0x00, 0x00, 0x00,
    0x00, 0x00, 0x00, 0xef, 0xff, 0xff, 0xff, 0xff, 0xff, 0xff, 0xff, 0xff,
    0xff, 0xff, 0xff, 0xff, 0xff, 0xff, 0xff, 0xff, 0xff, 0xff, 0xff, 0xff,
    0xff, 0xff, 0xff, 0x0d, 0x00, 0x00, 0x00, 0x00, 0x00, 0x00, 0x00, 0x00,
    0x00, 0x00, 0x00, 0x00, 0x00, 0x00, 0x00, 0x00, 0x00, 0x00, 0x00, 0x00,
    0x00, 0x00, 0x00, 0x00, 0x00, 0x00, 0x00, 0x00, 0x00, 0x00, 0x00, 0x00,
    0x00, 0x00, 0x00, 0x09, 0xbb, 0xff, 0xff, 0xff, 0xff, 0xff, 0xff, 0xff,
    0xff, 0xff, 0xff, 0xff, 0xff, 0xff, 0xff, 0xff, 0xff, 0xff, 0xff, 0xff,
    0xff, 0xc3, 0x0c, 0x00, 0x00, 0x00, 0x00, 0xcb, 0xff, 0xff, 0xff, 0xff,
    0xff, 0xff, 0xff, 0xff, 0xff, 0xff, 0xff, 0xff, 0xff, 0xff, 0xff, 0xff,
    0xff, 0xff, 0xff, 0xff, 0xff, 0xff, 0xff, 0x31, 0x00, 0x00, 0x00, 0x00,
    0x00, 0x00, 0x00, 0x00, 0x00, 0x00, 0x00, 0x00, 0x00, 0x00, 0x00, 0x00,
    0x06, 0x4e, 0xa8, 0xef, 0xff, 0xff, 0xff, 0xff, 0xff, 0xff, 0xff, 0xff,
    0xff, 0xff, 0xff, 0xff, 0xff, 0xff, 0xff, 0xff, 0xff, 0xff, 0xff, 0xff,
    0xff, 0xff, 0xff, 0xff, 0xff, 0xff, 0xff, 0xff, 0xff, 0xff, 0xff, 0xff,
    0xff, 0xff, 0xff, 0xff, 0xff, 0xff, 0xff, 0xff, 0xff, 0xff, 0xff, 0xff,
    0xff, 0xff, 0xff, 0xff, 0xff, 0xff, 0xff, 0xff, 0xff, 0xff, 0xff, 0xff,
    0xff, 0xff, 0xff, 0xd3, 0x00, 0x00, 0x00, 0x00, 0x00, 0x00, 0x00, 0x00,
    0x00, 0x00, 0x00, 0x08, 0x7a, 0xed, 0xff, 0xff, 0xff, 0xff, 0xff, 0xff,
    0xff, 0xff, 0xff, 0xff, 0xff, 0xff, 0xff, 0xff, 0xff, 0xff, 0xff, 0xff,
    0xff, 0xff, 0xff, 0xff, 0xff, 0xff, 0xff, 0xff, 0xff, 0xff, 0xff, 0xff,
    0xff, 0xff, 0xff, 0xff, 0xff, 0xff, 0xff, 0xff, 0xff, 0xff, 0xff, 0xff,
    0xff, 0xff, 0xff, 0xff, 0xff, 0xff, 0xff, 0xff, 0xff, 0xff, 0xff, 0xff,
    0xff, 0xff, 0xff, 0xff, 0xff, 0xff, 0xff, 0xff, 0xd2, 0x00, 0x00, 0x00,
    0x00, 0x00, 0x00, 0x00, 0x00, 0x84, 0xff, 0xff, 0xff, 0xff, 0xff, 0xff,
    0xff, 0xff, 0xff, 0xff, 0xff, 0xff, 0xff, 0xff, 0xff, 0xff, 0xff, 0xff,
    0xff, 0xff, 0xff, 0xff, 0xff, 0x78, 0x00, 0x00, 0x00, 0x00, 0x00, 0x00,
    0x00, 0xef, 0xff, 0xff, 0xff, 0xff, 0xff, 0xff, 0xff, 0xff, 0xff, 0xff,
    0xff, 0xff, 0xff, 0xff, 0xff, 0xff, 0xff, 0xff, 0xff, 0xff, 0xff, 0xff,
    0xff, 0x0d, 0x00, 0x00, 0x00, 0x00, 0x00, 0x00, 0x00, 0x00, 0x00, 0x00,
    0x00, 0x00, 0x00, 0x00, 0x00, 0x00, 0x00, 0x00, 0x00, 0x00, 0x00, 0x00,
    0x00, 0x00, 0x00, 0x00, 0x00, 0x00, 0x00, 0x00, 0x00, 0x00, 0x00, 0x00,
    0x09, 0xbb, 0xff, 0xff, 0xff, 0xff, 0xff, 0xff, 0xff, 0xff, 0xff, 0xff,
    0xff, 0xff, 0xff, 0xff, 0xff, 0xff, 0xff, 0xff, 0xff, 0xff, 0xc6, 0x0d,
    0x00, 0x00, 0x00, 0x00, 0x00, 0xcb, 0xff, 0xff, 0xff, 0xff, 0xff, 0xff,
    0xff, 0xff, 0xff, 0xff, 0xff, 0xff, 0xff, 0xff, 0xff, 0xff, 0xff, 0xff,
    0xff, 0xff, 0xff, 0xff, 0xff, 0x31, 0x00, 0x00, 0x00, 0x00, 0x00, 0x00,
    0x00, 0x00, 0x00, 0x00, 0x00, 0x00, 0x00, 0x00, 0x03, 0x6a, 0xe4, 0xff,
    0xff, 0xff, 0xff, 0xff, 0xff, 0xff, 0xff, 0xff, 0xff, 0xff, 0xff, 0xff,
    0xff, 0xff, 0xff, 0xff, 0xff, 0xff, 0xff, 0xff, 0xff, 0xff, 0xff, 0xff,
    0xff, 0xff, 0xff, 0xff, 0xff, 0xff, 0xff, 0xff, 0xff, 0xff, 0xff, 0xff,
    0xff, 0xff, 0xff, 0xff, 0xff, 0xff, 0xff, 0xff, 0xff, 0xff, 0xff, 0xff,
    0xff, 0xff, 0xff, 0xff, 0xff, 0xff, 0xff, 0xff, 0xff, 0xff, 0xff, 0xff,
    0xff, 0xd3, 0x00, 0x00, 0x00, 0x00, 0x00, 0x00, 0x00, 0x00, 0x00, 0x00,
    0x38, 0xda, 0xff, 0xff, 0xff, 0xff, 0xff, 0xff, 0xff, 0xff, 0xff, 0xff,
    0xff, 0xff, 0xff, 0xff, 0xff, 0xff, 0xff, 0xff, 0xff, 0xff, 0xff, 0xff,
    0xff, 0xff, 0xff, 0xff, 0xff, 0xff, 0xff, 0xff, 0xff, 0xff, 0xff, 0xff,
    0xff, 0xff, 0xff, 0xff, 0xff, 0xff, 0xff, 0xff, 0xff, 0xff, 0xff, 0xff,
    0xff, 0xff, 0xff, 0xff, 0xff, 0xff, 0xff, 0xff, 0xff, 0xff, 0xff, 0xff,
    0xff, 0xff, 0xff, 0xff, 0xff, 0xff, 0xd2, 0x00, 0x00, 0x00, 0x00, 0x00,
    0x00, 0x00, 0x00, 0x84, 0xff, 0xff, 0xff, 0xff, 0xff, 0xff, 0xff, 0xff,
    0xff, 0xff, 0xff, 0xff, 0xff, 0xff, 0xff, 0xff, 0xff, 0xff, 0xff, 0xff,
    0xff, 0xff, 0xff, 0x78, 0x00, 0x00, 0x00, 0x00, 0x00, 0x00, 0x00, 0xef,
    0xff, 0xff, 0xff, 0xff, 0xff, 0xff, 0xff, 0xff, 0xff, 0xff, 0xff, 0xff,
    0xff, 0xff, 0xff, 0xff, 0xff, 0xff, 0xff, 0xff, 0xff, 0xff, 0xff, 0x0d,
    0x00, 0x00, 0x00, 0x00, 0x00, 0x00, 0x00, 0x00, 0x00, 0x00, 0x00, 0x00,
    0x00, 0x00, 0x00, 0x00, 0x00, 0x00, 0x00, 0x00, 0x00, 0x00, 0x00, 0x00,
    0x00, 0x00, 0x00, 0x00, 0x00, 0x00, 0x00, 0x00, 0x00, 0x09, 0xbb, 0xff,
    0xff, 0xff, 0xff, 0xff, 0xff, 0xff, 0xff, 0xff, 0xff, 0xff, 0xff, 0xff,
    0xff, 0xff, 0xff, 0xff, 0xff, 0xff, 0xff, 0xc9, 0x0f, 0x00, 0x00, 0x00,
    0x00, 0x00, 0x00, 0xcb, 0xff, 0xff, 0xff, 0xff, 0xff, 0xff, 0xff, 0xff,
    0xff, 0xff, 0xff, 0xff, 0xff, 0xff, 0xff, 0xff, 0xff, 0xff, 0xff, 0xff,
    0xff, 0xff, 0xff, 0x31, 0x00, 0x00, 0x00, 0x00, 0x00, 0x00, 0x00, 0x00,
    0x00, 0x00, 0x00, 0x00, 0x00, 0x28, 0xcc, 0xff, 0xff, 0xff, 0xff, 0xff,
    0xff, 0xff, 0xff, 0xff, 0xff, 0xff, 0xff, 0xff, 0xff, 0xff, 0xff, 0xff,
    0xff, 0xff, 0xff, 0xff, 0xff, 0xff, 0xff, 0xff, 0xff, 0xff, 0xff, 0xff,
    0xff, 0xff, 0xff, 0xff, 0xff, 0xff, 0xff, 0xff, 0xff, 0xff, 0xff, 0xff,
    0xff, 0xff, 0xff, 0xff, 0xff, 0xff, 0xff, 0xff, 0xff, 0xff, 0xff, 0xff,
    0xff, 0xff, 0xff, 0xff, 0xff, 0xff, 0xff, 0xff, 0xff, 0xff, 0xff, 0xd3,
    0x00, 0x00, 0x00, 0x00, 0x00, 0x00, 0x00, 0x00, 0x00, 0x65, 0xf9, 0xff,
    0xff, 0xff, 0xff, 0xff, 0xff, 0xff, 0xff, 0xff, 0xff, 0xff, 0xff, 0xff,
    0xff, 0xff, 0xff, 0xff, 0xff, 0xff, 0xff, 0xff, 0xff, 0xff, 0xff, 0xff,
    0xff, 0xff, 0xff, 0xff, 0xff, 0xff, 0xff, 0xff, 0xff, 0xff, 0xff, 0xff,
    0xff, 0xff, 0xff, 0xff, 0xff, 0xff, 0xff, 0xff, 0xff, 0xff, 0xff, 0xff,
    0xff, 0xff, 0xff, 0xff, 0xff, 0xff, 0xff, 0xff, 0xff, 0xff, 0xff, 0xff,
    0xff, 0xff, 0xff, 0xff, 0xd2, 0x00, 0x00, 0x00, 0x00, 0x00, 0x00, 0x00,
    0x00, 0x84, 0xff, 0xff, 0xff, 0xff, 0xff, 0xff, 0xff, 0xff, 0xff, 0xff,
    0xff, 0xff, 0xff, 0xff, 0xff, 0xff, 0xff, 0xff, 0xff, 0xff, 0xff, 0xff,
    0xff, 0x78, 0x00, 0x00, 0x00, 0x00, 0x00, 0x00, 0x00, 0xef, 0xff, 0xff,
    0xff, 0xff, 0xff, 0xff, 0xff, 0xff, 0xff, 0xff, 0xff, 0xff, 0xff, 0xff,
    0xff, 0xff, 0xff, 0xff, 0xff, 0xff, 0xff, 0xff, 0xff, 0x0d, 0x00, 0x00,
    0x00, 0x00, 0x00, 0x00, 0x00, 0x00, 0x00, 0x00, 0x00, 0x00, 0x00, 0x00,
    0x00, 0x00, 0x00, 0x00, 0x00, 0x00, 0x00, 0x00, 0x00, 0x00, 0x00, 0x00,
    0x00, 0x00, 0x00, 0x00, 0x00, 0x00, 0x09, 0xbb, 0xff, 0xff, 0xff, 0xff,
    0xff, 0xff, 0xff, 0xff, 0xff, 0xff, 0xff, 0xff, 0xff, 0xff, 0xff, 0xff,
    0xff, 0xff, 0xff, 0xff, 0xcc, 0x10, 0x00, 0x00, 0x00, 0x00, 0x00, 0x00,
    0x00, 0xcb, 0xff, 0xff, 0xff, 0xff, 0xff, 0xff, 0xff, 0xff, 0xff, 0xff,
    0xff, 0xff, 0xff, 0xff, 0xff, 0xff, 0xff, 0xff, 0xff, 0xff, 0xff, 0xff,
    0xff, 0x31, 0x00, 0x00, 0x00, 0x00, 0x00, 0x00, 0x00, 0x00, 0x00, 0x00,
    0x00, 0x00, 0x4e, 0xf2, 0xff, 0xff, 0xff, 0xff, 0xff, 0xff, 0xff, 0xff,
    0xff, 0xff, 0xff, 0xff, 0xff, 0xff, 0xff, 0xff, 0xff, 0xff, 0xff, 0xff,
    0xff, 0xff, 0xff, 0xff, 0xff, 0xff, 0xff, 0xff, 0xff, 0xff, 0xff, 0xff,
    0xff, 0xff, 0xff, 0xff, 0xff, 0xff, 0xff, 0xff, 0xff, 0xff, 0xff, 0xff,
    0xff, 0xff, 0xff, 0xff, 0xff, 0xff, 0xff, 0xff, 0xff, 0xff, 0xff, 0xff,
    0xff, 0xff, 0xff, 0xff, 0xff, 0xff, 0xff, 0xff, 0xff, 0xd3, 0x00, 0x00,
    0x00, 0x00, 0x00, 0x00, 0x00, 0x00, 0x6b, 0xfe, 0xff, 0xff, 0xff, 0xff,
    0xff, 0xff, 0xff, 0xff, 0xff, 0xff, 0xff, 0xff, 0xff, 0xff, 0xff, 0xff,
    0xff, 0xff, 0xff, 0xff, 0xff, 0xff, 0xff, 0xff, 0xff, 0xff, 0xff, 0xff,
    0xff, 0xff, 0xff, 0xff, 0xff, 0xff, 0xff, 0xff, 0xff, 0xff, 0xff, 0xff,
    0xff, 0xff, 0xff, 0xff, 0xff, 0xff, 0xff, 0xff, 0xff, 0xff, 0xff, 0xff,
    0xff, 0xff, 0xff, 0xff, 0xff, 0xff, 0xff, 0xff, 0xff, 0xff, 0xff, 0xff,
    0xff, 0xff, 0xd2, 0x00, 0x00, 0x00, 0x00, 0x00, 0x00, 0x00, 0x00, 0x84,
    0xff, 0xff, 0xff, 0xff, 0xff, 0xff, 0xff, 0xff, 0xff, 0xff, 0xff, 0xff,
    0xff, 0xff, 0xff, 0xff, 0xff, 0xff, 0xff, 0xff, 0xff, 0xff, 0xff, 0x78,
    0x00, 0x00, 0x00, 0x00, 0x00, 0x00, 0x00, 0xef, 0xff, 0xff, 0xff, 0xff,
    0xff, 0xff, 0xff, 0xff, 0xff, 0xff, 0xff, 0xff, 0xff, 0xff, 0xff, 0xff,
    0xff, 0xff, 0xff, 0xff, 0xff, 0xff, 0xff, 0x0d, 0x00, 0x00, 0x00, 0x00,
    0x00, 0x00, 0x00, 0x00, 0x00, 0x00, 0x00, 0x00, 0x00, 0x00, 0x00, 0x00,
    0x00, 0x00, 0x00, 0x00, 0x00, 0x00, 0x00, 0x00, 0x00, 0x00, 0x00, 0x00,
    0x00, 0x00, 0x00, 0x09, 0xbb, 0xff, 0xff, 0xff, 0xff, 0xff, 0xff, 0xff,
    0xff, 0xff, 0xff, 0xff, 0xff, 0xff, 0xff, 0xff, 0xff, 0xff, 0xff, 0xff,
    0xff, 0xcf, 0x12, 0x00, 0x00, 0x00, 0x00, 0x00, 0x00, 0x00, 0x00, 0xcb,
    0xff, 0xff, 0xff, 0xff, 0xff, 0xff, 0xff, 0xff, 0xff, 0xff, 0xff, 0xff,
    0xff, 0xff, 0xff, 0xff, 0xff, 0xff, 0xff, 0xff, 0xff, 0xff, 0xff, 0x31,
    0x00, 0x00, 0x00, 0x00, 0x00, 0x00, 0x00, 0x00, 0x00, 0x00, 0x00, 0x52,
    0xfa, 0xff, 0xff, 0xff, 0xff, 0xff, 0xff, 0xff, 0xff, 0xff, 0xff, 0xff,
    0xff, 0xff, 0xff, 0xff, 0xff, 0xff, 0xff, 0xff, 0xff, 0xff, 0xff, 0xff,
    0xff, 0xff, 0xff, 0xff, 0xff, 0xff, 0xff, 0xff, 0xff, 0xff, 0xff, 0xff,
    0xff, 0xff, 0xff, 0xff, 0xff, 0xff, 0xff, 0xff, 0xff, 0xff, 0xff, 0xff,
    0xff, 0xff, 0xff, 0xff, 0xff, 0xff, 0xff, 0xff, 0xff, 0xff, 0xff, 0xff,
    0xff, 0xff, 0xff, 0xff, 0xff, 0xff, 0xff, 0xd3, 0x00, 0x00, 0x00, 0x00,
    0x00, 0x00, 0x00, 0x46, 0xfc, 0xff, 0xff, 0xff, 0xff, 0xff, 0xff, 0xff,
    0xff, 0xff, 0xff, 0xff, 0xff, 0xff, 0xff, 0xff, 0xff, 0xff, 0xff, 0xff,
    0xff, 0xff, 0xff, 0xff, 0xff, 0xff, 0xff, 0xff, 0xff, 0xff, 0xff, 0xff,
    0xff, 0xff, 0xff, 0xff, 0xff, 0xff, 0xff, 0xff, 0xff, 0xff, 0xff, 0xff,
    0xff, 0xff, 0xff, 0xff, 0xff, 0xff, 0xff, 0xff, 0xff, 0xff, 0xff, 0xff,
    0xff, 0xff, 0xff, 0xff, 0xff, 0xff, 0xff, 0xff, 0xff, 0xff, 0xff, 0xff,
    0xd2, 0x00, 0x00, 0x00, 0x00, 0x00, 0x00, 0x00, 0x00, 0x84, 0xff, 0xff,
    0xff, 0xff, 0xff, 0xff, 0xff, 0xff, 0xff, 0xff, 0xff, 0xff, 0xff, 0xff,
    0xff, 0xff, 0xff, 0xff, 0xff, 0xff, 0xff, 0xff, 0xff, 0x78, 0x00, 0x00,
    0x00, 0x00, 0x00, 0x00, 0x00, 0xef, 0xff, 0xff, 0xff, 0xff, 0xff, 0xff,
    0xff, 0xff, 0xff, 0xff, 0xff, 0xff, 0xff, 0xff, 0xff, 0xff, 0xff, 0xff,
    0xff, 0xff, 0xff, 0xff, 0xff, 0x0d, 0x00, 0x00, 0x00, 0x00, 0x00, 0x00,
    0x00, 0x00, 0x00, 0x00, 0x00, 0x00, 0x00, 0x00, 0x00, 0x00, 0x00, 0x00,
    0x00, 0x00, 0x00, 0x00, 0x00, 0x00, 0x00, 0x00, 0x00, 0x00, 0x00, 0x00,
    0x09, 0xbb, 0xff, 0xff, 0xff, 0xff, 0xff, 0xff, 0xff, 0xff, 0xff, 0xff,
    0xff, 0xff, 0xff, 0xff, 0xff, 0xff, 0xff, 0xff, 0xff, 0xff, 0xd2, 0x14,
    0x00, 0x00, 0x00, 0x00, 0x00, 0x00, 0x00, 0x00, 0x00, 0xcb, 0xff, 0xff,
    0xff, 0xff, 0xff, 0xff, 0xff, 0xff, 0xff, 0xff, 0xff, 0xff, 0xff, 0xff,
    0xff, 0xff, 0xff, 0xff, 0xff, 0xff, 0xff, 0xff, 0xff, 0x31, 0x00, 0x00,
    0x00, 0x00, 0x00, 0x00, 0x00, 0x00, 0x00, 0x00, 0x30, 0xf5, 0xff, 0xff,
    0xff, 0xff, 0xff, 0xff, 0xff, 0xff, 0xff, 0xff, 0xff, 0xff, 0xff, 0xff,
    0xff, 0xff, 0xff, 0xff, 0xff, 0xff, 0xff, 0xff, 0xff, 0xff, 0xff, 0xff,
    0xff, 0xff, 0xff, 0xff, 0xff, 0xff, 0xff, 0xff, 0xff, 0xff, 0xff, 0xff,
    0xff, 0xff, 0xff, 0xff, 0xff, 0xff, 0xff, 0xff, 0xff, 0xff, 0xff, 0xff,
    0xff, 0xff, 0xff, 0xff, 0xff, 0xff, 0xff, 0xff, 0xff, 0xff, 0xff, 0xff,
    0xff, 0xff, 0xff, 0xff, 0xff, 0xd3, 0x00, 0x00, 0x00, 0x00, 0x00, 0x00,
    0x18, 0xee, 0xff, 0xff, 0xff, 0xff, 0xff, 0xff, 0xff, 0xff, 0xff, 0xff,
    0xff, 0xff, 0xff, 0xff, 0xff, 0xff, 0xff, 0xff, 0xff, 0xff, 0xff, 0xff,
    0xff, 0xff, 0xff, 0xff, 0xff, 0xff, 0xff, 0xff, 0xff, 0xff, 0xff, 0xff,
    0xff, 0xff, 0xff, 0xff, 0xff, 0xff, 0xff, 0xff, 0xff, 0xff, 0xff, 0xff,
    0xff, 0xff, 0xff, 0xff, 0xff, 0xff, 0xff, 0xff, 0xff, 0xff, 0xff, 0xff,
    0xff, 0xff, 0xff, 0xff, 0xff, 0xff, 0xff, 0xff, 0xff, 0xff, 0xd2, 0x00,
    0x00, 0x00, 0x00, 0x00, 0x00, 0x00, 0x00, 0x84, 0xff, 0xff, 0xff, 0xff,
    0xff, 0xff, 0xff, 0xff, 0xff, 0xff, 0xff, 0xff, 0xff, 0xff, 0xff, 0xff,
    0xff, 0xff, 0xff, 0xff, 0xff, 0xff, 0xff, 0x78, 0x00, 0x00, 0x00, 0x00,
    0x00, 0x00, 0x00, 0xef, 0xff, 0xff, 0xff, 0xff, 0xff, 0xff, 0xff, 0xff,
    0xff, 0xff, 0xff, 0xff, 0xff, 0xff, 0xff, 0xff, 0xff, 0xff, 0xff, 0xff,
    0xff, 0xff, 0xff, 0x0d, 0x00, 0x00, 0x00, 0x00, 0x00, 0x00, 0x00, 0x00,
    0x00, 0x00, 0x00, 0x00, 0x00, 0x00, 0x00, 0x00, 0x00, 0x00, 0x00, 0x00,
    0x00, 0x00, 0x00, 0x00, 0x00, 0x00, 0x00, 0x00, 0x00, 0x09, 0xba, 0xff,
    0xff, 0xff, 0xff, 0xff, 0xff, 0xff, 0xff, 0xff, 0xff, 0xff, 0xff, 0xff,
    0xff, 0xff, 0xff, 0xff, 0xff, 0xff, 0xff, 0xd4, 0x16, 0x00, 0x00, 0x00,
    0x00, 0x00, 0x00, 0x00, 0x00, 0x00, 0x00, 0xcb, 0xff, 0xff, 0xff, 0xff,
    0xff, 0xff, 0xff, 0xff, 0xff, 0xff, 0xff, 0xff, 0xff, 0xff, 0xff, 0xff,
    0xff, 0xff, 0xff, 0xff, 0xff, 0xff, 0xff, 0x31, 0x00, 0x00, 0x00, 0x00,
    0x00, 0x00, 0x00, 0x00, 0x00, 0x0b, 0xdf, 0xff, 0xff, 0xff, 0xff, 0xff,
    0xff, 0xff, 0xff, 0xff, 0xff, 0xff, 0xff, 0xff, 0xff, 0xff, 0xff, 0xff,
    0xff, 0xff, 0xff, 0xff, 0xff, 0xff, 0xff, 0xff, 0xff, 0xff, 0xff, 0xff,
    0xff, 0xff, 0xff, 0xff, 0xff, 0xff, 0xff, 0xff, 0xff, 0xff, 0xff, 0xff,
    0xff, 0xff, 0xff, 0xff, 0xff, 0xff, 0xff, 0xff, 0xff, 0xff, 0xff, 0xff,
    0xff, 0xff, 0xff, 0xff, 0xff, 0xff, 0xff, 0xff, 0xff, 0xff, 0xff, 0xff,
    0xff, 0xff, 0xff, 0xd3, 0x00, 0x00, 0x00, 0x00, 0x00, 0x00, 0xa2, 0xff,
    0xff, 0xff, 0xff, 0xff, 0xff, 0xff, 0xff, 0xff, 0xff, 0xff, 0xff, 0xff,
    0xff, 0xff, 0xff, 0xff, 0xff, 0xff, 0xff, 0xff, 0xff, 0xff, 0xff, 0xff,
    0xff, 0xff, 0xff, 0xff, 0xff, 0xff, 0xff, 0xff, 0xff, 0xff, 0xff, 0xff,
    0xff, 0xff, 0xff, 0xff, 0xff, 0xff, 0xff, 0xff, 0xff, 0xff, 0xff, 0xff,
    0xff, 0xff, 0xff, 0xff, 0xff, 0xff, 0xff, 0xff, 0xff, 0xff, 0xff, 0xff,
    0xff, 0xff, 0xff, 0xff, 0xff, 0xff, 0xff, 0xff, 0xd2, 0x00, 0x00, 0x00,
    0x00, 0x00, 0x00, 0x00, 0x00, 0x84, 0xff, 0xff, 0xff, 0xff, 0xff, 0xff,
    0xff, 0xff, 0xff, 0xff, 0xff, 0xff, 0xff, 0xff, 0xff, 0xff, 0xff, 0xff,
    0xff, 0xff, 0xff, 0xff, 0xff, 0x78, 0x00, 0x00, 0x00, 0x00, 0x00, 0x00,
    0x00, 0xef, 0xff, 0xff, 0xff, 0xff, 0xff, 0xff, 0xff, 0xff, 0xff, 0xff,
    0xff, 0xff, 0xff, 0xff, 0xff, 0xff, 0xff, 0xff, 0xff, 0xff, 0xff, 0xff,
    0xff, 0x0d, 0x00, 0x00, 0x00, 0x00, 0x00, 0x00, 0x00, 0x00, 0x00, 0x00,
    0x00, 0x00, 0x00, 0x00, 0x00, 0x00, 0x00, 0x00, 0x00, 0x00, 0x00, 0x00,
    0x00, 0x00, 0x00, 0x00, 0x00, 0x00, 0x09, 0xbb, 0xff, 0xff, 0xff, 0xff,
    0xff, 0xff, 0xff, 0xff, 0xff, 0xff, 0xff, 0xff, 0xff, 0xff, 0xff, 0xff,
    0xff, 0xff, 0xff, 0xff, 0xd9, 0x19, 0x00, 0x00, 0x00, 0x00, 0x00, 0x00,
    0x00, 0x00, 0x00, 0x00, 0x00, 0xcb, 0xff, 0xff, 0xff, 0xff, 0xff, 0xff,
    0xff, 0xff, 0xff, 0xff, 0xff, 0xff, 0xff, 0xff, 0xff, 0xff, 0xff, 0xff,
    0xff, 0xff, 0xff, 0xff, 0xff, 0x31, 0x00, 0x00, 0x00, 0x00, 0x00, 0x00,
    0x00, 0x00, 0x00, 0x85, 0xff, 0xff, 0xff, 0xff, 0xff, 0xff, 0xff, 0xff,
    0xff, 0xff, 0xff, 0xff, 0xff, 0xff, 0xff, 0xff, 0xff, 0xff, 0xff, 0xff,
    0xff, 0xff, 0xff, 0xff, 0xff, 0xff, 0xff, 0xff, 0xff, 0xff, 0xff, 0xff,
    0xff, 0xff, 0xff, 0xff, 0xff, 0xff, 0xff, 0xff, 0xff, 0xff, 0xff, 0xff,
    0xff, 0xff, 0xff, 0xff, 0xff, 0xff, 0xff, 0xff, 0xff, 0xff, 0xff, 0xff,
    0xff, 0xff, 0xff, 0xff, 0xff, 0xff, 0xff, 0xff, 0xff, 0xff, 0xff, 0xff,
    0xff, 0xd3, 0x00, 0x00, 0x00, 0x00, 0x00, 0x2c, 0xfe, 0xff, 0xff, 0xff,
    0xff, 0xff, 0xff, 0xff, 0xff, 0xff, 0xff, 0xff, 0xff, 0xff, 0xff, 0xff,
    0xff, 0xff, 0xff, 0xff, 0xff, 0xff, 0xff, 0xff, 0xff, 0xff, 0xff, 0xff,
    0xff, 0xff, 0xff, 0xff, 0xff, 0xff, 0xff, 0xff, 0xff, 0xff, 0xff, 0xff,
    0xff, 0xff, 0xff, 0xff, 0xff, 0xff, 0xff, 0xff, 0xff, 0xff, 0xff, 0xff,
    0xff, 0xff, 0xff, 0xff, 0xff, 0xff, 0xff, 0xff, 0xff, 0xff, 0xff, 0xff,
    0xff, 0xff, 0xff, 0xff, 0xff, 0xff, 0xd2, 0x00, 0x00, 0x00, 0x00, 0x00,
    0x00, 0x00, 0x00, 0x84, 0xff, 0xff, 0xff, 0xff, 0xff, 0xff, 0xff, 0xff,
    0xff, 0xff, 0xff, 0xff, 0xff, 0xff, 0xff, 0xff, 0xff, 0xff, 0xff, 0xff,
    0xff, 0xff, 0xff, 0x78, 0x00, 0x00, 0x00, 0x00, 0x00, 0x00, 0x00, 0xef,
    0xff, 0xff, 0xff, 0xff, 0xff, 0xff, 0xff, 0xff, 0xff, 0xff, 0xff, 0xff,
    0xff, 0xff, 0xff, 0xff, 0xff, 0xff, 0xff, 0xff, 0xff, 0xff, 0xff, 0x0d,
    0x00, 0x00, 0x00, 0x00, 0x00, 0x00, 0x00, 0x00, 0x00, 0x00, 0x00, 0x00,
    0x00, 0x00, 0x00, 0x00, 0x00, 0x00, 0x00, 0x00, 0x00, 0x00, 0x00, 0x00,
    0x00, 0x00, 0x00, 0x09, 0xba, 0xff, 0xff, 0xff, 0xff, 0xff, 0xff, 0xff,
    0xff, 0xff, 0xff, 0xff, 0xff, 0xff, 0xff, 0xff, 0xff, 0xff, 0xff, 0xff,
    0xff, 0xd9, 0x1a, 0x00, 0x00, 0x00, 0x00, 0x00, 0x00, 0x00, 0x00, 0x00,
    0x00, 0x00, 0x00, 0xcb, 0xff, 0xff, 0xff, 0xff, 0xff, 0xff, 0xff, 0xff,
    0xff, 0xff, 0xff, 0xff, 0xff, 0xff, 0xff, 0xff, 0xff, 0xff, 0xff, 0xff,
    0xff, 0xff, 0xff, 0x31, 0x00, 0x00, 0x00, 0x00, 0x00, 0x00, 0x00, 0x00,
    0x16, 0xf7, 0xff, 0xff, 0xff, 0xff, 0xff, 0xff, 0xff, 0xff, 0xff, 0xff,
    0xff, 0xff, 0xff, 0xff, 0xff, 0xff, 0xff, 0xff, 0xff, 0xff, 0xff, 0xff,
    0xff, 0xff, 0xff, 0xff, 0xff, 0xff, 0xff, 0xff, 0xff, 0xff, 0xff, 0xff,
    0xff, 0xff, 0xff, 0xff, 0xff, 0xff, 0xff, 0xff, 0xff, 0xff, 0xff, 0xff,
    0xff, 0xff, 0xff, 0xff, 0xff, 0xff, 0xff, 0xff, 0xff, 0xff, 0xff, 0xff,
    0xff, 0xff, 0xff, 0xff, 0xff, 0xff, 0xff, 0xff, 0xff, 0xff, 0xff, 0xd3,
    0x00, 0x00, 0x00, 0x00, 0x00, 0x9b, 0xff, 0xff, 0xff, 0xff, 0xff, 0xff,
    0xff, 0xff, 0xff, 0xff, 0xff, 0xff, 0xff, 0xff, 0xff, 0xff, 0xff, 0xff,
    0xff, 0xff, 0xff, 0xff, 0xff, 0xff, 0xff, 0xff, 0xff, 0xff, 0xff, 0xff,
    0xff, 0xff, 0xff, 0xff, 0xff, 0xff, 0xff, 0xff, 0xff, 0xff, 0xff, 0xff,
    0xff, 0xff, 0xff, 0xff, 0xff, 0xff, 0xff, 0xff, 0xff, 0xff, 0xff, 0xff,
    0xff, 0xff, 0xff, 0xff, 0xff, 0xff, 0xff, 0xff, 0xff, 0xff, 0xff, 0xff,
    0xff, 0xff, 0xff, 0xff, 0xd2, 0x00, 0x00, 0x00, 0x00, 0x00, 0x00, 0x00,
    0x00, 0x84, 0xff, 0xff, 0xff, 0xff, 0xff, 0xff, 0xff, 0xff, 0xff, 0xff,
    0xff, 0xff, 0xff, 0xff, 0xff, 0xff, 0xff, 0xff, 0xff, 0xff, 0xff, 0xff,
    0xff, 0x78, 0x00, 0x00, 0x00, 0x00, 0x00, 0x00, 0x00, 0xef, 0xff, 0xff,
    0xff, 0xff, 0xff, 0xff, 0xff, 0xff, 0xff, 0xff, 0xff, 0xff, 0xff, 0xff,
    0xff, 0xff, 0xff, 0xff, 0xff, 0xff, 0xff, 0xff, 0xff, 0x0d, 0x00, 0x00,
    0x00, 0x00, 0x00, 0x00, 0x00, 0x00, 0x00, 0x00, 0x00, 0x00, 0x00, 0x00,
    0x00, 0x00, 0x00, 0x00, 0x00, 0x00, 0x00, 0x00, 0x00, 0x00, 0x00, 0x00,
    0x09, 0xbb, 0xff, 0xff, 0xff, 0xff, 0xff, 0xff, 0xff, 0xff, 0xff, 0xff,
    0xff, 0xff, 0xff, 0xff, 0xff, 0xff, 0xff, 0xff, 0xff, 0xff, 0xe0, 0x1f,
    0x00, 0x00, 0x00, 0x00, 0x00, 0x00, 0x00, 0x00, 0x00, 0x00, 0x00, 0x00,
    0x00, 0xcb, 0xff, 0xff, 0xff, 0xff, 0xff, 0xff, 0xff, 0xff, 0xff, 0xff,
    0xff, 0xff, 0xff, 0xff, 0xff, 0xff, 0xff, 0xff, 0xff, 0xff, 0xff, 0xff,
    0xff, 0x31, 0x00, 0x00, 0x00, 0x00, 0x00, 0x00, 0x00, 0x00, 0x7e, 0xff,
    0xff, 0xff, 0xff, 0xff, 0xff, 0xff, 0xff, 0xff, 0xff, 0xff, 0xff, 0xff,
    0xff, 0xff, 0xff, 0xff, 0xff, 0xff, 0xff, 0xff, 0xff, 0xff, 0xff, 0xff,
    0xff, 0xff, 0xff, 0xff, 0xff, 0xff, 0xff, 0xff, 0xff, 0xff, 0xff, 0xff,
    0xff, 0xff, 0xff, 0xff, 0xff, 0xff, 0xff, 0xff, 0xff, 0xff, 0xff, 0xff,
    0xff, 0xff, 0xff, 0xff, 0xff, 0xff, 0xff, 0xff, 0xff, 0xff, 0xff, 0xff,
    0xff, 0xff, 0xff, 0xff, 0xff, 0xff, 0xff, 0xff, 0xff, 0xd3, 0x00, 0x00,
    0x00, 0x00, 0x09, 0xf5, 0xff, 0xff, 0xff, 0xff, 0xff, 0xff, 0xff, 0xff,
    0xff, 0xff, 0xff, 0xff, 0xff, 0xff, 0xff, 0xff, 0xff, 0xff, 0xff, 0xff,
    0xff, 0xff, 0xff, 0xff, 0xff, 0xff, 0xf0, 0x9f, 0x67, 0x4c, 0x44, 0x44,
    0x44, 0x44, 0x44, 0x44, 0x44, 0x44, 0x37, 0x33, 0x33, 0x33, 0x33, 0x33,
    0x33, 0x33, 0x33, 0x29, 0x22, 0x22, 0x22, 0x22, 0x22, 0x22, 0x22, 0x22,
    0x1a, 0x11, 0x11, 0x11, 0x11, 0x11, 0x11, 0x11, 0x11, 0x0c, 0x00, 0x00,
    0x00, 0x00, 0x00, 0x00, 0x00, 0x00, 0x00, 0x00, 0x00, 0x00, 0x00, 0x84,
    0xff, 0xff, 0xff, 0xff, 0xff, 0xff, 0xff, 0xff, 0xff, 0xff, 0xff, 0xff,
    0xff, 0xff, 0xff, 0xff, 0xff, 0xff, 0xff, 0xff, 0xff, 0xff, 0xff, 0x78,
    0x00, 0x00, 0x00, 0x00, 0x00, 0x00, 0x00, 0xef, 0xff, 0xff, 0xff, 0xff,
    0xff, 0xff, 0xff, 0xff, 0xff, 0xff, 0xff, 0xff, 0xff, 0xff, 0xff, 0xff,
    0xff, 0xff, 0xff, 0xff, 0xff, 0xff, 0xff, 0x0d, 0x00, 0x00, 0x00, 0x00,
    0x00, 0x00, 0x00, 0x00, 0x00, 0x00, 0x00, 0x00, 0x00, 0x00, 0x00, 0x00,
    0x00, 0x00, 0x00, 0x00, 0x00, 0x00, 0x00, 0x00, 0x00, 0x09, 0xba, 0xff,
    0xff, 0xff, 0xff, 0xff, 0xff, 0xff, 0xff, 0xff, 0xff, 0xff, 0xff, 0xff,
    0xff, 0xff, 0xff, 0xff, 0xff, 0xff, 0xff, 0xde, 0x1e, 0x00, 0x00, 0x00,
    0x00, 0x00, 0x00, 0x00, 0x00, 0x00, 0x00, 0x00, 0x00, 0x00, 0x00, 0xcb,
    0xff, 0xff, 0xff, 0xff, 0xff, 0xff, 0xff, 0xff, 0xff, 0xff, 0xff, 0xff,
    0xff, 0xff, 0xff, 0xff, 0xff, 0xff, 0xff, 0xff, 0xff, 0xff, 0xff, 0x31,
    0x00, 0x00, 0x00, 0x00, 0x00, 0x00, 0x00, 0x00, 0xe1, 0xff, 0xff, 0xff,
    0xff, 0xff, 0xff, 0xff, 0xff, 0xff, 0xff, 0xff, 0xff, 0xff, 0xff, 0xff,
    0xff, 0xff, 0xff, 0xff, 0xff, 0xff, 0xff, 0xff, 0xff, 0xff, 0xff, 0xf5,
    0xa6, 0x6c, 0x4d, 0x44, 0x44, 0x44, 0x44, 0x44, 0x44, 0x44, 0x42, 0x33,
    0x33, 0x33, 0x33, 0x33, 0x33, 0x33, 0x33, 0x33, 0x24, 0x22, 0x22, 0x22,
    0x22, 0x22, 0x22, 0x22, 0x22, 0x18, 0x11, 0x11, 0x11, 0x11, 0x11, 0x11,
    0x11, 0x11, 0x0b, 0x00, 0x00, 0x00, 0x00, 0x00, 0x00, 0x00, 0x00, 0x00,
    0x4a, 0xff, 0xff, 0xff, 0xff, 0xff, 0xff, 0xff, 0xff, 0xff, 0xff, 0xff,
    0xff, 0xff, 0xff, 0xff, 0xff, 0xff, 0xff, 0xff, 0xff, 0xff, 0xff, 0xff,
    0xff, 0xff, 0xfa, 0x7f, 0x0b, 0x00, 0x00, 0x00, 0x00, 0x00, 0x00, 0x00,
    0x00, 0x00, 0x00, 0x00, 0x00, 0x00, 0x00, 0x00, 0x00, 0x00, 0x00, 0x00,
    0x00, 0x00, 0x00, 0x00, 0x00, 0x00, 0x00, 0x00, 0x00, 0x00, 0x00, 0x00,
    0x00, 0x00, 0x00, 0x00, 0x00, 0x00, 0x00, 0x00, 0x00, 0x00, 0x00, 0x00,
    0x00, 0x00, 0x00, 0x00, 0x00, 0x00, 0x00, 0x00, 0x00, 0x84, 0xff, 0xff,
    0xff, 0xff, 0xff, 0xff, 0xff, 0xff, 0xff, 0xff, 0xff, 0xff, 0xff, 0xff,
    0xff, 0xff, 0xff, 0xff, 0xff, 0xff, 0xff, 0xff, 0xff, 0x78, 0x00, 0x00,
    0x00, 0x00, 0x00, 0x00, 0x00, 0xef, 0xff, 0xff, 0xff, 0xff, 0xff, 0xff,
    0xff, 0xff, 0xff, 0xff, 0xff, 0xff, 0xff, 0xff, 0xff, 0xff, 0xff, 0xff,
    0xff, 0xff, 0xff, 0xff, 0xff, 0x0d, 0x00, 0x00, 0x00, 0x00, 0x00, 0x00,
    0x00, 0x00, 0x00, 0x00, 0x00, 0x00, 0x00, 0x00, 0x00, 0x00, 0x00, 0x00,
    0x00, 0x00, 0x00, 0x00, 0x00, 0x00, 0x0a, 0xbd, 0xff, 0xff, 0xff, 0xff,
    0xff, 0xff, 0xff, 0xff, 0xff, 0xff, 0xff, 0xff, 0xff, 0xff, 0xff, 0xff,
    0xff, 0xff, 0xff, 0xff, 0xe0, 0x20, 0x00, 0x00, 0x00, 0x00, 0x00, 0x00,
    0x00, 0x00, 0x00, 0x00, 0x00, 0x00, 0x00, 0x00, 0x00, 0xcb, 0xff, 0xff,
    0xff, 0xff, 0xff, 0xff, 0xff, 0xff, 0xff, 0xff, 0xff, 0xff, 0xff, 0xff,
    0xff, 0xff, 0xff, 0xff, 0xff, 0xff, 0xff, 0xff, 0xff, 0x31, 0x00, 0x00,
    0x00, 0x00, 0x00, 0x00, 0x00, 0x2d, 0xff, 0xff, 0xff, 0xff, 0xff, 0xff,
    0xff, 0xff, 0xff, 0xff, 0xff, 0xff, 0xff, 0xff, 0xff, 0xff, 0xff, 0xff,
    0xff, 0xff, 0xff, 0xff, 0xff, 0xff, 0xff, 0xfe, 0x92, 0x11, 0x00, 0x00,
    0x00, 0x00, 0x00, 0x00, 0x00, 0x00, 0x00, 0x00, 0x00, 0x00, 0x00, 0x00,
    0x00, 0x00, 0x00, 0x00, 0x00, 0x00, 0x00, 0x00, 0x00, 0x00, 0x00, 0x00,
    0x00, 0x00, 0x00, 0x00, 0x00, 0x00, 0x00, 0x00, 0x00, 0x00, 0x00, 0x00,
    0x00, 0x00, 0x00, 0x00, 0x00, 0x00, 0x00, 0x00, 0x00, 0x00, 0x92, 0xff,
    0xff, 0xff, 0xff, 0xff, 0xff, 0xff, 0xff, 0xff, 0xff, 0xff, 0xff, 0xff,
    0xff, 0xff, 0xff, 0xff, 0xff, 0xff, 0xff, 0xff, 0xff, 0xff, 0xff, 0xfa,
    0x45, 0x00, 0x00, 0x00, 0x00, 0x00, 0x00, 0x00, 0x00, 0x00, 0x00, 0x00,
    0x00, 0x00, 0x00, 0x00, 0x00, 0x00, 0x00, 0x00, 0x00, 0x00, 0x00, 0x00,
    0x00, 0x00, 0x00, 0x00, 0x00, 0x00, 0x00, 0x00, 0x00, 0x00, 0x00, 0x00,
    0x00, 0x00, 0x00, 0x00, 0x00, 0x00, 0x00, 0x00, 0x00, 0x00, 0x00, 0x00,
    0x00, 0x00, 0x00, 0x00, 0x00, 0x00, 0x00, 0x84, 0xff, 0xff, 0xff, 0xff,
    0xff, 0xff, 0xff, 0xff, 0xff, 0xff, 0xff, 0xff, 0xff, 0xff, 0xff, 0xff,
    0xff, 0xff, 0xff, 0xff, 0xff, 0xff, 0xff, 0x78, 0x00, 0x00, 0x00, 0x00,
    0x00, 0x00, 0x00, 0xef, 0xff, 0xff, 0xff, 0xff, 0xff, 0xff, 0xff, 0xff,
    0xff, 0xff, 0xff, 0xff, 0xff, 0xff, 0xff, 0xff, 0xff, 0xff, 0xff, 0xff,
    0xff, 0xff, 0xff, 0x0d, 0x00, 0x00, 0x00, 0x00, 0x00, 0x00, 0x00, 0x00,
    0x00, 0x00, 0x00, 0x00, 0x00, 0x00, 0x00, 0x00, 0x00, 0x00, 0x00, 0x00,
    0x00, 0x00, 0x00, 0x0b, 0xbf, 0xff, 0xff, 0xff, 0xff, 0xff, 0xff, 0xff,
    0xff, 0xff, 0xff, 0xff, 0xff, 0xff, 0xff, 0xff, 0xff, 0xff, 0xff, 0xff,
    0xff, 0xe2, 0x22, 0x00, 0x00, 0x00, 0x00, 0x00, 0x00, 0x00, 0x00, 0x00,
    0x00, 0x00, 0x00, 0x00, 0x00, 0x00, 0x00, 0xcb, 0xff, 0xff, 0xff, 0xff,
    0xff, 0xff, 0xff, 0xff, 0xff, 0xff, 0xff, 0xff, 0xff, 0xff, 0xff, 0xff,
    0xff, 0xff, 0xff, 0xff, 0xff, 0xff, 0xff, 0x31, 0x00, 0x00, 0x00, 0x00,
    0x00, 0x00, 0x00, 0x75, 0xff, 0xff, 0xff, 0xff, 0xff, 0xff, 0xff, 0xff,
    0xff, 0xff, 0xff, 0xff, 0xff, 0xff, 0xff, 0xff, 0xff, 0xff, 0xff, 0xff,
    0xff, 0xff, 0xff, 0xff, 0xfe, 0x5e, 0x00, 0x00, 0x00, 0x00, 0x00, 0x00,
    0x00, 0x00, 0x00, 0x00, 0x00, 0x00, 0x00, 0x00, 0x00, 0x00, 0x00, 0x00,
    0x00, 0x00, 0x00, 0x00, 0x00, 0x00, 0x00, 0x00, 0x00, 0x00, 0x00, 0x00,
    0x00, 0x00, 0x00, 0x00, 0x00, 0x00, 0x00, 0x00, 0x00, 0x00, 0x00, 0x00,
    0x00, 0x00, 0x00, 0x00, 0x00, 0x00, 0x00, 0x00, 0xc4, 0xff, 0xff, 0xff,
    0xff, 0xff, 0xff, 0xff, 0xff, 0xff, 0xff, 0xff, 0xff, 0xff, 0xff, 0xff,
    0xff, 0xff, 0xff, 0xff, 0xff, 0xff, 0xff, 0xff, 0xff, 0x6e, 0x00, 0x00,
    0x00, 0x00, 0x00, 0x00, 0x00, 0x00, 0x00, 0x00, 0x00, 0x00, 0x00, 0x00,
    0x00, 0x00, 0x00, 0x00, 0x00, 0x00, 0x00, 0x00, 0x00, 0x00, 0x00, 0x00,
    0x00, 0x00, 0x00, 0x00, 0x00, 0x00, 0x00, 0x00, 0x00, 0x00, 0x00, 0x00,
    0x00, 0x00, 0x00, 0x00, 0x00, 0x00, 0x00, 0x00, 0x00, 0x00, 0x00, 0x00,
    0x00, 0x00, 0x00, 0x00, 0x00, 0x84, 0xff, 0xff, 0xff, 0xff, 0xff, 0xff,
    0xff, 0xff, 0xff, 0xff, 0xff, 0xff, 0xff, 0xff, 0xff, 0xff, 0xff, 0xff,
    0xff, 0xff, 0xff, 0xff, 0xff, 0x78, 0x00, 0x00, 0x00, 0x00, 0x00, 0x00,
    0x00, 0xef, 0xff, 0xff, 0xff, 0xff, 0xff, 0xff, 0xff, 0xff, 0xff, 0xff,
    0xff, 0xff, 0xff, 0xff, 0xff, 0xff, 0xff, 0xff, 0xff, 0xff, 0xff, 0xff,
    0xff, 0x0d, 0x00, 0x00, 0x00, 0x00, 0x00, 0x00, 0x00, 0x00, 0x00, 0x00,
    0x00, 0x00, 0x00, 0x00, 0x00, 0x00, 0x00, 0x00, 0x00, 0x00, 0x00, 0x00,
    0x0c, 0xc2, 0xff, 0xff, 0xff, 0xff, 0xff, 0xff, 0xff, 0xff, 0xff, 0xff,
    0xff, 0xff, 0xff, 0xff, 0xff, 0xff, 0xff, 0xff, 0xff, 0xff, 0xe5, 0x25,
    0x00, 0x00, 0x00, 0x00, 0x00, 0x00, 0x00, 0x00, 0x00, 0x00, 0x00, 0x00,
    0x00, 0x00, 0x00, 0x00, 0x00, 0xcb, 0xff, 0xff, 0xff, 0xff, 0xff, 0xff,
    0xff, 0xff, 0xff, 0xff, 0xff, 0xff, 0xff, 0xff, 0xff, 0xff, 0xff, 0xff,
    0xff, 0xff, 0xff, 0xff, 0xff, 0x31, 0x00, 0x00, 0x00, 0x00, 0x00, 0x00,
    0x00, 0xa7, 0xff, 0xff, 0xff, 0xff, 0xff, 0xff, 0xff, 0xff, 0xff, 0xff,
    0xff, 0xff, 0xff, 0xff, 0xff, 0xff, 0xff, 0xff, 0xff, 0xff, 0xff, 0xff,
    0xff, 0xff, 0x8b, 0x00, 0x00, 0x00, 0x00, 0x00, 0x00, 0x00, 0x00, 0x00,
    0x00, 0x00, 0x00, 0x00, 0x00, 0x00, 0x00, 0x00, 0x00, 0x00, 0x00, 0x00,
    0x00, 0x00, 0x00, 0x00, 0x00, 0x00, 0x00, 0x00, 0x00, 0x00, 0x00, 0x00,
    0x00, 0x00, 0x00, 0x00, 0x00, 0x00, 0x00, 0x00, 0x00, 0x00, 0x00, 0x00,
    0x00, 0x00, 0x00, 0x00, 0x00, 0x00, 0xed, 0xff, 0xff, 0xff, 0xff, 0xff,
    0xff, 0xff, 0xff, 0xff, 0xff, 0xff, 0xff, 0xff, 0xff, 0xff, 0xff, 0xff,
    0xff, 0xff, 0xff, 0xff, 0xff, 0xff, 0xe3, 0x04, 0x00, 0x00, 0x00, 0x00,
    0x00, 0x00, 0x00, 0x00, 0x00, 0x00, 0x00, 0x00, 0x00, 0x00, 0x00, 0x00,
    0x00, 0x00, 0x00, 0x00, 0x00, 0x00, 0x00, 0x00, 0x00, 0x00, 0x00, 0x00,
    0x00, 0x00, 0x00, 0x00, 0x00, 0x00, 0x00, 0x00, 0x00, 0x00, 0x00, 0x00,
    0x00, 0x00, 0x00, 0x00, 0x00, 0x00, 0x00, 0x00, 0x00, 0x00, 0x00, 0x00,
    0x00, 0x00, 0x00, 0x84, 0xff, 0xff, 0xff, 0xff, 0xff, 0xff, 0xff, 0xff,
    0xff, 0xff, 0xff, 0xff, 0xff, 0xff, 0xff, 0xff, 0xff, 0xff, 0xff, 0xff,
    0xff, 0xff, 0xff, 0x78, 0x00, 0x00, 0x00, 0x00, 0x00, 0x00, 0x00, 0xef,
    0xff, 0xff, 0xff, 0xff, 0xff, 0xff, 0xff, 0xff, 0xff, 0xff, 0xff, 0xff,
    0xff, 0xff, 0xff, 0xff, 0xff, 0xff, 0xff, 0xff, 0xff, 0xff, 0xff, 0x0d,
    0x00, 0x00, 0x00, 0x00, 0x00, 0x00, 0x00, 0x00, 0x00, 0x00, 0x00, 0x00,
    0x00, 0x00, 0x00, 0x00, 0x00, 0x00, 0x00, 0x00, 0x00, 0x0e, 0xc4, 0xff,
    0xff, 0xff, 0xff, 0xff, 0xff, 0xff, 0xff, 0xff, 0xff, 0xff, 0xff, 0xff,
    0xff, 0xff, 0xff, 0xff, 0xff, 0xff, 0xff, 0xe7, 0x27, 0x00, 0x00, 0x00,
    0x00, 0x00, 0x00, 0x00, 0x00, 0x00, 0x00, 0x00, 0x00, 0x00, 0x00, 0x00,
    0x00, 0x00, 0x00, 0xcb, 0xff, 0xff, 0xff, 0xff, 0xff, 0xff, 0xff, 0xff,
    0xff, 0xff, 0xff, 0xff, 0xff, 0xff, 0xff, 0xff, 0xff, 0xff, 0xff, 0xff,
    0xff, 0xff, 0xff, 0x31, 0x00, 0x00, 0x00, 0x00, 0x00, 0x00, 0x00, 0xd0,
    0xff, 0xff, 0xff, 0xff, 0xff, 0xff, 0xff, 0xff, 0xff, 0xff, 0xff, 0xff,
    0xff, 0xff, 0xff, 0xff, 0xff, 0xff, 0xff, 0xff, 0xff, 0xff, 0xff, 0xf5,
    0x0f, 0x00, 0x00, 0x00, 0x00, 0x00, 0x00, 0x00, 0x00, 0x00, 0x00, 0x00,
    0x00, 0x00, 0x00, 0x00, 0x00, 0x00, 0x00, 0x00, 0x00, 0x00, 0x00, 0x00,
    0x00, 0x00, 0x00, 0x00, 0x00, 0x00, 0x00, 0x00, 0x00, 0x00, 0x00, 0x00,
    0x00, 0x00, 0x00, 0x00, 0x00, 0x00, 0x00, 0x00, 0x00, 0x00, 0x00, 0x00,
    0x00, 0x00, 0x00, 0x14, 0xff, 0xff, 0xff, 0xff, 0xff, 0xff, 0xff, 0xff,
    0xff, 0xff, 0xff, 0xff, 0xff, 0xff, 0xff, 0xff, 0xff, 0xff, 0xff, 0xff,
    0xff, 0xff, 0xff, 0xff, 0x93, 0x00, 0x00, 0x00, 0x00, 0x00, 0x00, 0x00,
    0x00, 0x00, 0x00, 0x00, 0x00, 0x00, 0x00, 0x00, 0x00, 0x00, 0x00, 0x00,
    0x00, 0x00, 0x00, 0x00, 0x00, 0x00, 0x00, 0x00, 0x00, 0x00, 0x00, 0x00,
    0x00, 0x00, 0x00, 0x00, 0x00, 0x00, 0x00, 0x00, 0x00, 0x00, 0x00, 0x00,
    0x00, 0x00, 0x00, 0x00, 0x00, 0x00, 0x00, 0x00, 0x00, 0x00, 0x00, 0x00,
    0x00, 0x84, 0xff, 0xff, 0xff, 0xff, 0xff, 0xff, 0xff, 0xff, 0xff, 0xff,
    0xff, 0xff, 0xff, 0xff, 0xff, 0xff, 0xff, 0xff, 0xff, 0xff, 0xff, 0xff,
    0xff, 0x78, 0x00, 0x00, 0x00, 0x00, 0x00, 0x00, 0x00, 0xef, 0xff, 0xff,
    0xff, 0xff, 0xff, 0xff, 0xff, 0xff, 0xff, 0xff, 0xff, 0xff, 0xff, 0xff,
    0xff, 0xff, 0xff, 0xff, 0xff, 0xff, 0xff, 0xff, 0xff, 0x0d, 0x00, 0x00,
    0x00, 0x00, 0x00, 0x00, 0x00, 0x00, 0x00, 0x00, 0x00, 0x00, 0x00, 0x00,
    0x00, 0x00, 0x00, 0x00, 0x00, 0x00, 0x0f, 0xc7, 0xff, 0xff, 0xff, 0xff,
    0xff, 0xff, 0xff, 0xff, 0xff, 0xff, 0xff, 0xff, 0xff, 0xff, 0xff, 0xff,
    0xff, 0xff, 0xff, 0xff, 0xe7, 0x29, 0x00, 0x00, 0x00, 0x00, 0x00, 0x00,
    0x00, 0x00, 0x00, 0x00, 0x00, 0x00, 0x00, 0x00, 0x00, 0x00, 0x00, 0x00,
    0x00, 0xcb, 0xff, 0xff, 0xff, 0xff, 0xff, 0xff, 0xff, 0xff, 0xff, 0xff,
    0xff, 0xff, 0xff, 0xff, 0xff, 0xff, 0xff, 0xff, 0xff, 0xff, 0xff, 0xff,
    0xff, 0x31, 0x00, 0x00, 0x00, 0x00, 0x00, 0x00, 0x00, 0xf6, 0xff, 0xff,
    0xff, 0xff, 0xff, 0xff, 0xff, 0xff, 0xff, 0xff, 0xff, 0xff, 0xff, 0xff,
    0xff, 0xff, 0xff, 0xff, 0xff, 0xff, 0xff, 0xff, 0xff, 0xb1, 0x00, 0x00,
    0x00, 0x00, 0x00, 0x00, 0x00, 0x00, 0x00, 0x00, 0x00, 0x00, 0x00, 0x00,
    0x00, 0x00, 0x00, 0x00, 0x00, 0x00, 0x00, 0x00, 0x00, 0x00, 0x00, 0x00,
    0x00, 0x00, 0x00, 0x00, 0x00, 0x00, 0x00, 0x00, 0x00, 0x00, 0x00, 0x00,
    0x00, 0x00, 0x00, 0x00, 0x00, 0x00, 0x00, 0x00, 0x00, 0x00, 0x00, 0x00,
    0x00, 0x24, 0xff, 0xff, 0xff, 0xff, 0xff, 0xff, 0xff, 0xff, 0xff, 0xff,
    0xff, 0xff, 0xff, 0xff, 0xff, 0xff, 0xff, 0xff, 0xff, 0xff, 0xff, 0xff,
    0xff, 0xff, 0x64, 0x00, 0x00, 0x00, 0x00, 0x00, 0x00, 0x00, 0x00, 0x00,
    0x00, 0x00, 0x00, 0x00, 0x00, 0x00, 0x00, 0x00, 0x00, 0x00, 0x00, 0x00,
    0x00, 0x00, 0x00, 0x00, 0x00, 0x00, 0x00, 0x00, 0x00, 0x00, 0x00, 0x00,
    0x00, 0x00, 0x00, 0x00, 0x00, 0x00, 0x00, 0x00, 0x00, 0x00, 0x00, 0x00,
    0x00, 0x00, 0x00, 0x00, 0x00, 0x00, 0x00, 0x00, 0x00, 0x00, 0x00, 0x84,
    0xff, 0xff, 0xff, 0xff, 0xff, 0xff, 0xff, 0xff, 0xff, 0xff, 0xff, 0xff,
    0xff, 0xff, 0xff, 0xff, 0xff, 0xff, 0xff, 0xff, 0xff, 0xff, 0xff, 0x78,
    0x00, 0x00, 0x00, 0x00, 0x00, 0x00, 0x00, 0xef, 0xff, 0xff, 0xff, 0xff,
    0xff, 0xff, 0xff, 0xff, 0xff, 0xff, 0xff, 0xff, 0xff, 0xff, 0xff, 0xff,
    0xff, 0xff, 0xff, 0xff, 0xff, 0xff, 0xff, 0x0d, 0x00, 0x00, 0x00, 0x00,
    0x00, 0x00, 0x00, 0x00, 0x00, 0x00, 0x00, 0x00, 0x00, 0x00, 0x00, 0x00,
    0x00, 0x00, 0x00, 0x10, 0xc9, 0xff, 0xff, 0xff, 0xff, 0xff, 0xff, 0xff,
    0xff, 0xff, 0xff, 0xff, 0xff, 0xff, 0xff, 0xff, 0xff, 0xff, 0xff, 0xff,
    0xff, 0xe7, 0x29, 0x00, 0x00, 0x00, 0x00, 0x00, 0x00, 0x00, 0x00, 0x00,
    0x00, 0x00, 0x00, 0x00, 0x00, 0x00, 0x00, 0x00, 0x00, 0x00, 0x00, 0xcb,
    0xff, 0xff, 0xff, 0xff, 0xff, 0xff, 0xff, 0xff, 0xff, 0xff, 0xff, 0xff,
    0xff, 0xff, 0xff, 0xff, 0xff, 0xff, 0xff, 0xff, 0xff, 0xff, 0xff, 0x31,
    0x00, 0x00, 0x00, 0x00, 0x00, 0x00, 0x08, 0xff, 0xff, 0xff, 0xff, 0xff,
    0xff, 0xff, 0xff, 0xff, 0xff, 0xff, 0xff, 0xff, 0xff, 0xff, 0xff, 0xff,
    0xff, 0xff, 0xff, 0xff, 0xff, 0xff, 0xff, 0x82, 0x00, 0x00, 0x00, 0x00,
    0x00, 0x00, 0x00, 0x00, 0x00, 0x00, 0x00, 0x00, 0x00, 0x00, 0x00, 0x00,
    0x00, 0x00, 0x00, 0x00, 0x00, 0x00, 0x00, 0x00, 0x00, 0x00, 0x00, 0x00,
    0x00, 0x00, 0x00, 0x00, 0x00, 0x00, 0x00, 0x00, 0x00, 0x00, 0x00, 0x00,
    0x00, 0x00, 0x00, 0x00, 0x00, 0x00, 0x00, 0x00, 0x00, 0x00, 0x00, 0x31,
    0xff, 0xff, 0xff, 0xff, 0xff, 0xff, 0xff, 0xff, 0xff, 0xff, 0xff, 0xff,
    0xff, 0xff, 0xff, 0xff, 0xff, 0xff, 0xff, 0xff, 0xff, 0xff, 0xff, 0xff,
    0x52, 0x00, 0x00, 0x00, 0x00, 0x00, 0x00, 0x00, 0x00, 0x00, 0x00, 0x00,
    0x00, 0x00, 0x00, 0x00, 0x00, 0x00, 0x00, 0x00, 0x00, 0x00, 0x00, 0x00,
    0x00, 0x00, 0x00, 0x00, 0x00, 0x00, 0x00, 0x00, 0x00, 0x00, 0x00, 0x00,
    0x00, 0x00, 0x00, 0x00, 0x00, 0x00, 0x00, 0x00, 0x00, 0x00, 0x00, 0x00,
    0x00, 0x00, 0x00, 0x00, 0x00, 0x00, 0x00, 0x00, 0x00, 0x84, 0xff, 0xff,
    0xff, 0xff, 0xff, 0xff, 0xff, 0xff, 0xff, 0xff, 0xff, 0xff, 0xff, 0xff,
    0xff, 0xff, 0xff, 0xff, 0xff, 0xff, 0xff, 0xff, 0xff, 0x78, 0x00, 0x00,
    0x00, 0x00, 0x00, 0x00, 0x00, 0xef, 0xff, 0xff, 0xff, 0xff, 0xff, 0xff,
    0xff, 0xff, 0xff, 0xff, 0xff, 0xff, 0xff, 0xff, 0xff, 0xff, 0xff, 0xff,
    0xff, 0xff, 0xff, 0xff, 0xff, 0x0d, 0x00, 0x00, 0x00, 0x00, 0x00, 0x00,
    0x00, 0x00, 0x00, 0x00, 0x00, 0x00, 0x00, 0x00, 0x00, 0x00, 0x00, 0x00,
    0x11, 0xcb, 0xff, 0xff, 0xff, 0xff, 0xff, 0xff, 0xff, 0xff, 0xff, 0xff,
    0xff, 0xff, 0xff, 0xff, 0xff, 0xff, 0xff, 0xff, 0xff, 0xff, 0xe7, 0x29,
    0x00, 0x00, 0x00, 0x00, 0x00, 0x00, 0x00, 0x00, 0x00, 0x00, 0x00, 0x00,
    0x00, 0x00, 0x00, 0x00, 0x00, 0x00, 0x00, 0x00, 0x00, 0xcb, 0xff, 0xff,
    0xff, 0xff, 0xff, 0xff, 0xff, 0xff, 0xff, 0xff, 0xff, 0xff, 0xff, 0xff,
    0xff, 0xff, 0xff, 0xff, 0xff, 0xff, 0xff, 0xff, 0xff, 0x31, 0x00, 0x00,
    0x00, 0x00, 0x00, 0x00, 0x14, 0xff, 0xff, 0xff, 0xff, 0xff, 0xff, 0xff,
    0xff, 0xff, 0xff, 0xff, 0xff, 0xff, 0xff, 0xff, 0xff, 0xff, 0xff, 0xff,
    0xff, 0xff, 0xff, 0xff, 0xff, 0x70, 0x00, 0x00, 0x00, 0x00, 0x00, 0x00,
    0x00, 0x00, 0x00, 0x00, 0x00, 0x00, 0x00, 0x00, 0x00, 0x00, 0x00, 0x00,
    0x00, 0x00, 0x00, 0x00, 0x00, 0x00, 0x00, 0x00, 0x00, 0x00, 0x00, 0x00,
    0x00, 0x00, 0x00, 0x00, 0x00, 0x00, 0x00, 0x00, 0x00, 0x00, 0x00, 0x00,
    0x00, 0x00, 0x00, 0x00, 0x00, 0x00, 0x00, 0x00, 0x00, 0x3c, 0xff, 0xff,
    0xff, 0xff, 0xff, 0xff, 0xff, 0xff, 0xff, 0xff, 0xff, 0xff, 0xff, 0xff,
    0xff, 0xff, 0xff, 0xff, 0xff, 0xff, 0xff, 0xff, 0xff, 0xff, 0x55, 0x00,
    0x00, 0x00, 0x00, 0x00, 0x00, 0x00, 0x00, 0x00, 0x00, 0x00, 0x00, 0x00,
    0x00, 0x00, 0x00, 0x00, 0x00, 0x00, 0x00, 0x00, 0x00, 0x00, 0x00, 0x00,
    0x00, 0x00, 0x00, 0x00, 0x00, 0x00, 0x00, 0x00, 0x00, 0x00, 0x00, 0x00,
    0x00, 0x00, 0x00, 0x00, 0x00, 0x00, 0x00, 0x00, 0x00, 0x00, 0x00, 0x00,
    0x00, 0x00, 0x00, 0x00, 0x00, 0x00, 0x00, 0x84, 0xff, 0xff, 0xff, 0xff,
    0xff, 0xff, 0xff, 0xff, 0xff, 0xff, 0xff, 0xff, 0xff, 0xff, 0xff, 0xff,
    0xff, 0xff, 0xff, 0xff, 0xff, 0xff, 0xff, 0x78, 0x00, 0x00, 0x00, 0x00,
    0x00, 0x00, 0x00, 0xef, 0xff, 0xff, 0xff, 0xff, 0xff, 0xff, 0xff, 0xff,
    0xff, 0xff, 0xff, 0xff, 0xff, 0xff, 0xff, 0xff, 0xff, 0xff, 0xff, 0xff,
    0xff, 0xff, 0xff, 0x0d, 0x00, 0x00, 0x00, 0x00, 0x00, 0x00, 0x00, 0x00,
    0x00, 0x00, 0x00, 0x00, 0x00, 0x00, 0x00, 0x00, 0x00, 0x13, 0xce, 0xff,
    0xff, 0xff, 0xff, 0xff, 0xff, 0xff, 0xff, 0xff, 0xff, 0xff, 0xff, 0xff,
    0xff, 0xff, 0xff, 0xff, 0xff, 0xff, 0xff, 0xe7, 0x29, 0x00, 0x00, 0x00,
    0x00, 0x00, 0x00, 0x00, 0x00, 0x00, 0x00, 0x00, 0x00, 0x00, 0x00, 0x00,
    0x00, 0x00, 0x00, 0x00, 0x00, 0x00, 0x00, 0xcb, 0xff, 0xff, 0xff, 0xff,
    0xff, 0xff, 0xff, 0xff, 0xff, 0xff, 0xff, 0xff, 0xff, 0xff, 0xff, 0xff,
    0xff, 0xff, 0xff, 0xff, 0xff, 0xff, 0xff, 0x31, 0x00, 0x00, 0x00, 0x00,
    0x00, 0x00, 0x1f, 0xff, 0xff, 0xff, 0xff, 0xff, 0xff, 0xff, 0xff, 0xff,
    0xff, 0xff, 0xff, 0xff, 0xff, 0xff, 0xff, 0xff, 0xff, 0xff, 0xff, 0xff,
    0xff, 0xff, 0xff, 0x73, 0x00, 0x00, 0x00, 0x00, 0x00, 0x00, 0x00, 0x00,
    0x00, 0x00, 0x00, 0x00, 0x00, 0x00, 0x00, 0x00, 0x00, 0x00, 0x00, 0x00,
    0x00, 0x00, 0x00, 0x00, 0x00, 0x00, 0x00, 0x00, 0x00, 0x00, 0x00, 0x00,
    0x00, 0x00, 0x00, 0x00, 0x00, 0x00, 0x00, 0x00, 0x00, 0x00, 0x00, 0x00,
    0x00, 0x00, 0x00, 0x00, 0x00, 0x00, 0x00, 0x36, 0xff, 0xff, 0xff, 0xff,
    0xff, 0xff, 0xff, 0xff, 0xff, 0xff, 0xff, 0xff, 0xff, 0xff, 0xff, 0xff,
    0xff, 0xff, 0xff, 0xff, 0xff, 0xff, 0xff, 0xff, 0x61, 0x00, 0x00, 0x00,
    0x00, 0x00, 0x00, 0x00, 0x00, 0x00, 0x00, 0x00, 0x00, 0x00, 0x00, 0x00,
    0x00, 0x00, 0x00, 0x00, 0x00, 0x00, 0x00, 0x00, 0x00, 0x00, 0x00, 0x00,
    0x00, 0x00, 0x00, 0x00, 0x00, 0x00, 0x00, 0x00, 0x00, 0x00, 0x00, 0x00,
    0x00, 0x00, 0x00, 0x00, 0x00, 0x00, 0x00, 0x00, 0x00, 0x00, 0x00, 0x00,
    0x00, 0x00, 0x00, 0x00, 0x00, 0x84, 0xff, 0xff, 0xff, 0xff, 0xff, 0xff,
    0xff, 0xff, 0xff, 0xff, 0xff, 0xff, 0xff, 0xff, 0xff, 0xff, 0xff, 0xff,
    0xff, 0xff, 0xff, 0xff, 0xff, 0x78, 0x00, 0x00, 0x00, 0x00, 0x00, 0x00,
    0x00, 0xef, 0xff, 0xff, 0xff, 0xff, 0xff, 0xff, 0xff, 0xff, 0xff, 0xff,
    0xff, 0xff, 0xff, 0xff, 0xff, 0xff, 0xff, 0xff, 0xff, 0xff, 0xff, 0xff,
    0xff, 0x0d, 0x00, 0x00, 0x00, 0x00, 0x00, 0x00, 0x00, 0x00, 0x00, 0x00,
    0x00, 0x00, 0x00, 0x00, 0x00, 0x00, 0x19, 0xd3, 0xff, 0xff, 0xff, 0xff,
    0xff, 0xff, 0xff, 0xff, 0xff, 0xff, 0xff, 0xff, 0xff, 0xff, 0xff, 0xff,
    0xff, 0xff, 0xff, 0xff, 0xe7, 0x28, 0x00, 0x00, 0x00, 0x00, 0x00, 0x00,
    0x00, 0x00, 0x00, 0x00, 0x00, 0x00, 0x00, 0x00, 0x00, 0x00, 0x00, 0x00,
    0x00, 0x00, 0x00, 0x00, 0x00, 0xcb, 0xff, 0xff, 0xff, 0xff, 0xff, 0xff,
    0xff, 0xff, 0xff, 0xff, 0xff, 0xff, 0xff, 0xff, 0xff, 0xff, 0xff, 0xff,
    0xff, 0xff, 0xff, 0xff, 0xff, 0x31, 0x00, 0x00, 0x00, 0x00, 0x00, 0x00,
    0x19, 0xff, 0xff, 0xff, 0xff, 0xff, 0xff, 0xff, 0xff, 0xff, 0xff, 0xff,
    0xff, 0xff, 0xff, 0xff, 0xff, 0xff, 0xff, 0xff, 0xff, 0xff, 0xff, 0xff,
    0xff, 0x7f, 0x00, 0x00, 0x00, 0x00, 0x00, 0x00, 0x00, 0x00, 0x00, 0x00,
    0x00, 0x00, 0x00, 0x00, 0x00, 0x00, 0x00, 0x00, 0x00, 0x00, 0x00, 0x00,
    0x00, 0x00, 0x00, 0x00, 0x00, 0x00, 0x00, 0x00, 0x00, 0x00, 0x00, 0x00,
    0x00, 0x00, 0x00, 0x00, 0x00, 0x00, 0x00, 0x00, 0x00, 0x00, 0x00, 0x00,
    0x00, 0x00, 0x00, 0x00, 0x00, 0x2b, 0xff, 0xff, 0xff, 0xff, 0xff, 0xff,
    0xff, 0xff, 0xff, 0xff, 0xff, 0xff, 0xff, 0xff, 0xff, 0xff, 0xff, 0xff,
    0xff, 0xff, 0xff, 0xff, 0xff, 0xff, 0x7f, 0x00, 0x00, 0x00, 0x00, 0x00,
    0x00, 0x00, 0x00, 0x00, 0x00, 0x00, 0x00, 0x00, 0x00, 0x00, 0x00, 0x00,
    0x00, 0x00, 0x00, 0x00, 0x00, 0x00, 0x00, 0x00, 0x00, 0x00, 0x00, 0x00,
    0x00, 0x00, 0x00, 0x00, 0x00, 0x00, 0x00, 0x00, 0x00, 0x00, 0x00, 0x00,
    0x00, 0x00, 0x00, 0x00, 0x00, 0x00, 0x00, 0x00, 0x00, 0x00, 0x00, 0x00,
    0x00, 0x00, 0x00, 0x84, 0xff, 0xff, 0xff, 0xff, 0xff, 0xff, 0xff, 0xff,
    0xff, 0xff, 0xff, 0xff, 0xff, 0xff, 0xff, 0xff, 0xff, 0xff, 0xff, 0xff,
    0xff, 0xff, 0xff, 0x78, 0x00, 0x00, 0x00, 0x00, 0x00, 0x00, 0x00, 0xef,
    0xff, 0xff, 0xff, 0xff, 0xff, 0xff, 0xff, 0xff, 0xff, 0xff, 0xff, 0xff,
    0xff, 0xff, 0xff, 0xff, 0xff, 0xff, 0xff, 0xff, 0xff, 0xff, 0xff, 0x0d,
    0x00, 0x00, 0x00, 0x00, 0x00, 0x00, 0x00, 0x00, 0x00, 0x00, 0x00, 0x00,
    0x00, 0x00, 0x00, 0x1f, 0xda, 0xff, 0xff, 0xff, 0xff, 0xff, 0xff, 0xff,
    0xff, 0xff, 0xff, 0xff, 0xff, 0xff, 0xff, 0xff, 0xff, 0xff, 0xff, 0xff,
    0xff, 0xe8, 0x2b, 0x00, 0x00, 0x00, 0x00, 0x00, 0x00, 0x00, 0x00, 0x00,
    0x00, 0x00, 0x00, 0x00, 0x00, 0x00, 0x00, 0x00, 0x00, 0x00, 0x00, 0x00,
    0x00, 0x00, 0x00, 0xcb, 0xff, 0xff, 0xff, 0xff, 0xff, 0xff, 0xff, 0xff,
    0xff, 0xff, 0xff, 0xff, 0xff, 0xff, 0xff, 0xff, 0xff, 0xff, 0xff, 0xff,
    0xff, 0xff, 0xff, 0x31, 0x00, 0x00, 0x00, 0x00, 0x00, 0x00, 0x0e, 0xff,
    0xff, 0xff, 0xff, 0xff, 0xff, 0xff, 0xff, 0xff, 0xff, 0xff, 0xff, 0xff,
    0xff, 0xff, 0xff, 0xff, 0xff, 0xff, 0xff, 0xff, 0xff, 0xff, 0xff, 0x9d,
    0x00, 0x00, 0x00, 0x00, 0x00, 0x00, 0x00, 0x00, 0x00, 0x00, 0x00, 0x00,
    0x00, 0x00, 0x00, 0x00, 0x00, 0x00, 0x00, 0x00, 0x00, 0x00, 0x00, 0x00,
    0x00, 0x00, 0x00, 0x00, 0x00, 0x00, 0x00, 0x00, 0x00, 0x00, 0x00, 0x00,
    0x00, 0x00, 0x00, 0x00, 0x00, 0x00, 0x00, 0x00, 0x00, 0x00, 0x00, 0x00,
    0x00, 0x00, 0x00, 0x1a, 0xff, 0xff, 0xff, 0xff, 0xff, 0xff, 0xff, 0xff,
    0xff, 0xff, 0xff, 0xff, 0xff, 0xff, 0xff, 0xff, 0xff, 0xff, 0xff, 0xff,
    0xff, 0xff, 0xff, 0xff, 0xab, 0x00, 0x00, 0x00, 0x00, 0x00, 0x00, 0x00,
    0x00, 0x00, 0x00, 0x00, 0x00, 0x00, 0x00, 0x00, 0x00, 0x00, 0x00, 0x00,
    0x00, 0x00, 0x00, 0x00, 0x00, 0x00, 0x00, 0x00, 0x00, 0x00, 0x00, 0x00,
    0x00, 0x00, 0x00, 0x00, 0x00, 0x00, 0x00, 0x00, 0x00, 0x00, 0x00, 0x00,
    0x00, 0x00, 0x00, 0x00, 0x00, 0x00, 0x00, 0x00, 0x00, 0x00, 0x00, 0x00,
    0x00, 0x84, 0xff, 0xff, 0xff, 0xff, 0xff, 0xff, 0xff, 0xff, 0xff, 0xff,
    0xff, 0xff, 0xff, 0xff, 0xff, 0xff, 0xff, 0xff, 0xff, 0xff, 0xff, 0xff,
    0xff, 0x78, 0x00, 0x00, 0x00, 0x00, 0x00, 0x00, 0x00, 0xef, 0xff, 0xff,
    0xff, 0xff, 0xff, 0xff, 0xff, 0xff, 0xff, 0xff, 0xff, 0xff, 0xff, 0xff,
    0xff, 0xff, 0xff, 0xff, 0xff, 0xff, 0xff, 0xff, 0xff, 0x0d, 0x00, 0x00,
    0x00, 0x00, 0x00, 0x00, 0x00, 0x00, 0x00, 0x00, 0x00, 0x00, 0x00, 0x00,
    0x28, 0xe3, 0xff, 0xff, 0xff, 0xff, 0xff, 0xff, 0xff, 0xff, 0xff, 0xff,
    0xff, 0xff, 0xff, 0xff, 0xff, 0xff, 0xff, 0xff, 0xff, 0xff, 0xe7, 0x28,
    0x00, 0x00, 0x00, 0x00, 0x00, 0x00, 0x00, 0x00, 0x00, 0x00, 0x00, 0x00,
    0x00, 0x00, 0x00, 0x00, 0x00, 0x00, 0x00, 0x00, 0x00, 0x00, 0x00, 0x00,
    0x00, 0xcb, 0xff, 0xff, 0xff, 0xff, 0xff, 0xff, 0xff, 0xff, 0xff, 0xff,
    0xff, 0xff, 0xff, 0xff, 0xff, 0xff, 0xff, 0xff, 0xff, 0xff, 0xff, 0xff,
    0xff, 0x31, 0x00, 0x00, 0x00, 0x00, 0x00, 0x00, 0x02, 0xfa, 0xff, 0xff,
    0xff, 0xff, 0xff, 0xff, 0xff, 0xff, 0xff, 0xff, 0xff, 0xff, 0xff, 0xff,
    0xff, 0xff, 0xff, 0xff, 0xff, 0xff, 0xff, 0xff, 0xff, 0xc9, 0x00, 0x00,
    0x00, 0x00, 0x00, 0x00, 0x00, 0x00, 0x00, 0x00, 0x00, 0x00, 0x00, 0x00,
    0x00, 0x00, 0x00, 0x00, 0x00, 0x00, 0x00, 0x00, 0x00, 0x00, 0x00, 0x00,
    0x00, 0x00, 0x00, 0x00, 0x00, 0x00, 0x00, 0x00, 0x00, 0x00, 0x00, 0x00,
    0x00, 0x00, 0x00, 0x00, 0x00, 0x00, 0x00, 0x00, 0x00, 0x00, 0x00, 0x00,
    0x00, 0x01, 0xf5, 0xff, 0xff, 0xff, 0xff, 0xff, 0xff, 0xff, 0xff, 0xff,
    0xff, 0xff, 0xff, 0xff, 0xff, 0xff, 0xff, 0xff, 0xff, 0xff, 0xff, 0xff,
    0xff, 0xff, 0xe9, 0x03, 0x00, 0x00, 0x00, 0x00, 0x00, 0x00, 0x00, 0x00,
    0x00, 0x00, 0x00, 0x00, 0x00, 0x00, 0x00, 0x00, 0x00, 0x00, 0x00, 0x00,
    0x00, 0x00, 0x00, 0x00, 0x00, 0x00, 0x00, 0x00, 0x00, 0x00, 0x00, 0x00,
    0x00, 0x00, 0x00, 0x00, 0x00, 0x00, 0x00, 0x00, 0x00, 0x00, 0x00, 0x00,
    0x00, 0x00, 0x00, 0x00, 0x00, 0x00, 0x00, 0x00, 0x00, 0x00, 0x00, 0x84,
    0xff, 0xff, 0xff, 0xff, 0xff, 0xff, 0xff, 0xff, 0xff, 0xff, 0xff, 0xff,
    0xff, 0xff, 0xff, 0xff, 0xff, 0xff, 0xff, 0xff, 0xff, 0xff, 0xff, 0x78,
    0x00, 0x00, 0x00, 0x00, 0x00, 0x00, 0x00, 0xef, 0xff, 0xff, 0xff, 0xff,
    0xff, 0xff, 0xff, 0xff, 0xff, 0xff, 0xff, 0xff, 0xff, 0xff, 0xff, 0xff,
    0xff, 0xff, 0xff, 0xff, 0xff, 0xff, 0xff, 0x0d, 0x00, 0x00, 0x00, 0x00,
    0x00, 0x00, 0x00, 0x00, 0x00, 0x00, 0x00, 0x00, 0x00, 0x30, 0xe9, 0xff,
    0xff, 0xff, 0xff, 0xff, 0xff, 0xff, 0xff, 0xff, 0xff, 0xff, 0xff, 0xff,
    0xff, 0xff, 0xff, 0xff, 0xff, 0xff, 0xff, 0xe6, 0x28, 0x00, 0x00, 0x00,
    0x00, 0x00, 0x00, 0x00, 0x00, 0x00, 0x00, 0x00, 0x00, 0x00, 0x00, 0x00,
    0x00, 0x00, 0x00, 0x00, 0x00, 0x00, 0x00, 0x00, 0x00, 0x00, 0x00, 0xcb,
    0xff, 0xff, 0xff, 0xff, 0xff, 0xff, 0xff, 0xff, 0xff, 0xff, 0xff, 0xff,
    0xff, 0xff, 0xff, 0xff, 0xff, 0xff, 0xff, 0xff, 0xff, 0xff, 0xff, 0x31,
    0x00, 0x00, 0x00, 0x00, 0x00, 0x00, 0x00, 0xd9, 0xff, 0xff, 0xff, 0xff,
    0xff, 0xff, 0xff, 0xff, 0xff, 0xff, 0xff, 0xff, 0xff, 0xff, 0xff, 0xff,
    0xff, 0xff, 0xff, 0xff, 0xff, 0xff, 0xff, 0xfb, 0x0f, 0x00, 0x00, 0x00,
    0x00, 0x00, 0x00, 0x00, 0x00, 0x00, 0x00, 0x00, 0x00, 0x00, 0x00, 0x00,
    0x00, 0x00, 0x00, 0x00, 0x00, 0x00, 0x00, 0x00, 0x00, 0x00, 0x00, 0x00,
    0x00, 0x00, 0x00, 0x00, 0x00, 0x00, 0x00, 0x00, 0x00, 0x00, 0x00, 0x00,
    0x00, 0x00, 0x00, 0x00, 0x00, 0x00, 0x00, 0x00, 0x00, 0x00, 0x00, 0x00,
    0xcf, 0xff, 0xff, 0xff, 0xff, 0xff, 0xff, 0xff, 0xff, 0xff, 0xff, 0xff,
    0xff, 0xff, 0xff, 0xff, 0xff, 0xff, 0xff, 0xff, 0xff, 0xff, 0xff, 0xff,
    0xff, 0x4a, 0x00, 0x00, 0x00, 0x00, 0x00, 0x00, 0x00, 0x00, 0x00, 0x00,
    0x00, 0x00, 0x00, 0x00, 0x00, 0x00, 0x00, 0x00, 0x00, 0x00, 0x00, 0x00,
    0x00, 0x00, 0x00, 0x00, 0x00, 0x00, 0x00, 0x00, 0x00, 0x00, 0x00, 0x00,
    0x00, 0x00, 0x00, 0x00, 0x00, 0x00, 0x00, 0x00, 0x00, 0x00, 0x00, 0x00,
    0x00, 0x00, 0x00, 0x00, 0x00, 0x00, 0x00, 0x00, 0x00, 0x84, 0xff, 0xff,
    0xff, 0xff, 0xff, 0xff, 0xff, 0xff, 0xff, 0xff, 0xff, 0xff, 0xff, 0xff,
    0xff, 0xff, 0xff, 0xff, 0xff, 0xff, 0xff, 0xff, 0xff, 0x78, 0x00, 0x00,
    0x00, 0x00, 0x00, 0x00, 0x00, 0xef, 0xff, 0xff, 0xff, 0xff, 0xff, 0xff,
    0xff, 0xff, 0xff, 0xff, 0xff, 0xff, 0xff, 0xff, 0xff, 0xff, 0xff, 0xff,
    0xff, 0xff, 0xff, 0xff, 0xff, 0x0d, 0x00, 0x00, 0x00, 0x00, 0x00, 0x00,
    0x00, 0x00, 0x00, 0x00, 0x00, 0x00, 0x39, 0xef, 0xff, 0xff, 0xff, 0xff,
    0xff, 0xff, 0xff, 0xff, 0xff, 0xff, 0xff, 0xff, 0xff, 0xff, 0xff, 0xff,
    0xff, 0xff, 0xff, 0xff, 0xe6, 0x28, 0x00, 0x00, 0x00, 0x00, 0x00, 0x00,
    0x00, 0x00, 0x00, 0x00, 0x00, 0x00, 0x00, 0x00, 0x00, 0x00, 0x00, 0x00,
    0x00, 0x00, 0x00, 0x00, 0x00, 0x00, 0x00, 0x00, 0x00, 0xcb, 0xff, 0xff,
    0xff, 0xff, 0xff, 0xff, 0xff, 0xff, 0xff, 0xff, 0xff, 0xff, 0xff, 0xff,
    0xff, 0xff, 0xff, 0xff, 0xff, 0xff, 0xff, 0xff, 0xff, 0x31, 0x00, 0x00,
    0x00, 0x00, 0x00, 0x00, 0x00, 0xb3, 0xff, 0xff, 0xff, 0xff, 0xff, 0xff,
    0xff, 0xff, 0xff, 0xff, 0xff, 0xff, 0xff, 0xff, 0xff, 0xff, 0xff, 0xff,
    0xff, 0xff, 0xff, 0xff, 0xff, 0xff, 0x68, 0x00, 0x00, 0x00, 0x00, 0x00,
    0x00, 0x00, 0x00, 0x00, 0x00, 0x00, 0x00, 0x00, 0x00, 0x00, 0x00, 0x00,
    0x00, 0x00, 0x00, 0x00, 0x00, 0x00, 0x00, 0x00, 0x00, 0x00, 0x00, 0x00,
    0x00, 0x00, 0x00, 0x00, 0x00, 0x00, 0x00, 0x00, 0x00, 0x00, 0x00, 0x00,
    0x00, 0x00, 0x00, 0x00, 0x00, 0x00, 0x00, 0x00, 0x00, 0x00, 0x9a, 0xff,
    0xff, 0xff, 0xff, 0xff, 0xff, 0xff, 0xff, 0xff, 0xff, 0xff, 0xff, 0xff,
    0xff, 0xff, 0xff, 0xff, 0xff, 0xff, 0xff, 0xff, 0xff, 0xff, 0xff, 0xc7,
    0x02, 0x00, 0x00, 0x00, 0x00, 0x00, 0x00, 0x00, 0x00, 0x00, 0x00, 0x00,
    0x00, 0x00, 0x00, 0x00, 0x00, 0x00, 0x00, 0x00, 0x00, 0x00, 0x00, 0x00,
    0x00, 0x00, 0x00, 0x00, 0x00, 0x00, 0x00, 0x00, 0x00, 0x00, 0x00, 0x00,
    0x00, 0x00, 0x00, 0x00, 0x00, 0x00, 0x00, 0x00, 0x00, 0x00, 0x00, 0x00,
    0x00, 0x00, 0x00, 0x00, 0x00, 0x00, 0x00, 0x84, 0xff, 0xff, 0xff, 0xff,
    0xff, 0xff, 0xff, 0xff, 0xff, 0xff, 0xff, 0xff, 0xff, 0xff, 0xff, 0xff,
    0xff, 0xff, 0xff, 0xff, 0xff, 0xff, 0xff, 0x78, 0x00, 0x00, 0x00, 0x00,
    0x00, 0x00, 0x00, 0xef, 0xff, 0xff, 0xff, 0xff, 0xff, 0xff, 0xff, 0xff,
    0xff, 0xff, 0xff, 0xff, 0xff, 0xff, 0xff, 0xff, 0xff, 0xff, 0xff, 0xff,
    0xff, 0xff, 0xff, 0x0d, 0x00, 0x00, 0x00, 0x00, 0x00, 0x00, 0x00, 0x00,
    0x00, 0x00, 0x00, 0x5d, 0xf5, 0xff, 0xff, 0xff, 0xff, 0xff, 0xff, 0xff,
    0xff, 0xff, 0xff, 0xff, 0xff, 0xff, 0xff, 0xff, 0xff, 0xff, 0xff, 0xff,
    0xff, 0xe6, 0x28, 0x00, 0x00, 0x00, 0x00, 0x00, 0x00, 0x00, 0x00, 0x00,
    0x00, 0x00, 0x00, 0x00, 0x00, 0x00, 0x00, 0x00, 0x00, 0x00, 0x00, 0x00,
    0x00, 0x00, 0x00, 0x00, 0x00, 0x00, 0x00, 0xcb, 0xff, 0xff, 0xff, 0xff,
    0xff, 0xff, 0xff, 0xff, 0xff, 0xff, 0xff, 0xff, 0xff, 0xff, 0xff, 0xff,
    0xff, 0xff, 0xff, 0xff, 0xff, 0xff, 0xff, 0x31, 0x00, 0x00, 0x00, 0x00,
    0x00, 0x00, 0x00, 0x7d, 0xff, 0xff, 0xff, 0xff, 0xff, 0xff, 0xff, 0xff,
    0xff, 0xff, 0xff, 0xff, 0xff, 0xff, 0xff, 0xff, 0xff, 0xff, 0xff, 0xff,
    0xff, 0xff, 0xff, 0xff, 0xdf, 0x09, 0x00, 0x00, 0x00, 0x00, 0x00, 0x00,
    0x00, 0x00, 0x00, 0x00, 0x00, 0x00, 0x00, 0x00, 0x00, 0x00, 0x00, 0x00,
    0x00, 0x00, 0x00, 0x00, 0x00, 0x00, 0x00, 0x00, 0x00, 0x00, 0x00, 0x00,
    0x00, 0x00, 0x00, 0x00, 0x00, 0x00, 0x00, 0x00, 0x00, 0x00, 0x00, 0x00,
    0x00, 0x00, 0x00, 0x00, 0x00, 0x00, 0x00, 0x00, 0x56, 0xff, 0xff, 0xff,
    0xff, 0xff, 0xff, 0xff, 0xff, 0xff, 0xff, 0xff, 0xff, 0xff, 0xff, 0xff,
    0xff, 0xff, 0xff, 0xff, 0xff, 0xff, 0xff, 0xff, 0xff, 0xff, 0x83, 0x00,
    0x00, 0x00, 0x00, 0x00, 0x00, 0x00, 0x00, 0x00, 0x00, 0x00, 0x00, 0x00,
    0x00, 0x00, 0x00, 0x00, 0x00, 0x00, 0x00, 0x00, 0x00, 0x00, 0x00, 0x00,
    0x00, 0x00, 0x00, 0x00, 0x00, 0x00, 0x00, 0x00, 0x00, 0x00, 0x00, 0x00,
    0x00, 0x00, 0x00, 0x00, 0x00, 0x00, 0x00, 0x00, 0x00, 0x00, 0x00, 0x00,
    0x00, 0x00, 0x00, 0x00, 0x00, 0x84, 0xff, 0xff, 0xff, 0xff, 0xff, 0xff,
    0xff, 0xff, 0xff, 0xff, 0xff, 0xff, 0xff, 0xff, 0xff, 0xff, 0xff, 0xff,
    0xff, 0xff, 0xff, 0xff, 0xff, 0x78, 0x00, 0x00, 0x00, 0x00, 0x00, 0x00,
    0x00, 0xef, 0xff, 0xff, 0xff, 0xff, 0xff, 0xff, 0xff, 0xff, 0xff, 0xff,
    0xff, 0xff, 0xff, 0xff, 0xff, 0xff, 0xff, 0xff, 0xff, 0xff, 0xff, 0xff,
    0xff, 0x0d, 0x00, 0x00, 0x00, 0x00, 0x00, 0x00, 0x00, 0x00, 0x00, 0x14,
    0xa1, 0xff, 0xff, 0xff, 0xff, 0xff, 0xff, 0xff, 0xff, 0xff, 0xff, 0xff,
    0xff, 0xff, 0xff, 0xff, 0xff, 0xff, 0xff, 0xff, 0xff, 0xff, 0xe6, 0x28,
    0x00, 0x00, 0x00, 0x00, 0x00, 0x00, 0x00, 0x00, 0x00, 0x00, 0x00, 0x00,
    0x00, 0x00, 0x00, 0x00, 0x00, 0x00, 0x00, 0x00, 0x00, 0x00, 0x00, 0x00,
    0x00, 0x00, 0x00, 0x00, 0x00, 0xcb, 0xff, 0xff, 0xff, 0xff, 0xff, 0xff,
    0xff, 0xff, 0xff, 0xff, 0xff, 0xff, 0xff, 0xff, 0xff, 0xff, 0xff, 0xff,
    0xff, 0xff, 0xff, 0xff, 0xff, 0x31, 0x00, 0x00, 0x00, 0x00, 0x00, 0x00,
    0x00, 0x39, 0xff, 0xff, 0xff, 0xff, 0xff, 0xff, 0xff, 0xff, 0xff, 0xff,
    0xff, 0xff, 0xff, 0xff, 0xff, 0xff, 0xff, 0xff, 0xff, 0xff, 0xff, 0xff,
    0xff, 0xff, 0xff, 0x9f, 0x02, 0x00, 0x00, 0x00, 0x00, 0x00, 0x00, 0x00,
    0x00, 0x00, 0x00, 0x00, 0x00, 0x00, 0x00, 0x00, 0x00, 0x00, 0x00, 0x00,
    0x00, 0x00, 0x00, 0x00, 0x00, 0x00, 0x00, 0x00, 0x00, 0x00, 0x00, 0x00,
    0x00, 0x00, 0x00, 0x00, 0x00, 0x00, 0x00, 0x00, 0x00, 0x00, 0x00, 0x00,
    0x00, 0x00, 0x00, 0x00, 0x00, 0x00, 0x11, 0xf7, 0xff, 0xff, 0xff, 0xff,
    0xff, 0xff, 0xff, 0xff, 0xff, 0xff, 0xff, 0xff, 0xff, 0xff, 0xff, 0xff,
    0xff, 0xff, 0xff, 0xff, 0xff, 0xff, 0xff, 0xff, 0xff, 0x95, 0x0c, 0x00,
    0x00, 0x00, 0x00, 0x00, 0x00, 0x00, 0x00, 0x00, 0x00, 0x00, 0x00, 0x00,
    0x00, 0x00, 0x00, 0x00, 0x00, 0x00, 0x00, 0x00, 0x00, 0x00, 0x00, 0x00,
    0x00, 0x00, 0x00, 0x00, 0x00, 0x00, 0x00, 0x00, 0x00, 0x00, 0x00, 0x00,
    0x00, 0x00, 0x00, 0x00, 0x00, 0x00, 0x00, 0x00, 0x00, 0x00, 0x00, 0x00,
    0x00, 0x00, 0x00, 0x84, 0xff, 0xff, 0xff, 0xff, 0xff, 0xff, 0xff, 0xff,
    0xff, 0xff, 0xff, 0xff, 0xff, 0xff, 0xff, 0xff, 0xff, 0xff, 0xff, 0xff,
    0xff, 0xff, 0xff, 0x78, 0x00, 0x00, 0x00, 0x00, 0x00, 0x00, 0x00, 0xef,
    0xff, 0xff, 0xff, 0xff, 0xff, 0xff, 0xff, 0xff, 0xff, 0xff, 0xff, 0xff,
    0xff, 0xff, 0xff, 0xff, 0xff, 0xff, 0xff, 0xff, 0xff, 0xff, 0xff, 0x0d,
    0x00, 0x00, 0x00, 0x00, 0x00, 0x00, 0x00, 0x19, 0x7e, 0xed, 0xff, 0xff,
    0xff, 0xff, 0xff, 0xff, 0xff, 0xff, 0xff, 0xff, 0xff, 0xff, 0xff, 0xff,
    0xff, 0xff, 0xff, 0xff, 0xff, 0xff, 0xff, 0xe4, 0x27, 0x00, 0x00, 0x00,
    0x00, 0x00, 0x00, 0x00, 0x00, 0x00, 0x00, 0x00, 0x00, 0x00, 0x00, 0x00,
    0x00, 0x00, 0x00, 0x00, 0x00, 0x00, 0x00, 0x00, 0x00, 0x00, 0x00, 0x00,
    0x00, 0x00, 0x00, 0xcb, 0xff, 0xff, 0xff, 0xff, 0xff, 0xff, 0xff, 0xff,
    0xff, 0xff, 0xff, 0xff, 0xff, 0xff, 0xff, 0xff, 0xff, 0xff, 0xff, 0xff,
    0xff, 0xff, 0xff, 0x31, 0x00, 0x00, 0x00, 0x00, 0x00, 0x00, 0x00, 0x04,
    0xe7, 0xff, 0xff, 0xff, 0xff, 0xff, 0xff, 0xff, 0xff, 0xff, 0xff, 0xff,
    0xff, 0xff, 0xff, 0xff, 0xff, 0xff, 0xff, 0xff, 0xff, 0xff, 0xff, 0xff,
    0xff, 0xff, 0xab, 0x14, 0x00, 0x00, 0x00, 0x00, 0x00, 0x00, 0x00, 0x00,
    0x00, 0x00, 0x00, 0x00, 0x00, 0x00, 0x00, 0x00, 0x00, 0x00, 0x00, 0x00,
    0x00, 0x00, 0x00, 0x00, 0x00, 0x00, 0x00, 0x00, 0x00, 0x00, 0x00, 0x00,
    0x00, 0x00, 0x00, 0x00, 0x00, 0x00, 0x00, 0x00, 0x00, 0x00, 0x00, 0x00,
    0x00, 0x00, 0x00, 0x00, 0x00, 0xa4, 0xff, 0xff, 0xff, 0xff, 0xff, 0xff,
    0xff, 0xff, 0xff, 0xff, 0xff, 0xff, 0xff, 0xff, 0xff, 0xff, 0xff, 0xff,
    0xff, 0xff, 0xff, 0xff, 0xff, 0xff, 0xff, 0xff, 0xea, 0x92, 0x61, 0x55,
    0x55, 0x55, 0x55, 0x55, 0x55, 0x55, 0x55, 0x55, 0x55, 0x55, 0x55, 0x55,
    0x55, 0x55, 0x55, 0x55, 0x55, 0x55, 0x55, 0x55, 0x55, 0x55, 0x55, 0x55,
    0x55, 0x55, 0x55, 0x55, 0x55, 0x55, 0x55, 0x55, 0x55, 0x55, 0x55, 0x55,
    0x55, 0x55, 0x55, 0x4d, 0x00, 0x00, 0x00, 0x00, 0x00, 0x00, 0x00, 0x00,
    0x00, 0x84, 0xff, 0xff, 0xff, 0xff, 0xff, 0xff, 0xff, 0xff, 0xff, 0xff,
    0xff, 0xff, 0xff, 0xff, 0xff, 0xff, 0xff, 0xff, 0xff, 0xff, 0xff, 0xff,
    0xff, 0x78, 0x00, 0x00, 0x00, 0x00, 0x00, 0x00, 0x00, 0xef, 0xff, 0xff,
    0xff, 0xff, 0xff, 0xff, 0xff, 0xff, 0xff, 0xff, 0xff, 0xff, 0xff, 0xff,
    0xff, 0xff, 0xff, 0xff, 0xff, 0xff, 0xff, 0xff, 0xff, 0x9e, 0x99, 0x99,
    0x99, 0x99, 0x99, 0xa5, 0xd0, 0xfc, 0xff, 0xff, 0xff, 0xff, 0xff, 0xff,
    0xff, 0xff, 0xff, 0xff, 0xff, 0xff, 0xff, 0xff, 0xff, 0xff, 0xff, 0xff,
    0xff, 0xff, 0xff, 0xff, 0xe0, 0x22, 0x00, 0x00, 0x00, 0x00, 0x00, 0x00,
    0x00, 0x00, 0x00, 0x00, 0x00, 0x00, 0x00, 0x00, 0x00, 0x00, 0x00, 0x00,
    0x00, 0x00, 0x00, 0x00, 0x00, 0x00, 0x00, 0x00, 0x00, 0x00, 0x00, 0x00,
    0x00, 0xcb, 0xff, 0xff, 0xff, 0xff, 0xff, 0xff, 0xff, 0xff, 0xff, 0xff,
    0xff, 0xff, 0xff, 0xff, 0xff, 0xff, 0xff, 0xff, 0xff, 0xff, 0xff, 0xff,
    0xff, 0x31, 0x00, 0x00, 0x00, 0x00, 0x00, 0x00, 0x00, 0x00, 0x87, 0xff,
    0xff, 0xff, 0xff, 0xff, 0xff, 0xff, 0xff, 0xff, 0xff, 0xff, 0xff, 0xff,
    0xff, 0xff, 0xff, 0xff, 0xff, 0xff, 0xff, 0xff, 0xff, 0xff, 0xff, 0xff,
    0xff, 0xf2, 0x9a, 0x65, 0x55, 0x55, 0x55, 0x55, 0x55, 0x55, 0x55, 0x55,
    0x55, 0x55, 0x55, 0x55, 0x55, 0x55, 0x55, 0x55, 0x55, 0x55, 0x55, 0x55,
    0x55, 0x55, 0x55, 0x55, 0x55, 0x55, 0x55, 0x55, 0x55, 0x55, 0x55, 0x55,
    0x55, 0x55, 0x55, 0x55, 0x55, 0x55, 0x55, 0x55, 0x55, 0x02, 0x00, 0x00,
    0x00, 0x00, 0x00, 0x35, 0xfe, 0xff, 0xff, 0xff, 0xff, 0xff, 0xff, 0xff,
    0xff, 0xff, 0xff, 0xff, 0xff, 0xff, 0xff, 0xff, 0xff, 0xff, 0xff, 0xff,
    0xff, 0xff, 0xff, 0xff, 0xff, 0xff, 0xff, 0xff, 0xff, 0xff, 0xff, 0xff,
    0xff, 0xff, 0xff, 0xff, 0xff, 0xff, 0xff, 0xff, 0xff, 0xff, 0xff, 0xff,
    0xff, 0xff, 0xff, 0xff, 0xff, 0xff, 0xff, 0xff, 0xff, 0xff, 0xff, 0xff,
    0xff, 0xff, 0xff, 0xff, 0xff, 0xff, 0xff, 0xff, 0xff, 0xff, 0xff, 0xff,
    0xff, 0xe7, 0x00, 0x00, 0x00, 0x00, 0x00, 0x00, 0x00, 0x00, 0x00, 0x84,
    0xff, 0xff, 0xff, 0xff, 0xff, 0xff, 0xff, 0xff, 0xff, 0xff, 0xff, 0xff,
    0xff, 0xff, 0xff, 0xff, 0xff, 0xff, 0xff, 0xff, 0xff, 0xff, 0xff, 0x78,
    0x00, 0x00, 0x00, 0x00, 0x00, 0x00, 0x00, 0xef, 0xff, 0xff, 0xff, 0xff,
    0xff, 0xff, 0xff, 0xff, 0xff, 0xff, 0xff, 0xff, 0xff, 0xff, 0xff, 0xff,
    0xff, 0xff, 0xff, 0xff, 0xff, 0xff, 0xff, 0xff, 0xff, 0xff, 0xff, 0xff,
    0xff, 0xff, 0xff, 0xff, 0xff, 0xff, 0xff, 0xff, 0xff, 0xff, 0xff, 0xff,
    0xff, 0xff, 0xff, 0xff, 0xff, 0xff, 0xff, 0xff, 0xff, 0xff, 0xff, 0xff,
    0xff, 0xdb, 0x1e, 0x00, 0x00, 0x00, 0x00, 0x00, 0x00, 0x00, 0x00, 0x00,
    0x00, 0x00, 0x00, 0x00, 0x00, 0x00, 0x00, 0x00, 0x00, 0x00, 0x00, 0x00,
    0x00, 0x00, 0x00, 0x00, 0x00, 0x00, 0x00, 0x00, 0x00, 0x00, 0x00, 0xcb,
    0xff, 0xff, 0xff, 0xff, 0xff, 0xff, 0xff, 0xff, 0xff, 0xff, 0xff, 0xff,
    0xff, 0xff, 0xff, 0xff, 0xff, 0xff, 0xff, 0xff, 0xff, 0xff, 0xff, 0x31,
    0x00, 0x00, 0x00, 0x00, 0x00, 0x00, 0x00, 0x00, 0x1f, 0xf8, 0xff, 0xff,
    0xff, 0xff, 0xff, 0xff, 0xff, 0xff, 0xff, 0xff, 0xff, 0xff, 0xff, 0xff,
    0xff, 0xff, 0xff, 0xff, 0xff, 0xff, 0xff, 0xff, 0xff, 0xff, 0xff, 0xff,
    0xff, 0xff, 0xff, 0xff, 0xff, 0xff, 0xff, 0xff, 0xff, 0xff, 0xff, 0xff,
    0xff, 0xff, 0xff, 0xff, 0xff, 0xff, 0xff, 0xff, 0xff, 0xff, 0xff, 0xff,
    0xff, 0xff, 0xff, 0xff, 0xff, 0xff, 0xff, 0xff, 0xff, 0xff, 0xff, 0xff,
    0xff, 0xff, 0xff, 0xff, 0xff, 0xff, 0xff, 0x06, 0x00, 0x00, 0x00, 0x00,
    0x00, 0x00, 0xad, 0xff, 0xff, 0xff, 0xff, 0xff, 0xff, 0xff, 0xff, 0xff,
    0xff, 0xff, 0xff, 0xff, 0xff, 0xff, 0xff, 0xff, 0xff, 0xff, 0xff, 0xff,
    0xff, 0xff, 0xff, 0xff, 0xff, 0xff, 0xff, 0xff, 0xff, 0xff, 0xff, 0xff,
    0xff, 0xff, 0xff, 0xff, 0xff, 0xff, 0xff, 0xff, 0xff, 0xff, 0xff, 0xff,
    0xff, 0xff, 0xff, 0xff, 0xff, 0xff, 0xff, 0xff, 0xff, 0xff, 0xff, 0xff,
    0xff, 0xff, 0xff, 0xff, 0xff, 0xff, 0xff, 0xff, 0xff, 0xff, 0xff, 0xe7,
    0x00, 0x00, 0x00, 0x00, 0x00, 0x00, 0x00, 0x00, 0x00, 0x84, 0xff, 0xff,
    0xff, 0xff, 0xff, 0xff, 0xff, 0xff, 0xff, 0xff, 0xff, 0xff, 0xff, 0xff,
    0xff, 0xff, 0xff, 0xff, 0xff, 0xff, 0xff, 0xff, 0xff, 0x78, 0x00, 0x00,
    0x00, 0x00, 0x00, 0x00, 0x00, 0xef, 0xff, 0xff, 0xff, 0xff, 0xff, 0xff,
    0xff, 0xff, 0xff, 0xff, 0xff, 0xff, 0xff, 0xff, 0xff, 0xff, 0xff, 0xff,
    0xff, 0xff, 0xff, 0xff, 0xff, 0xff, 0xff, 0xff, 0xff, 0xff, 0xff, 0xff,
    0xff, 0xff, 0xff, 0xff, 0xff, 0xff, 0xff, 0xff, 0xff, 0xff, 0xff, 0xff,
    0xff, 0xff, 0xff, 0xff, 0xff, 0xff, 0xff, 0xff, 0xff, 0xff, 0xd7, 0x1a,
    0x00, 0x00, 0x00, 0x00, 0x00, 0x00, 0x00, 0x00, 0x00, 0x00, 0x00, 0x00,
    0x00, 0x00, 0x00, 0x00, 0x00, 0x00, 0x00, 0x00, 0x00, 0x00, 0x00, 0x00,
    0x00, 0x00, 0x00, 0x00, 0x00, 0x00, 0x00, 0x00, 0x00, 0xcb, 0xff, 0xff,
    0xff, 0xff, 0xff, 0xff, 0xff, 0xff, 0xff, 0xff, 0xff, 0xff, 0xff, 0xff,
    0xff, 0xff, 0xff, 0xff, 0xff, 0xff, 0xff, 0xff, 0xff, 0x31, 0x00, 0x00,
    0x00, 0x00, 0x00, 0x00, 0x00, 0x00, 0x00, 0x8f, 0xff, 0xff, 0xff, 0xff,
    0xff, 0xff, 0xff, 0xff, 0xff, 0xff, 0xff, 0xff, 0xff, 0xff, 0xff, 0xff,
    0xff, 0xff, 0xff, 0xff, 0xff, 0xff, 0xff, 0xff, 0xff, 0xff, 0xff, 0xff,
    0xff, 0xff, 0xff, 0xff, 0xff, 0xff, 0xff, 0xff, 0xff, 0xff, 0xff, 0xff,
    0xff, 0xff, 0xff, 0xff, 0xff, 0xff, 0xff, 0xff, 0xff, 0xff, 0xff, 0xff,
    0xff, 0xff, 0xff, 0xff, 0xff, 0xff, 0xff, 0xff, 0xff, 0xff, 0xff, 0xff,
    0xff, 0xff, 0xff, 0xff, 0xff, 0x06, 0x00, 0x00, 0x00, 0x00, 0x00, 0x00,
    0x1e, 0xf0, 0xff, 0xff, 0xff, 0xff, 0xff, 0xff, 0xff, 0xff, 0xff, 0xff,
    0xff, 0xff, 0xff, 0xff, 0xff, 0xff, 0xff, 0xff, 0xff, 0xff, 0xff, 0xff,
    0xff, 0xff, 0xff, 0xff, 0xff, 0xff, 0xff, 0xff, 0xff, 0xff, 0xff, 0xff,
    0xff, 0xff, 0xff, 0xff, 0xff, 0xff, 0xff, 0xff, 0xff, 0xff, 0xff, 0xff,
    0xff, 0xff, 0xff, 0xff, 0xff, 0xff, 0xff, 0xff, 0xff, 0xff, 0xff, 0xff,
    0xff, 0xff, 0xff, 0xff, 0xff, 0xff, 0xff, 0xff, 0xff, 0xe7, 0x00, 0x00,
    0x00, 0x00, 0x00, 0x00, 0x00, 0x00, 0x00, 0x84, 0xff, 0xff, 0xff, 0xff,
    0xff, 0xff, 0xff, 0xff, 0xff, 0xff, 0xff, 0xff, 0xff, 0xff, 0xff, 0xff,
    0xff, 0xff, 0xff, 0xff, 0xff, 0xff, 0xff, 0x78, 0x00, 0x00, 0x00, 0x00,
    0x00, 0x00, 0x00, 0xef, 0xff, 0xff, 0xff, 0xff, 0xff, 0xff, 0xff, 0xff,
    0xff, 0xff, 0xff, 0xff, 0xff, 0xff, 0xff, 0xff, 0xff, 0xff, 0xff, 0xff,
    0xff, 0xff, 0xff, 0xff, 0xff, 0xff, 0xff, 0xff, 0xff, 0xff, 0xff, 0xff,
    0xff, 0xff, 0xff, 0xff, 0xff, 0xff, 0xff, 0xff, 0xff, 0xff, 0xff, 0xff,
    0xff, 0xff, 0xff, 0xff, 0xff, 0xff, 0xff, 0xc9, 0x15, 0x00, 0x00, 0x00,
    0x00, 0x00, 0x00, 0x00, 0x00, 0x00, 0x00, 0x00, 0x00, 0x00, 0x00, 0x00,
    0x00, 0x00, 0x00, 0x00, 0x00, 0x00, 0x00, 0x00, 0x00, 0x00, 0x00, 0x00,
    0x00, 0x00, 0x00, 0x00, 0x00, 0x00, 0x00, 0xcb, 0xff, 0xff, 0xff, 0xff,
    0xff, 0xff, 0xff, 0xff, 0xff, 0xff, 0xff, 0xff, 0xff, 0xff, 0xff, 0xff,
    0xff, 0xff, 0xff, 0xff, 0xff, 0xff, 0xff, 0x31, 0x00, 0x00, 0x00, 0x00,
    0x00, 0x00, 0x00, 0x00, 0x00, 0x0f, 0xe1, 0xff, 0xff, 0xff, 0xff, 0xff,
    0xff, 0xff, 0xff, 0xff, 0xff, 0xff, 0xff, 0xff, 0xff, 0xff, 0xff, 0xff,
    0xff, 0xff, 0xff, 0xff, 0xff, 0xff, 0xff, 0xff, 0xff, 0xff, 0xff, 0xff,
    0xff, 0xff, 0xff, 0xff, 0xff, 0xff, 0xff, 0xff, 0xff, 0xff, 0xff, 0xff,
    0xff, 0xff, 0xff, 0xff, 0xff, 0xff, 0xff, 0xff, 0xff, 0xff, 0xff, 0xff,
    0xff, 0xff, 0xff, 0xff, 0xff, 0xff, 0xff, 0xff, 0xff, 0xff, 0xff, 0xff,
    0xff, 0xff, 0xff, 0x06, 0x00, 0x00, 0x00, 0x00, 0x00, 0x00, 0x00, 0x59,
    0xfe, 0xff, 0xff, 0xff, 0xff, 0xff, 0xff, 0xff, 0xff, 0xff, 0xff, 0xff,
    0xff, 0xff, 0xff, 0xff, 0xff, 0xff, 0xff, 0xff, 0xff, 0xff, 0xff, 0xff,
    0xff, 0xff, 0xff, 0xff, 0xff, 0xff, 0xff, 0xff, 0xff, 0xff, 0xff, 0xff,
    0xff, 0xff, 0xff, 0xff, 0xff, 0xff, 0xff, 0xff, 0xff, 0xff, 0xff, 0xff,
    0xff, 0xff, 0xff, 0xff, 0xff, 0xff, 0xff, 0xff, 0xff, 0xff, 0xff, 0xff,
    0xff, 0xff, 0xff, 0xff, 0xff, 0xff, 0xff, 0xe7, 0x00, 0x00, 0x00, 0x00,
    0x00, 0x00, 0x00, 0x00, 0x00, 0x84, 0xff, 0xff, 0xff, 0xff, 0xff, 0xff,
    0xff, 0xff, 0xff, 0xff, 0xff, 0xff, 0xff, 0xff, 0xff, 0xff, 0xff, 0xff,
    0xff, 0xff, 0xff, 0xff, 0xff, 0x78, 0x00, 0x00, 0x00, 0x00, 0x00, 0x00,
    0x00, 0xef, 0xff, 0xff, 0xff, 0xff, 0xff, 0xff, 0xff, 0xff, 0xff, 0xff,
    0xff, 0xff, 0xff, 0xff, 0xff, 0xff, 0xff, 0xff, 0xff, 0xff, 0xff, 0xff,
    0xff, 0xff, 0xff, 0xff, 0xff, 0xff, 0xff, 0xff, 0xff, 0xff, 0xff, 0xff,
    0xff, 0xff, 0xff, 0xff, 0xff, 0xff, 0xff, 0xff, 0xff, 0xff, 0xff, 0xff,
    0xff, 0xff, 0xff, 0xff, 0xb5, 0x0b, 0x00, 0x00, 0x00, 0x00, 0x00, 0x00,
    0x00, 0x00, 0x00, 0x00, 0x00, 0x00, 0x00, 0x00, 0x00, 0x00, 0x00, 0x00,
    0x00, 0x00, 0x00, 0x00, 0x00, 0x00, 0x00, 0x00, 0x00, 0x00, 0x00, 0x00,
    0x00, 0x00, 0x00, 0x00, 0x00, 0xcb, 0xff, 0xff, 0xff, 0xff, 0xff, 0xff,
    0xff, 0xff, 0xff, 0xff, 0xff, 0xff, 0xff, 0xff, 0xff, 0xff, 0xff, 0xff,
    0xff, 0xff, 0xff, 0xff, 0xff, 0x31, 0x00, 0x00, 0x00, 0x00, 0x00, 0x00,
    0x00, 0x00, 0x00, 0x00, 0x3f, 0xfa, 0xff, 0xff, 0xff, 0xff, 0xff, 0xff,
    0xff, 0xff, 0xff, 0xff, 0xff, 0xff, 0xff, 0xff, 0xff, 0xff, 0xff, 0xff,
    0xff, 0xff, 0xff, 0xff, 0xff, 0xff, 0xff, 0xff, 0xff, 0xff, 0xff, 0xff,
    0xff, 0xff, 0xff, 0xff, 0xff, 0xff, 0xff, 0xff, 0xff, 0xff, 0xff, 0xff,
    0xff, 0xff, 0xff, 0xff, 0xff, 0xff, 0xff, 0xff, 0xff, 0xff, 0xff, 0xff,
    0xff, 0xff, 0xff, 0xff, 0xff, 0xff, 0xff, 0xff, 0xff, 0xff, 0xff, 0xff,
    0xff, 0x06, 0x00, 0x00, 0x00, 0x00, 0x00, 0x00, 0x00, 0x00, 0x7e, 0xff,
    0xff, 0xff, 0xff, 0xff, 0xff, 0xff, 0xff, 0xff, 0xff, 0xff, 0xff, 0xff,
    0xff, 0xff, 0xff, 0xff, 0xff, 0xff, 0xff, 0xff, 0xff, 0xff, 0xff, 0xff,
    0xff, 0xff, 0xff, 0xff, 0xff, 0xff, 0xff, 0xff, 0xff, 0xff, 0xff, 0xff,
    0xff, 0xff, 0xff, 0xff, 0xff, 0xff, 0xff, 0xff, 0xff, 0xff, 0xff, 0xff,
    0xff, 0xff, 0xff, 0xff, 0xff, 0xff, 0xff, 0xff, 0xff, 0xff, 0xff, 0xff,
    0xff, 0xff, 0xff, 0xff, 0xff, 0xe7, 0x00, 0x00, 0x00, 0x00, 0x00, 0x00,
    0x00, 0x00, 0x00, 0x84, 0xff, 0xff, 0xff, 0xff, 0xff, 0xff, 0xff, 0xff,
    0xff, 0xff, 0xff, 0xff, 0xff, 0xff, 0xff, 0xff, 0xff, 0xff, 0xff, 0xff,
    0xff, 0xff, 0xff, 0x78, 0x00, 0x00, 0x00, 0x00, 0x00, 0x00, 0x00, 0xef,
    0xff, 0xff, 0xff, 0xff, 0xff, 0xff, 0xff, 0xff, 0xff, 0xff, 0xff, 0xff,
    0xff, 0xff, 0xff, 0xff, 0xff, 0xff, 0xff, 0xff, 0xff, 0xff, 0xff, 0xff,
    0xff, 0xff, 0xff, 0xff, 0xff, 0xff, 0xff, 0xff, 0xff, 0xff, 0xff, 0xff,
    0xff, 0xff, 0xff, 0xff, 0xff, 0xff, 0xff, 0xff, 0xff, 0xff, 0xff, 0xff,
    0xfe, 0x8b, 0x04, 0x00, 0x00, 0x00, 0x00, 0x00, 0x00, 0x00, 0x00, 0x00,
    0x00, 0x00, 0x00, 0x00, 0x00, 0x00, 0x00, 0x00, 0x00, 0x00, 0x00, 0x00,
    0x00, 0x00, 0x00, 0x00, 0x00, 0x00, 0x00, 0x00, 0x00, 0x00, 0x00, 0x00,
    0x00, 0x00, 0x00, 0xcb, 0xff, 0xff, 0xff, 0xff, 0xff, 0xff, 0xff, 0xff,
    0xff, 0xff, 0xff, 0xff, 0xff, 0xff, 0xff, 0xff, 0xff, 0xff, 0xff, 0xff,
    0xff, 0xff, 0xff, 0x31, 0x00, 0x00, 0x00, 0x00, 0x00, 0x00, 0x00, 0x00,
    0x00, 0x00, 0x00, 0x62, 0xfe, 0xff, 0xff, 0xff, 0xff, 0xff, 0xff, 0xff,
    0xff, 0xff, 0xff, 0xff, 0xff, 0xff, 0xff, 0xff, 0xff, 0xff, 0xff, 0xff,
    0xff, 0xff, 0xff, 0xff, 0xff, 0xff, 0xff, 0xff, 0xff, 0xff, 0xff, 0xff,
    0xff, 0xff, 0xff, 0xff, 0xff, 0xff, 0xff, 0xff, 0xff, 0xff, 0xff, 0xff,
    0xff, 0xff, 0xff, 0xff, 0xff, 0xff, 0xff, 0xff, 0xff, 0xff, 0xff, 0xff,
    0xff, 0xff, 0xff, 0xff, 0xff, 0xff, 0xff, 0xff, 0xff, 0xff, 0xff, 0x06,
    0x00, 0x00, 0x00, 0x00, 0x00, 0x00, 0x00, 0x00, 0x00, 0x7e, 0xff, 0xff,
    0xff, 0xff, 0xff, 0xff, 0xff, 0xff, 0xff, 0xff, 0xff, 0xff, 0xff, 0xff,
    0xff, 0xff, 0xff, 0xff, 0xff, 0xff, 0xff, 0xff, 0xff, 0xff, 0xff, 0xff,
    0xff, 0xff, 0xff, 0xff, 0xff, 0xff, 0xff, 0xff, 0xff, 0xff, 0xff, 0xff,
    0xff, 0xff, 0xff, 0xff, 0xff, 0xff, 0xff, 0xff, 0xff, 0xff, 0xff, 0xff,
    0xff, 0xff, 0xff, 0xff, 0xff, 0xff, 0xff, 0xff, 0xff, 0xff, 0xff, 0xff,
    0xff, 0xff, 0xff, 0xe7, 0x00, 0x00, 0x00, 0x00, 0x00, 0x00, 0x00, 0x00,
    0x00, 0x84, 0xff, 0xff, 0xff, 0xff, 0xff, 0xff, 0xff, 0xff, 0xff, 0xff,
    0xff, 0xff, 0xff, 0xff, 0xff, 0xff, 0xff, 0xff, 0xff, 0xff, 0xff, 0xff,
    0xff, 0x78, 0x00, 0x00, 0x00, 0x00, 0x00, 0x00, 0x00, 0xef, 0xff, 0xff,
    0xff, 0xff, 0xff, 0xff, 0xff, 0xff, 0xff, 0xff, 0xff, 0xff, 0xff, 0xff,
    0xff, 0xff, 0xff, 0xff, 0xff, 0xff, 0xff, 0xff, 0xff, 0xff, 0xff, 0xff,
    0xff, 0xff, 0xff, 0xff, 0xff, 0xff, 0xff, 0xff, 0xff, 0xff, 0xff, 0xff,
    0xff, 0xff, 0xff, 0xff, 0xff, 0xff, 0xff, 0xff, 0xff, 0xeb, 0x4b, 0x00,
    0x00, 0x00, 0x00, 0x00, 0x00, 0x00, 0x00, 0x00, 0x00, 0x00, 0x00, 0x00,
    0x00, 0x00, 0x00, 0x00, 0x00, 0x00, 0x00, 0x00, 0x00, 0x00, 0x00, 0x00,
    0x00, 0x00, 0x00, 0x00, 0x00, 0x00, 0x00, 0x00, 0x00, 0x00, 0x00, 0x00,
    0x00, 0xcb, 0xff, 0xff, 0xff, 0xff, 0xff, 0xff, 0xff, 0xff, 0xff, 0xff,
    0xff, 0xff, 0xff, 0xff, 0xff, 0xff, 0xff, 0xff, 0xff, 0xff, 0xff, 0xff,
    0xff, 0x31, 0x00, 0x00, 0x00, 0x00, 0x00, 0x00, 0x00, 0x00, 0x00, 0x00,
    0x00, 0x00, 0x63, 0xfc, 0xff, 0xff, 0xff, 0xff, 0xff, 0xff, 0xff, 0xff,
    0xff, 0xff, 0xff, 0xff, 0xff, 0xff, 0xff, 0xff, 0xff, 0xff, 0xff, 0xff,
    0xff, 0xff, 0xff, 0xff, 0xff, 0xff, 0xff, 0xff, 0xff, 0xff, 0xff, 0xff,
    0xff, 0xff, 0xff, 0xff, 0xff, 0xff, 0xff, 0xff, 0xff, 0xff, 0xff, 0xff,
    0xff, 0xff, 0xff, 0xff, 0xff, 0xff, 0xff, 0xff, 0xff, 0xff, 0xff, 0xff,
    0xff, 0xff, 0xff, 0xff, 0xff, 0xff, 0xff, 0xff, 0xff, 0x06, 0x00, 0x00,
    0x00, 0x00, 0x00, 0x00, 0x00, 0x00, 0x00, 0x00, 0x49, 0xe6, 0xff, 0xff,
    0xff, 0xff, 0xff, 0xff, 0xff, 0xff, 0xff, 0xff, 0xff, 0xff, 0xff, 0xff,
    0xff, 0xff, 0xff, 0xff, 0xff, 0xff, 0xff, 0xff, 0xff, 0xff, 0xff, 0xff,
    0xff, 0xff, 0xff, 0xff, 0xff, 0xff, 0xff, 0xff, 0xff, 0xff, 0xff, 0xff,
    0xff, 0xff, 0xff, 0xff, 0xff, 0xff, 0xff, 0xff, 0xff, 0xff, 0xff, 0xff,
    0xff, 0xff, 0xff, 0xff, 0xff, 0xff, 0xff, 0xff, 0xff, 0xff, 0xff, 0xff,
    0xff, 0xe7, 0x00, 0x00, 0x00, 0x00, 0x00, 0x00, 0x00, 0x00, 0x00, 0x84,
    0xff, 0xff, 0xff, 0xff, 0xff, 0xff, 0xff, 0xff, 0xff, 0xff, 0xff, 0xff,
    0xff, 0xff, 0xff, 0xff, 0xff, 0xff, 0xff, 0xff, 0xff, 0xff, 0xff, 0x78,
    0x00, 0x00, 0x00, 0x00, 0x00, 0x00, 0x00, 0xef, 0xff, 0xff, 0xff, 0xff,
    0xff, 0xff, 0xff, 0xff, 0xff, 0xff, 0xff, 0xff, 0xff, 0xff, 0xff, 0xff,
    0xff, 0xff, 0xff, 0xff, 0xff, 0xff, 0xff, 0xff, 0xff, 0xff, 0xff, 0xff,
    0xff, 0xff, 0xff, 0xff, 0xff, 0xff, 0xff, 0xff, 0xff, 0xff, 0xff, 0xff,
    0xff, 0xff, 0xff, 0xff, 0xff, 0xff, 0xb6, 0x1b, 0x00, 0x00, 0x00, 0x00,
    0x00, 0x00, 0x00, 0x00, 0x00, 0x00, 0x00, 0x00, 0x00, 0x00, 0x00, 0x00,
    0x00, 0x00, 0x00, 0x00, 0x00, 0x00, 0x00, 0x00, 0x00, 0x00, 0x00, 0x00,
    0x00, 0x00, 0x00, 0x00, 0x00, 0x00, 0x00, 0x00, 0x00, 0x00, 0x00, 0xcb,
    0xff, 0xff, 0xff, 0xff, 0xff, 0xff, 0xff, 0xff, 0xff, 0xff, 0xff, 0xff,
    0xff, 0xff, 0xff, 0xff, 0xff, 0xff, 0xff, 0xff, 0xff, 0xff, 0xff, 0x31,
    0x00, 0x00, 0x00, 0x00, 0x00, 0x00, 0x00, 0x00, 0x00, 0x00, 0x00, 0x00,
    0x00, 0x39, 0xdb, 0xff, 0xff, 0xff, 0xff, 0xff, 0xff, 0xff, 0xff, 0xff,
    0xff, 0xff, 0xff, 0xff, 0xff, 0xff, 0xff, 0xff, 0xff, 0xff, 0xff, 0xff,
    0xff, 0xff, 0xff, 0xff, 0xff, 0xff, 0xff, 0xff, 0xff, 0xff, 0xff, 0xff,
    0xff, 0xff, 0xff, 0xff, 0xff, 0xff, 0xff, 0xff, 0xff, 0xff, 0xff, 0xff,
    0xff, 0xff, 0xff, 0xff, 0xff, 0xff, 0xff, 0xff, 0xff, 0xff, 0xff, 0xff,
    0xff, 0xff, 0xff, 0xff, 0xff, 0xff, 0xff, 0x06, 0x00, 0x00, 0x00, 0x00,
    0x00, 0x00, 0x00, 0x00, 0x00, 0x00, 0x00, 0x17, 0xae, 0xff, 0xff, 0xff,
    0xff, 0xff, 0xff, 0xff, 0xff, 0xff, 0xff, 0xff, 0xff, 0xff, 0xff, 0xff,
    0xff, 0xff, 0xff, 0xff, 0xff, 0xff, 0xff, 0xff, 0xff, 0xff, 0xff, 0xff,
    0xff, 0xff, 0xff, 0xff, 0xff, 0xff, 0xff, 0xff, 0xff, 0xff, 0xff, 0xff,
    0xff, 0xff, 0xff, 0xff, 0xff, 0xff, 0xff, 0xff, 0xff, 0xff, 0xff, 0xff,
    0xff, 0xff, 0xff, 0xff, 0xff, 0xff, 0xff, 0xff, 0xff, 0xff, 0xff, 0xe7,
    0x00, 0x00, 0x00, 0x00, 0x00, 0x00, 0x00, 0x00, 0x00, 0x84, 0xff, 0xff,
    0xff, 0xff, 0xff, 0xff, 0xff, 0xff, 0xff, 0xff, 0xff, 0xff, 0xff, 0xff,
    0xff, 0xff, 0xff, 0xff, 0xff, 0xff, 0xff, 0xff, 0xff, 0x78, 0x00, 0x00,
    0x00, 0x00, 0x00, 0x00, 0x00, 0xef, 0xff, 0xff, 0xff, 0xff, 0xff, 0xff,
    0xff, 0xff, 0xff, 0xff, 0xff, 0xff, 0xff, 0xff, 0xff, 0xff, 0xff, 0xff,
    0xff, 0xff, 0xff, 0xff, 0xff, 0xff, 0xff, 0xff, 0xff, 0xff, 0xff, 0xff,
    0xff, 0xff, 0xff, 0xff, 0xff, 0xff, 0xff, 0xff, 0xff, 0xff, 0xff, 0xff,
    0xff, 0xff, 0xea, 0x60, 0x00, 0x00, 0x00, 0x00, 0x00, 0x00, 0x00, 0x00,
    0x00, 0x00, 0x00, 0x00, 0x00, 0x00, 0x00, 0x00, 0x00, 0x00, 0x00, 0x00,
    0x00, 0x00, 0x00, 0x00, 0x00, 0x00, 0x00, 0x00, 0x00, 0x00, 0x00, 0x00,
    0x00, 0x00, 0x00, 0x00, 0x00, 0x00, 0x00, 0x00, 0x00, 0xcb, 0xff, 0xff,
    0xff, 0xff, 0xff, 0xff, 0xff, 0xff, 0xff, 0xff, 0xff, 0xff, 0xff, 0xff,
    0xff, 0xff, 0xff, 0xff, 0xff, 0xff, 0xff, 0xff, 0xff, 0x31, 0x00, 0x00,
    0x00, 0x00, 0x00, 0x00, 0x00, 0x00, 0x00, 0x00, 0x00, 0x00, 0x00, 0x00,
    0x0e, 0x9b, 0xfc, 0xff, 0xff, 0xff, 0xff, 0xff, 0xff, 0xff, 0xff, 0xff,
    0xff, 0xff, 0xff, 0xff, 0xff, 0xff, 0xff, 0xff, 0xff, 0xff, 0xff, 0xff,
    0xff, 0xff, 0xff, 0xff, 0xff, 0xff, 0xff, 0xff, 0xff, 0xff, 0xff, 0xff,
    0xff, 0xff, 0xff, 0xff, 0xff, 0xff, 0xff, 0xff, 0xff, 0xff, 0xff, 0xff,
    0xff, 0xff, 0xff, 0xff, 0xff, 0xff, 0xff, 0xff, 0xff, 0xff, 0xff, 0xff,
    0xff, 0xff, 0xff, 0xff, 0xff, 0x06, 0x00, 0x00, 0x00, 0x00, 0x00, 0x00,
    0x00, 0x00, 0x00, 0x00, 0x00, 0x00, 0x00, 0x33, 0xae, 0xfd, 0xff, 0xff,
    0xff, 0xff, 0xff, 0xff, 0xff, 0xff, 0xff, 0xff, 0xff, 0xff, 0xff, 0xff,
    0xff, 0xff, 0xff, 0xff, 0xff, 0xff, 0xff, 0xff, 0xff, 0xff, 0xff, 0xff,
    0xff, 0xff, 0xff, 0xff, 0xff, 0xff, 0xff, 0xff, 0xff, 0xff, 0xff, 0xff,
    0xff, 0xff, 0xff, 0xff, 0xff, 0xff, 0xff, 0xff, 0xff, 0xff, 0xff, 0xff,
    0xff, 0xff, 0xff, 0xff, 0xff, 0xff, 0xff, 0xff, 0xff, 0xe7, 0x00, 0x00,
    0x00, 0x00, 0x00, 0x00, 0x00, 0x00, 0x00, 0x84, 0xff, 0xff, 0xff, 0xff,
    0xff, 0xff, 0xff, 0xff, 0xff, 0xff, 0xff, 0xff, 0xff, 0xff, 0xff, 0xff,
    0xff, 0xff, 0xff, 0xff, 0xff, 0xff, 0xff, 0x78, 0x00, 0x00, 0x00, 0x00,
    0x00, 0x00, 0x00, 0xef, 0xff, 0xff, 0xff, 0xff, 0xff, 0xff, 0xff, 0xff,
    0xff, 0xff, 0xff, 0xff, 0xff, 0xff, 0xff, 0xff, 0xff, 0xff, 0xff, 0xff,
    0xff, 0xff, 0xff, 0xff, 0xff, 0xff, 0xff, 0xff, 0xff, 0xff, 0xff, 0xff,
    0xff, 0xff, 0xff, 0xff, 0xff, 0xff, 0xff, 0xff, 0xff, 0xff, 0xe9, 0x7f,
    0x0e, 0x00, 0x00, 0x00, 0x00, 0x00, 0x00, 0x00, 0x00, 0x00, 0x00, 0x00,
    0x00, 0x00, 0x00, 0x00, 0x00, 0x00, 0x00, 0x00, 0x00, 0x00, 0x00, 0x00,
    0x00, 0x00, 0x00, 0x00, 0x00, 0x00, 0x00, 0x00, 0x00, 0x00, 0x00, 0x00,
    0x00, 0x00, 0x00, 0x00, 0x00, 0x00, 0x00, 0xcb, 0xff, 0xff, 0xff, 0xff,
    0xff, 0xff, 0xff, 0xff, 0xff, 0xff, 0xff, 0xff, 0xff, 0xff, 0xff, 0xff,
    0xff, 0xff, 0xff, 0xff, 0xff, 0xff, 0xff, 0x31, 0x00, 0x00, 0x00, 0x00,
    0x00, 0x00, 0x00, 0x00, 0x00, 0x00, 0x00, 0x00, 0x00, 0x00, 0x00, 0x00,
    0x26, 0x9f, 0xf9, 0xff, 0xff, 0xff, 0xff, 0xff, 0xff, 0xff, 0xff, 0xff,
    0xff, 0xff, 0xff, 0xff, 0xff, 0xff, 0xff, 0xff, 0xff, 0xff, 0xff, 0xff,
    0xff, 0xff, 0xff, 0xff, 0xff, 0xff, 0xff, 0xff, 0xff, 0xff, 0xff, 0xff,
    0xff, 0xff, 0xff, 0xff, 0xff, 0xff, 0xff, 0xff, 0xff, 0xff, 0xff, 0xff,
    0xff, 0xff, 0xff, 0xff, 0xff, 0xff, 0xff, 0xff, 0xff, 0xff, 0xff, 0xff,
    0xff, 0xff, 0xff, 0x06, 0x00, 0x00, 0x00, 0x00, 0x00, 0x00, 0x00, 0x00,
    0x00, 0x00, 0x00, 0x00, 0x00, 0x00, 0x00, 0x18, 0x6b, 0xb4, 0xe7, 0xee,
    0xee, 0xee, 0xee, 0xee, 0xee, 0xee, 0xee, 0xee, 0xee, 0xee, 0xee, 0xee,
    0xee, 0xee, 0xee, 0xee, 0xee, 0xee, 0xee, 0xee, 0xee, 0xee, 0xee, 0xee,
    0xee, 0xee, 0xee, 0xee, 0xee, 0xee, 0xee, 0xee, 0xee, 0xee, 0xee, 0xee,
    0xee, 0xee, 0xee, 0xee, 0xee, 0xee, 0xee, 0xee, 0xee, 0xee, 0xee, 0xee,
    0xee, 0xee, 0xee, 0xee, 0xee, 0xee, 0xee, 0xd8, 0x00, 0x00, 0x00, 0x00,
    0x00, 0x00, 0x00, 0x00, 0x00, 0x47, 0x88, 0x88, 0x88, 0x88, 0x88, 0x88,
    0x88, 0x88, 0x88, 0x88, 0x88, 0x88, 0x88, 0x88, 0x88, 0x88, 0x88, 0x88,
    0x88, 0x88, 0x88, 0x88, 0x88, 0x40, 0x00, 0x00, 0x00, 0x00, 0x00, 0x00,
    0x00, 0xdf, 0xee, 0xee, 0xee, 0xee, 0xee, 0xee, 0xee, 0xee, 0xee, 0xee,
    0xee, 0xee, 0xee, 0xee, 0xee, 0xee, 0xee, 0xee, 0xee, 0xee, 0xee, 0xee,
    0xee, 0xee, 0xee, 0xee, 0xee, 0xee, 0xee, 0xee, 0xee, 0xee, 0xee, 0xee,
    0xee, 0xee, 0xee, 0xee, 0xee, 0xcd, 0x98, 0x4c, 0x07, 0x00, 0x00, 0x00,
    0x00, 0x00, 0x00, 0x00, 0x00, 0x00, 0x00, 0x00, 0x00, 0x00, 0x00, 0x00,
    0x00, 0x00, 0x00, 0x00, 0x00, 0x00, 0x00, 0x00, 0x00, 0x00, 0x00, 0x00,
    0x00, 0x00, 0x00, 0x00, 0x00, 0x00, 0x00, 0x00, 0x00, 0x00, 0x00, 0x00,
    0x00, 0x00, 0x00, 0x00, 0x00, 0x7a, 0x99, 0x99, 0x99, 0x99, 0x99, 0x99,
    0x99, 0x99, 0x99, 0x99, 0x99, 0x99, 0x99, 0x99, 0x99, 0x99, 0x99, 0x99,
    0x99, 0x99, 0x99, 0x99, 0x99, 0x1d, 0x00, 0x00, 0x00, 0x00, 0x00, 0x00,
    0x00, 0x00, 0x00, 0x00, 0x00, 0x00, 0x00, 0x00, 0x00, 0x00, 0x00, 0x00,
    0x11, 0x60, 0xad, 0xe3, 0xee, 0xee, 0xee, 0xee, 0xee, 0xee, 0xee, 0xee,
    0xee, 0xee, 0xee, 0xee, 0xee, 0xee, 0xee, 0xee, 0xee, 0xee, 0xee, 0xee,
    0xee, 0xee, 0xee, 0xee, 0xee, 0xee, 0xee, 0xee, 0xee, 0xee, 0xee, 0xee,
    0xee, 0xee, 0xee, 0xee, 0xee, 0xee, 0xee, 0xee, 0xee, 0xee, 0xee, 0xee,
    0xee, 0xee, 0xee, 0xee, 0xee, 0xee, 0xee, 0xee, 0xee, 0xee, 0xee, 0xee,
    0xee, 0x06, 0x00, 0x00, 0x00, 0x00, 0x00, 0x00, 0x00, 0x00, 0x00, 0x00,
    0x00, 0x00, 0x00, 0x00, 0x00, 0x00, 0x00, 0x00, 0x00, 0x00, 0x00, 0x00,
    0x00, 0x00, 0x00, 0x00, 0x00, 0x00, 0x00, 0x00, 0x00, 0x00, 0x00, 0x00,
    0x00, 0x00, 0x00, 0x00, 0x00, 0x00, 0x00, 0x00, 0x00, 0x00, 0x00, 0x00,
    0x00, 0x00, 0x00, 0x00, 0x00, 0x00, 0x00, 0x00, 0x00, 0x00, 0x00, 0x00,
    0x00, 0x00, 0x00, 0x00, 0x00, 0x00, 0x00, 0x00, 0x00, 0x00, 0x00, 0x00,
    0x00, 0x00, 0x00, 0x00, 0x00, 0x00, 0x00, 0x00, 0x00, 0x00, 0x00, 0x00,
    0x00, 0x00, 0x00, 0x00, 0x00, 0x00, 0x00, 0x00, 0x00, 0x00, 0x00, 0x00,
    0x00, 0x00, 0x00, 0x00, 0x00, 0x00, 0x00, 0x00, 0x00, 0x00, 0x00, 0x00,
    0x00, 0x00, 0x00, 0x00, 0x00, 0x00, 0x00, 0x00, 0x00, 0x00, 0x00, 0x00,
    0x00, 0x00, 0x00, 0x00, 0x00, 0x00, 0x00, 0x00, 0x00, 0x00, 0x00, 0x00,
    0x00, 0x00, 0x00, 0x00, 0x00, 0x00, 0x00, 0x00, 0x00, 0x00, 0x00, 0x00,
    0x00, 0x00, 0x00, 0x00, 0x00, 0x00, 0x00, 0x00, 0x00, 0x00, 0x00, 0x00,
    0x00, 0x00, 0x00, 0x00, 0x00, 0x00, 0x00, 0x00, 0x00, 0x00, 0x00, 0x00,
    0x00, 0x00, 0x00, 0x00, 0x00, 0x00, 0x00, 0x00, 0x00, 0x00, 0x00, 0x00,
    0x00, 0x00, 0x00, 0x00, 0x00, 0x00, 0x00, 0x00, 0x00, 0x00, 0x00, 0x00,
    0x00, 0x00, 0x00, 0x00, 0x00, 0x00, 0x00, 0x00, 0x00, 0x00, 0x00, 0x00,
    0x00, 0x00, 0x00, 0x00, 0x00, 0x00, 0x00, 0x00, 0x00, 0x00, 0x00, 0x00,
    0x00, 0x00, 0x00, 0x00, 0x00, 0x00, 0x00, 0x00, 0x00, 0x00, 0x00, 0x00,
    0x00, 0x00, 0x00, 0x00, 0x00, 0x00, 0x00, 0x00, 0x00, 0x00, 0x00, 0x00,
    0x00, 0x00, 0x00, 0x00, 0x00, 0x00, 0x00, 0x00, 0x00, 0x00, 0x00, 0x00,
    0x00, 0x00, 0x00, 0x00, 0x00, 0x00, 0x00, 0x00, 0x00, 0x00, 0x00, 0x00,
    0x00, 0x00, 0x00, 0x00, 0x00, 0x00, 0x00, 0x00, 0x00, 0x00, 0x00, 0x00,
    0x00, 0x00, 0x00, 0x00, 0x00, 0x00, 0x00, 0x00, 0x00, 0x00, 0x00, 0x00,
    0x00, 0x00, 0x00, 0x00, 0x00, 0x00, 0x00, 0x00, 0x00, 0x00, 0x00, 0x00,
    0x00, 0x00, 0x00, 0x00, 0x00, 0x00, 0x00, 0x00, 0x00, 0x00, 0x00, 0x00,
    0x00, 0x00, 0x00, 0x00, 0x00, 0x00, 0x00, 0x00, 0x00, 0x00, 0x00, 0x00,
    0x00, 0x00, 0x00, 0x00, 0x00, 0x00, 0x00, 0x00, 0x00, 0x00, 0x00, 0x00,
    0x00, 0x00, 0x00, 0x00, 0x00, 0x00, 0x00, 0x00, 0x00, 0x00, 0x00, 0x00,
    0x00, 0x00, 0x00, 0x00, 0x00, 0x00, 0x00, 0x00, 0x00, 0x00, 0x00, 0x00,
    0x00, 0x00, 0x00, 0x00, 0x00, 0x00, 0x00, 0x00, 0x00, 0x00, 0x00, 0x00,
    0x00, 0x00, 0x00, 0x00, 0x00, 0x00, 0x00, 0x00, 0x00, 0x00, 0x00, 0x00,
    0x00, 0x00, 0x00, 0x00, 0x00, 0x00, 0x00, 0x00, 0x00, 0x00, 0x00, 0x00,
    0x00, 0x00, 0x00, 0x00, 0x00, 0x00, 0x00, 0x00, 0x00, 0x00, 0x00, 0x00,
    0x00, 0x00, 0x00, 0x00, 0x00, 0x00, 0x00, 0x00, 0x00, 0x00, 0x00, 0x00,
    0x00, 0x00, 0x00, 0x00, 0x00, 0x00, 0x00, 0x00, 0x00, 0x00, 0x00, 0x00,
    0x00, 0x00, 0x00, 0x00, 0x00, 0x00, 0x00, 0x00, 0x00, 0x00, 0x00, 0x00,
    0x00, 0x00, 0x00, 0x00, 0x00, 0x00, 0x00, 0x00, 0x00, 0x00, 0x00, 0x00,
    0x00, 0x00, 0x00, 0x00, 0x00, 0x00, 0x00, 0x00, 0x00, 0x00, 0x00, 0x00,
    0x00, 0x00, 0x00, 0x00, 0x00, 0x00, 0x00, 0x00, 0x00, 0x00, 0x00, 0x00,
    0x00, 0x00, 0x00, 0x00, 0x00, 0x00, 0x00, 0x00, 0x00, 0x00, 0x00, 0x00,
    0x00, 0x00, 0x00, 0x00, 0x00, 0x00, 0x00, 0x00, 0x00, 0x00, 0x00, 0x00,
    0x00, 0x00, 0x00, 0x00, 0x00, 0x00, 0x00, 0x00, 0x00, 0x00, 0x00, 0x00,
    0x00, 0x00, 0x00, 0x00, 0x00, 0x00, 0x00, 0x00, 0x00, 0x00, 0x00, 0x00,
    0x00, 0x00, 0x00, 0x00, 0x00, 0x00, 0x00, 0x00, 0x00, 0x00, 0x00, 0x00,
    0x00, 0x00, 0x00, 0x00, 0x00, 0x00, 0x00, 0x00, 0x00, 0x00, 0x00, 0x00,
    0x00, 0x00, 0x00, 0x00, 0x00, 0x00, 0x00, 0x00, 0x00, 0x00, 0x00, 0x00,
    0x00, 0x00, 0x00, 0x00, 0x00, 0x00, 0x00, 0x00, 0x00, 0x00, 0x00, 0x00,
    0x00, 0x00, 0x00, 0x00, 0x00, 0x00, 0x00, 0x00, 0x00, 0x00, 0x00, 0x00,
    0x00, 0x00, 0x00, 0x00, 0x00, 0x00, 0x00, 0x00, 0x00, 0x00, 0x00, 0x00,
    0x00, 0x00, 0x00, 0x00, 0x00, 0x00, 0x00, 0x00, 0x00, 0x00, 0x00, 0x00,
    0x00, 0x00, 0x00, 0x00, 0x00, 0x00, 0x00, 0x00, 0x00, 0x00, 0x00, 0x00,
};

const lv_image_dsc_t startup_civic_logo = {
    .header = {
        .magic = LV_IMAGE_HEADER_MAGIC,
        .cf = LV_COLOR_FORMAT_RGB565A8,
        .flags = 0,
        .w = 310,
        .h = 42,
        .stride = 620,
        .reserved_2 = 0,
    },
    .data_size = sizeof(startup_civic_logo_map),
    .data = startup_civic_logo_map,
    .reserved = NULL,
};
